rebalance_date,rank,ticker,score,z12,z6,r12,r6
1991-02-28,1,AMGN,2.8441540451288194,3.3392851492761193,2.349022940981519,1.1490139961242676,0.5365781784057617
1991-02-28,2,VTR,2.4884404471103307,3.144327363263372,1.8325535309572898,1.0866360664367676,0.41150742769241333
1991-02-28,3,UNH,2.41359808165763,3.15933899058006,1.6678571727351994,1.091439127922058,0.3716237545013428
1991-02-28,4,WM,2.03070796082188,4.015087068488449,0.04632885315531052,1.3652409315109253,-0.02105345018208027
1991-02-28,5,GEN,2.0292500252083245,2.2508978317769075,1.8076022186397418,0.8007778525352478,0.40546509623527527
1991-02-28,6,MSFT,1.9194480269385044,2.0990766317876277,1.739819422089381,0.7522017359733582,0.3890504837036133
1991-02-28,7,JKHY,1.7891419254813623,1.6211840786332874,1.9570997723294372,0.5992971062660217,0.44166815280914307
1991-02-28,8,GAP,1.7363497174506386,1.6629108213228505,1.8097886135784267,0.6126478314399719,0.40599456429481506
1991-02-28,9,EHC,1.6756548420872779,2.058078842185481,1.2932308419890746,0.7390842437744141,0.2809024155139923
1991-02-28,10,CAR,1.6675295845505473,1.9932364810704137,1.341822688030681,0.7183375358581543,0.2926696538925171
1991-02-28,11,J,1.5647267444028645,1.8026498055210298,1.3268036832846992,0.6573581695556641,0.28903257846832275
1991-02-28,12,SYK,1.528378284208127,1.4506295480867344,1.6061270203295197,0.5447271466255188,0.3566748797893524
1991-02-28,13,CAH,1.4996416617083779,1.73323830758637,1.266045015830386,0.6351495385169983,0.27431896328926086
1991-02-28,14,COST,1.4528291205177841,1.6505998413121368,1.2550583997234313,0.6087088584899902,0.27165839076042175
1991-02-28,15,SCI,1.4008340234735335,1.5979853748316046,1.2036826721154625,0.5918745398521423,0.2592169940471649
1991-02-28,16,HD,1.390387201175503,1.6763337668277607,1.104440635523245,0.6169425845146179,0.23518405854701996
1991-02-28,17,AAPL,1.314340211291301,1.3182376583977862,1.3104427641848155,0.5023675560951233,0.285070538520813
1991-02-28,18,LUV,1.2977083345793794,1.4770123219548938,1.1184043472038647,0.5531684756278992,0.2385655790567398
1991-02-28,19,PHM,1.2895686467954732,1.1108600989669515,1.468277194623995,0.4360158443450928,0.32329249382019043
1991-02-28,20,PTC,1.270332077271389,1.1241065346200019,1.416557619922776,0.4402541220188141,0.3107678294181824
1991-03-31,1,AMGN,2.7830584291915166,3.3081198281503195,2.2579970302327137,1.1549651622772217,0.7014003396034241
1991-03-31,2,JKHY,2.766206952952019,2.0210717849725106,3.511342120931528,0.762458086013794,0.9947899580001831
1991-03-31,3,CSCO,2.5762758049786285,2.403088315209932,2.749463294747325,0.8789604902267456,0.8164453506469727
1991-03-31,4,UNH,2.514632635584587,3.3547493976775975,1.6745158734915764,1.1691856384277344,0.5648159980773926
1991-03-31,5,VTR,2.5041238228493317,3.411789998764851,1.596457646933812,1.1865811347961426,0.5465437173843384
1991-03-31,6,GEN,2.327975019826054,2.469676857157889,2.1862731824942188,0.8992677927017212,0.6846108436584473
1991-03-31,7,J,2.2241867176727013,2.0185517008519445,2.4298217344934576,0.7616895437240601,0.7416219711303711
1991-03-31,8,WM,2.1631502945729295,4.066658503267836,0.25964208587802284,1.3862943649291992,0.23361489176750183
1991-03-31,9,TECH,1.7678551263465407,2.4746568279498877,1.0610534247431938,0.9007865190505981,0.4212134778499603
1991-03-31,10,MSFT,1.725726027924062,1.955757552662067,1.495694503186057,0.7425394058227539,0.5229565501213074
1991-03-31,11,PHM,1.6799193678804634,1.3207557699434258,2.0390829658175007,0.5488848686218262,0.650155782699585
1991-03-31,12,ADBE,1.572170436295587,1.0673848042613423,2.076956068329832,0.47161510586738586,0.6590213179588318
1991-03-31,13,CAH,1.5550759533185665,1.7775799438444995,1.3325719627926336,0.6882011294364929,0.4847719669342041
1991-03-31,14,COST,1.5501864895631536,1.6325011597374883,1.4678718193888187,0.6439568996429443,0.51644366979599
1991-03-31,15,MKC,1.4073474235988759,1.1780393448223994,1.6366555023753524,0.5053610801696777,0.5559534430503845
1991-03-31,16,LUV,1.3722476356733737,1.4581857645314078,1.2863095068153398,0.5907964706420898,0.4739426076412201
1991-03-31,17,GAP,1.3400126286891898,1.1323578851189826,1.5476673722593968,0.49142974615097046,0.5351226329803467
1991-03-31,18,SYK,1.3255986168277634,1.5875010257083615,1.063696207947165,0.6302333474159241,0.4218321144580841
1991-03-31,19,UHS,1.2763199263791365,0.8806977583037656,1.6719420944545071,0.41468173265457153,0.5642135143280029
1991-03-31,20,PFE,1.2568253949117394,1.5184115533736537,0.9952392364498253,0.6091633439064026,0.40580734610557556
1991-04-30,1,AMGN,3.4893156855903307,3.968588118572936,3.010043252607725,1.4471571445465088,1.076012372970581
1991-04-30,2,UNH,3.044163006372374,3.8073547452244356,2.280971267520312,1.3945610523223877,0.8895806670188904
1991-04-30,3,VTR,2.9650352201497396,3.855295588959914,2.0747748513395656,1.4101998805999756,0.8368539810180664
1991-04-30,4,TECH,2.5739605330223023,3.2231059520435434,1.924815114001061,1.2039726972579956,0.7985076308250427
1991-04-30,5,WM,2.503587782988205,3.7002618406836185,1.3069137252927912,1.3596261739730835,0.640503466129303
1991-04-30,6,JKHY,2.485251020613906,2.4974395632648325,2.4730624779629795,0.9672523736953735,0.9387004971504211
1991-04-30,7,EA,1.9788377996713145,1.9780598974641155,1.9796157018785134,0.797825038433075,0.8125207424163818
1991-04-30,8,GEN,1.9030259905209466,2.2320013276357944,1.5740506534060987,0.8806635141372681,0.7088133096694946
1991-04-30,9,CSCO,1.7976645147884103,1.7693629400526565,1.8259660895241643,0.7297458052635193,0.7732308506965637
1991-04-30,10,ADBE,1.7663690023280958,0.6319127215793636,2.900825283076828,0.3586970865726471,1.0480841398239136
1991-04-30,11,COST,1.7546656856591905,1.5792951890621143,1.9300361822562664,0.6677436232566833,0.7998427152633667
1991-04-30,12,AAPL,1.6652061348596656,1.1742972354578385,2.1561150342614925,0.5356288552284241,0.8576535582542419
1991-04-30,13,NOC,1.5722997015529474,1.7931873701599275,1.3514120329459671,0.7375175952911377,0.6518821716308594
1991-04-30,14,CAR,1.4750570404452796,1.5605660358414777,1.3895480450490816,0.6616339683532715,0.6616339683532715
1991-04-30,15,LUV,1.4443962792540674,1.2961137470703714,1.5926788114377635,0.575366735458374,0.7135767340660095
1991-04-30,16,KR,1.4414605023824771,1.5647360282787857,1.3181849764861686,0.6629942655563354,0.643385648727417
1991-04-30,17,MKC,1.420701924321417,1.460720827384188,1.3806830212586456,0.6290633678436279,0.6593670845031738
1991-04-30,18,EHC,1.4088637213685589,1.7334029220166907,1.084324520720427,0.7180152535438538,0.5835849642753601
1991-04-30,19,CAH,1.4056864057044858,1.7600653296253315,1.05130748178364,0.7267128229141235,0.5751421451568604
1991-04-30,20,UHS,1.3950450784676303,1.0619840748512128,1.728106082084048,0.49899107217788696,0.7482069730758667
1991-05-31,1,VTR,3.121618122466188,3.6958105223067044,2.5474257226256722,1.3694872856140137,1.0094845294952393
1991-05-31,2,AMGN,3.088517584796869,3.7177418869635317,2.4592932826302065,1.3764806985855103,0.9867639541625977
1991-05-31,3,UNH,2.613924791881227,3.47821841216125,1.7496311716012038,1.3001021146774292,0.8038128018379211
1991-05-31,4,JKHY,2.478279168403998,2.622241343160941,2.3343169936470556,1.0271505117416382,0.9545450210571289
1991-05-31,5,TECH,2.3411503012628065,2.99223260532673,1.6900679971988828,1.145132303237915,0.7884573936462402
1991-05-31,6,WM,2.2437126248210006,4.117885644616598,0.36953960502540345,1.504077434539795,0.4480246901512146
1991-05-31,7,GEN,1.96742247207664,1.9741428814018276,1.9607020627514522,0.8204866647720337,0.8582269549369812
1991-05-31,8,CSCO,1.8170059273746344,2.280915625098766,1.3530962296505027,0.9183095097541809,0.7015859484672546
1991-05-31,9,AMD,1.7762780942897503,0.45627234843733555,3.096283840142165,0.3364723026752472,1.1509803533554077
1991-05-31,10,PHM,1.7353324521266977,1.433766804225466,2.0368981000279294,0.6481730341911316,0.8778703212738037
1991-05-31,11,KBH,1.6489992634878168,0.6538802432111427,2.6441182837644908,0.3994849622249603,1.034411907196045
1991-05-31,12,GAP,1.5713564905110455,1.235390292972763,1.9073226880493281,0.584915280342102,0.8444657325744629
1991-05-31,13,COST,1.5493849605658974,1.6598553788768107,1.438914542254984,0.7202675342559814,0.7237099409103394
1991-05-31,14,CAR,1.518384060135685,1.7456809790674714,1.291087141203899,0.7476353645324707,0.6855999827384949
1991-05-31,15,J,1.5088411168823461,1.5952357054649142,1.422446528299778,0.6996617913246155,0.7194644808769226
1991-05-31,16,STZ,1.498824147419495,1.4062635308576923,1.5913847639812977,0.6394028663635254,0.7630168199539185
1991-05-31,17,EA,1.4614562352594285,0.5030788863419762,2.4198335841768808,0.351397842168808,0.9765912294387817
1991-05-31,18,RJF,1.4366247660673166,1.209599210010312,1.6636503221243213,0.5766910910606384,0.7816469073295593
1991-05-31,19,KR,1.3105983235577705,1.322444146782788,1.2987525003327531,0.6126747727394104,0.6875761151313782
1991-05-31,20,HAS,1.2958681431946706,0.9478204375847807,1.6439158488045604,0.49321579933166504,0.7765593528747559
1991-06-30,1,VTR,3.447922095705365,4.060868963608601,2.834975227802129,1.426034688949585,0.9939013719558716
1991-06-30,2,UNH,2.8259949424082667,3.2746395637924937,2.37735032102404,1.17795729637146,0.8842748403549194
1991-06-30,3,WM,2.7720069812819292,4.437586001398958,1.1064279611649008,1.5448994636535645,0.5798184871673584
1991-06-30,4,JKHY,2.7583949310222247,2.4302427048813984,3.0865471571630514,0.9115264415740967,1.0541667938232422
1991-06-30,5,AMGN,2.649081192715501,3.4995915198503327,1.7985708655806694,1.2489359378814697,0.7456250786781311
1991-06-30,6,GAP,1.8781006404857812,1.8476436155396945,1.908557665431868,0.7277001142501831,0.7719730138778687
1991-06-30,7,AMD,1.8637577499291273,0.3378387557556035,3.389676744102651,0.2513144016265869,1.1267831325531006
1991-06-30,8,BBY,1.7377635539167549,0.8139338924380584,2.661593215395451,0.4015357494354248,0.9523667693138123
1991-06-30,9,PHM,1.7253378385113505,1.4705134437111436,1.9801622333115574,0.6087049841880798,0.7891262769699097
1991-06-30,10,TECH,1.7170744165110183,2.0402011026109035,1.393947730411133,0.7884573936462402,0.6486954092979431
1991-06-30,11,CAR,1.6756275506636902,1.7178840135096163,1.6333710878177643,0.6867573261260986,0.7060505747795105
1991-06-30,12,COST,1.6572994370507383,2.0074318471899906,1.3071670269114861,0.7781177759170532,0.6279066205024719
1991-06-30,13,CSCO,1.6548890478693474,2.5767668214764408,0.733011274262254,0.957758903503418,0.4903644919395447
1991-06-30,14,EA,1.5839433395699005,0.4110747452386434,2.7568119339011576,0.27442240715026855,0.9751769304275513
1991-06-30,15,RJF,1.5400902636411415,1.2092897547737005,1.8708907725085828,0.5262815952301025,0.7629497051239014
1991-06-30,16,GEN,1.5021618164190857,1.4955576404407394,1.5087659923974321,0.616607129573822,0.6762007474899292
1991-06-30,17,KBH,1.4520787175363137,0.6260954275013383,2.278062007571289,0.3422674536705017,0.8604897856712341
1991-06-30,18,STZ,1.4202166042332252,1.2609260313188373,1.579507177147613,0.5425742864608765,0.6931471824645996
1991-06-30,19,J,1.4027669247897472,1.4897611073076862,1.315772742271808,0.6147781610488892,0.6299681663513184
1991-06-30,20,UHS,1.3912879572342307,0.9889504676434445,1.7936254468250168,0.45675837993621826,0.7444403767585754
1991-07-31,1,VTR,3.5629735467767434,4.143118192018831,2.982828901534655,1.3627638816833496,0.9192712903022766
1991-07-31,2,BBY,3.3436174003655275,1.7267902732605223,4.960444527470533,0.6279066205024719,1.3751211166381836
1991-07-31,3,WM,3.2934942282704363,3.8396165653174172,2.7473718912234553,1.2704625129699707,0.8649973273277283
1991-07-31,4,JKHY,2.9595551443952397,2.5759470824568256,3.3431632063336534,0.8861534595489502,1.0023300647735596
1991-07-31,5,TECH,2.551694077648708,2.7676738907953196,2.335714264502096,0.9444617033004761,0.7701082825660706
1991-07-31,6,AMGN,2.5371058395187163,3.3096007634767437,1.7646109155606893,1.1092733144760132,0.6384662389755249
1991-07-31,7,UNH,2.3320853702314763,2.8140140594814125,1.8501566809815402,0.958554744720459,0.6581849455833435
1991-07-31,8,NVR,1.8646064136518277,-1.7906835516576747,5.51989637896133,-0.4418327808380127,1.504077434539795
1991-07-31,9,SCHW,1.8382508881034947,1.2873996620378938,2.389102114169096,0.4942784905433655,0.782414436340332
1991-07-31,10,GAP,1.8379400022222212,2.0908961904071655,1.584983814037277,0.7386390566825867,0.5970613360404968
1991-07-31,11,STZ,1.7245929625567689,1.591176850091236,1.858009075022302,0.5866636633872986,0.6599949598312378
1991-07-31,12,AMD,1.6664662427133006,0.43029616126551407,2.902636324161087,0.23361489176750183,0.9007865190505981
1991-07-31,13,J,1.628581540081945,1.7983256866377948,1.4588373935260954,0.6496620774269104,0.5679839849472046
1991-07-31,14,COST,1.554479715425046,1.8135046877645002,1.2954547430855916,0.6542783379554749,0.5303235054016113
1991-07-31,15,HD,1.4794370899628062,1.5278300774286997,1.4310441024969127,0.5673985481262207,0.5615774989128113
1991-07-31,16,RJF,1.456432806863407,1.3767930581346948,1.536072555592119,0.5214649438858032,0.5857870578765869
1991-07-31,17,CAR,1.417181738754561,1.662668949770944,1.1716945277381783,0.6084059476852417,0.5017961859703064
1991-07-31,18,CSCO,1.3650245635014535,2.4035671896903494,0.3264819373125575,0.8337290287017822,0.30697065591812134
1991-07-31,19,SYK,1.30121848755374,1.5686686225657303,1.0337683525417496,0.5798184275627136,0.47000354528427124
1991-07-31,20,HAS,1.2816888624777083,1.0557674149610399,1.5076103099943767,0.4238341450691223,0.5792263746261597
1991-08-31,1,JKHY,3.1604596569402394,3.3176467093319673,3.003272604548512,1.2378239631652832,0.7961558103561401
1991-08-31,2,WM,2.949132065909493,2.272884824936986,3.625379306882,0.8994836211204529,0.920536994934082
1991-08-31,3,AMGN,2.904038539600009,3.303088460352397,2.5049886188476216,1.2331093549728394,0.6965311765670776
1991-08-31,4,VTR,2.7456888903222203,2.9434140521449734,2.547963728499467,1.1166307926177979,0.7051234245300293
1991-08-31,5,TECH,2.583314837921978,2.111740075337373,3.0548896005065833,0.8472977876663208,0.8064758777618408
1991-08-31,6,BBY,2.36445541729901,1.0926048540270523,3.636305980570967,0.517256498336792,0.9227216243743896
1991-08-31,7,UNH,2.27280078950007,2.5062498860564313,2.039351692943709,0.9750576019287109,0.6034338474273682
1991-08-31,8,BIGGQ,1.9254333761150797,0.8704444064645783,2.980422345765581,0.4453110694885254,0.791587233543396
1991-08-31,9,GAP,1.9095409256208633,2.294546059385463,1.5245357918562634,0.9064984917640686,0.5005038976669312
1991-08-31,10,ROST,1.7754455344368314,0.4960014683670795,3.0548896005065833,0.32404980063438416,0.8064758777618408
1991-08-31,11,CSCO,1.7297550904381298,2.967467243453782,0.49204293742247746,1.1244202852249146,0.2940719723701477
1991-08-31,12,HD,1.729700315289604,1.8311386516125288,1.628261978966679,0.7564265727996826,0.5212424397468567
1991-08-31,13,SCHW,1.72220575900438,1.6945129322578196,1.7498985857509406,0.7121810913085938,0.5455619096755981
1991-08-31,14,STZ,1.6699583577383452,1.1252338254182157,2.2146828900584747,0.5278232097625732,0.63848876953125
1991-08-31,15,LRCX,1.5931972734311897,1.7522765922270518,1.4341179546353273,0.7308875322341919,0.48242616653442383
1991-08-31,16,FICO,1.5271648336198251,1.4387857616726503,1.6155439055669998,0.6293652653694153,0.5186996459960938
1991-08-31,17,GT,1.5161393569455215,0.798676866095594,2.233601847795449,0.4220695495605469,0.6422713398933411
1991-08-31,18,RJF,1.4842331765174988,1.2096966271290146,1.758769725905983,0.5551760196685791,0.5473355650901794
1991-08-31,19,COST,1.4749905948605848,1.7063216087892144,1.2436595809319553,0.716005265712738,0.4443467855453491
1991-08-31,20,MTB,1.4130472562139489,1.0544469211027745,1.7716475913251233,0.504899263381958,0.549910306930542
1991-09-30,1,JKHY,3.727566559747518,4.386025074791187,3.069108044703849,1.7903038263320923,0.7955138683319092
1991-09-30,2,TECH,3.3381756259088977,3.0404166386605604,3.6359346131572354,1.3375041484832764,0.9162907600402832
1991-09-30,3,BBY,3.3202267204258296,2.3152103893316873,4.325243051519972,1.0934709310531616,1.063165545463562
1991-09-30,4,WM,2.9295007627193375,2.3821730572116446,3.4768284682270303,1.1160039901733398,0.8823891282081604
1991-09-30,5,GAP,2.51746800312457,2.6112938488311235,2.423642157418017,1.193103551864624,0.6579808592796326
1991-09-30,6,AMGN,2.3890550831223845,2.814275886096034,1.9638342801487343,1.2614073753356934,0.5600070357322693
1991-09-30,7,CSCO,2.264023609009807,2.9266582885498713,1.6013889294697423,1.2992242574691772,0.48277878761291504
1991-09-30,8,ROST,2.172834939429994,1.1695741935317256,3.176095685328263,0.7079622745513916,0.8183103203773499
1991-09-30,9,UNH,2.0973043108707907,2.339521513932986,1.8550871078085958,1.101651668548584,0.5368356704711914
1991-09-30,10,VTR,2.0935334356932036,2.3033497488704633,1.8837171225159437,1.0894798040390015,0.5429360270500183
1991-09-30,11,HOG,1.9326841098932506,1.4773732238308301,2.387994995955671,0.8115372061729431,0.650385320186615
1991-09-30,12,LRCX,1.8746444087887957,1.5084066179384596,2.2408821996391315,0.8219799995422363,0.6190391778945923
1991-09-30,13,COST,1.8410837662202186,2.052826665350615,1.6293408670898222,1.0051783323287964,0.4887346625328064
1991-09-30,14,STZ,1.790014766961924,1.4386529089631095,2.1413766249607384,0.7985077500343323,0.597836971282959
1991-09-30,15,BIGGQ,1.7556032114456117,0.6291041503353001,2.8821022725559233,0.5260931253433228,0.755667507648468
1991-09-30,16,EA,1.6974245912006274,1.4112731801899134,1.9835760022113413,0.789294421672821,0.5642135143280029
1991-09-30,17,HD,1.6867256955357381,1.657420438411762,1.7160309526597144,0.8721234202384949,0.5072062015533447
1991-09-30,18,SYK,1.5596613130126067,1.6624537711379586,1.4568688548872548,0.8738171458244324,0.45198509097099304
1991-09-30,19,J,1.5417146601460519,2.2304209804526485,0.8530083398394553,1.0649391412734985,0.32331717014312744
1991-09-30,20,GT,1.5024493297625288,0.7378959458179686,2.267002713707089,0.5627017617225647,0.6246048212051392
1991-10-31,1,BBY,4.501711395651318,3.4180933830544906,5.585329408248146,1.6094379425048828,1.2873543500900269
1991-10-31,2,JKHY,3.2495013272798112,3.5561749363920443,2.942827718167578,1.6585333347320557,0.7198328375816345
1991-10-31,3,TECH,2.8099680769477446,2.979328838619563,2.6406073152759264,1.453433632850647,0.6549259424209595
1991-10-31,4,WM,2.4692544265378458,2.445677608687508,2.4928312443881837,1.263692021369934,0.6231885552406311
1991-10-31,5,GAP,2.451262557463692,2.6217086058874433,2.2808165090399406,1.3262804746627808,0.5776548385620117
1991-10-31,6,HOG,2.3989529409832855,1.969265370571102,2.828640511395469,1.0943019390106201,0.6953092217445374
1991-10-31,7,CSCO,2.2704591725503285,2.5286803662267054,2.012237978873952,1.2932039499282837,0.51997309923172
1991-10-31,8,PVH,2.1091260372949296,1.9384127556856,2.279839318904259,1.0833321809768677,0.5774449706077576
1991-10-31,9,GT,2.092692892481643,1.6794433743183932,2.505942410644893,0.9912546873092651,0.6260043978691101
1991-10-31,10,VTR,2.048118501064847,2.4727824863261847,1.6234545158035096,1.273329257965088,0.43647533655166626
1991-10-31,11,ROST,2.0433499965126973,1.9578525081733613,2.1288474848520336,1.0902440547943115,0.5450169444084167
1991-10-31,12,J,1.8125115106897938,2.0069566503898217,1.6180663709897658,1.1077032089233398,0.43531814217567444
1991-10-31,13,BIGGQ,1.7501354415913832,1.1722780988761834,2.3279927843065833,0.8109302520751953,0.5877867341041565
1991-10-31,14,UNH,1.685966868760214,2.2924810535105022,1.079452684009926,1.209222435951233,0.3196418285369873
1991-10-31,15,SCHW,1.6807637714053842,1.7504311102099572,1.6110964326008113,1.016494631767273,0.4338212311267853
1991-10-31,16,AMGN,1.6259929509166353,2.5742017279619005,0.6777841738713704,1.3093892335891724,0.23337678611278534
1991-10-31,17,HD,1.6055680444550258,1.6835506971974625,1.5275853917125892,0.992715060710907,0.4158858358860016
1991-10-31,18,EA,1.4703986970177965,1.9950103607278387,0.9457870333077543,1.103455662727356,0.29093489050865173
1991-10-31,19,STZ,1.4160154477011744,1.3870782945966225,1.4449526008057263,0.8873032331466675,0.3981390595436096
1991-10-31,20,COST,1.375812713536793,1.9015439127488325,0.8500815143247534,1.070223331451416,0.27038052678108215
1991-11-30,1,BBY,3.985916695465132,3.5882738321509917,4.383559558779273,1.8078888654708862,1.090644121170044
1991-11-30,2,JKHY,3.0687969019315426,3.2956688606603883,2.8419249432026974,1.6973674297332764,0.7428224682807922
1991-11-30,3,TECH,2.9065777465521165,2.8990612896491044,2.9140942034551283,1.547562599182129,0.7591052055358887
1991-11-30,4,GT,2.716382677387301,2.0598169028331643,3.3729484519414377,1.2305669784545898,0.8626313209533691
1991-11-30,5,VTR,2.4498768252754557,2.9238344688049893,1.9759191817459218,1.556919813156128,0.5474353432655334
1991-11-30,6,SCHW,2.2708916229981417,1.724451102521599,2.817332143474685,1.1038941144943237,0.7372738718986511
1991-11-30,7,BIGGQ,2.2260288911039368,1.9299118858069186,2.522145896400955,1.1814998388290405,0.6706743240356445
1991-11-30,8,ROST,2.1195465198603265,2.03317028632577,2.205922753394883,1.2205021381378174,0.5993284583091736
1991-11-30,9,EA,2.1158094592321928,2.619464335995392,1.6121545824689931,1.441954493522644,0.4653632342815399
1991-11-30,10,GAP,2.0930879913191793,2.3834784537881415,1.8026975288502172,1.3528189659118652,0.5083532929420471
1991-11-30,11,LRCX,2.0692868218581966,2.44747641188522,1.6910972318311726,1.3769919872283936,0.4831741750240326
1991-11-30,12,WM,1.9676701945126904,1.632594285183443,2.302746103841938,1.0691983699798584,0.621173620223999
1991-11-30,13,UNH,1.9614247288731157,2.2176262263677744,1.7052232313784568,1.2901740074157715,0.4863612651824951
1991-11-30,14,PTC,1.8871141917360128,1.7104675464681451,2.0637608370038807,1.0986123085021973,0.5672540664672852
1991-11-30,15,CSCO,1.85270362362748,1.9668766100186383,1.7385306372363218,1.1954619884490967,0.49387603998184204
1991-11-30,16,ORCL,1.7783186752131295,1.6481707048341112,1.908466645592148,1.0750818252563477,0.5322167873382568
1991-11-30,17,AMGN,1.723524591633172,2.3429328636414115,1.1041163196249328,1.337504267692566,0.3507402837276459
1991-11-30,18,TER,1.6865507327995921,2.118580850647658,1.2545206149515258,1.252763032913208,0.3846743106842041
1991-11-30,19,PVH,1.643719418369212,1.738000384687641,1.5494384520507833,1.1090118885040283,0.4512133002281189
1991-11-30,20,XRAY,1.6084637146271374,1.4915417478248787,1.725385681429396,1.015920639038086,0.49091029167175293
1991-12-31,1,BBY,3.427512701884056,3.813305733089775,3.041719670678337,1.64944326877594,0.6970764398574829
1991-12-31,2,JKHY,3.28831707474915,3.8837051933103846,2.6929289561879157,1.673734426498413,0.6195676326751709
1991-12-31,3,TECH,2.8446307081270596,2.821308659298974,2.867952756955146,1.3071571588516235,0.6584616899490356
1991-12-31,4,EA,2.4859092530289577,3.115790041206234,1.8560284648516814,1.4087672233581543,0.4335903227329254
1991-12-31,5,GT,2.439660237459514,2.2500652125336345,2.6292552623853944,1.1100510358810425,0.6054179668426514
1991-12-31,6,WM,2.2864342898101904,2.262555244314207,2.3103133353061738,1.1143606901168823,0.5345422029495239
1991-12-31,7,GAP,2.2228275892652154,2.5514570175343616,1.894198160996069,1.214045524597168,0.44207245111465454
1991-12-31,8,PTC,2.137267636224591,2.0879601330996094,2.1865751393495723,1.0541170835494995,0.5070449113845825
1991-12-31,9,BIGGQ,1.99012619620366,1.8299196419347548,2.150332750472565,0.9650808572769165,0.49899107217788696
1991-12-31,10,SCHW,1.8040831303347795,1.997938070117294,1.610228190552265,1.0230551958084106,0.378968209028244
1991-12-31,11,CSCO,1.7643822799705124,1.6958464819960881,1.8329180779449368,0.9188192486763,0.4284546971321106
1991-12-31,12,XRAY,1.7525557216159404,1.7551456303088115,1.749965812923069,0.9392802715301514,0.4100209176540375
1991-12-31,13,AMGN,1.7253079772001922,2.1152141895015304,1.3354017648988543,1.0635210275650024,0.3178958594799042
1991-12-31,14,VTR,1.7249618214019105,2.552612324744868,0.8973113180589525,1.2144441604614258,0.22054272890090942
1991-12-31,15,GEN,1.6572156603454224,1.9394817363799386,1.3749495843109063,1.0028849840164185,0.32668423652648926
1991-12-31,16,SYK,1.6518185817952746,1.6933852354148533,1.610251928175696,0.9179700016975403,0.37897348403930664
1991-12-31,17,ORCL,1.5724886136720013,0.5950627584472986,2.549914468896704,0.5389965772628784,0.5877867341041565
1991-12-31,18,LRCX,1.568323403051783,1.6457932462334774,1.4908535598700887,0.9015485048294067,0.35244059562683105
1991-12-31,19,HD,1.5314687121878359,1.7274065107120489,1.3355309136636229,0.9297089576721191,0.3179245591163635
1991-12-31,20,UNH,1.5071509911226064,2.1887088642254082,0.8255931180198048,1.088880181312561,0.20460540056228638
1992-01-31,1,JKHY,2.8572098527629435,3.5646625375604772,2.1497571679654097,1.6737343072891235,0.671404242515564
1992-01-31,2,EA,2.7659400147019726,2.8192737726985917,2.712606256705354,1.4059902429580688,0.8035457134246826
1992-01-31,3,PTC,2.761795584456495,2.268441099808571,3.2551500691044195,1.2081308364868164,0.9309200644493103
1992-01-31,4,TECH,2.409238764375697,2.8195707998332984,1.9989067289180957,1.4060969352722168,0.635988712310791
1992-01-31,5,SCHW,2.3483681409797286,2.79217029556202,1.9045659863974376,1.3962546586990356,0.6138401031494141
1992-01-31,6,GEN,2.332457597029566,2.251656577643437,2.413258616415695,1.2021018266677856,0.7332671284675598
1992-01-31,7,AMGN,2.2979697453948544,2.5099812426348547,2.0859582481548546,1.2948921918869019,0.6564260125160217
1992-01-31,8,CSCO,2.2566131808180367,1.9191896254685958,2.594036736167478,1.0826795101165771,0.7757088541984558
1992-01-31,9,SYK,2.1969158752655327,2.1464767801895714,2.247354970341494,1.1643211841583252,0.6943175196647644
1992-01-31,10,VTR,2.0675187996048625,2.800563718203214,1.3344738810065109,1.3992695808410645,0.4799981713294983
1992-01-31,11,GAP,1.9849512455114118,2.1928269519073544,1.777075539115469,1.1809701919555664,0.5839088559150696
1992-01-31,12,XRAY,1.963770337501063,1.5864918550008065,2.341048820001319,0.9631742835044861,0.7163142561912537
1992-01-31,13,UNH,1.7988964459926675,2.148654204805003,1.4491386871803322,1.1651033163070679,0.5069183111190796
1992-01-31,14,FMCC,1.7352673215544745,1.8561531662581634,1.6143814768507856,1.0600367784500122,0.5457127690315247
1992-01-31,15,PHM,1.7186828774046117,1.4852912255303305,1.9520745292788928,0.9268229603767395,0.6249938011169434
1992-01-31,16,AMD,1.6800956943298595,2.463179058674088,0.8970123299856311,1.2780808210372925,0.37729424238204956
1992-01-31,17,GT,1.5897950846050157,1.844608269124036,1.3349819000859955,1.0558898448944092,0.48011744022369385
1992-01-31,18,EHC,1.5241289002058869,0.9838023928146538,2.06445540759712,0.7466878890991211,0.6513777375221252
1992-01-31,19,BIGGQ,1.4298060661547094,1.6982060834812744,1.1614060488281444,1.0033020973205566,0.4393666088581085
1992-01-31,20,NKE,1.421967043363689,0.5709763257458922,2.2729577609814857,0.5984005331993103,0.7003283500671387
1992-02-29,1,JKHY,3.732477366191162,4.1697900932668945,3.2951646391154292,1.753777027130127,0.9576212167739868
1992-02-29,2,EA,2.3533366057658656,2.337614717344421,2.3690584941873105,1.1335142850875854,0.7313684225082397
1992-02-29,3,PTC,2.3117230583609008,1.8226107958495306,2.800835320872271,0.9591653943061829,0.8368538618087769
1992-02-29,4,TECH,2.27267301755794,2.963711200253026,1.5816348348628542,1.3454723358154297,0.5389965176582336
1992-02-29,5,UIS,2.2235643755117103,2.2345188230783988,2.2126099279450213,1.0986123085021973,0.6931471824645996
1992-02-29,6,XRAY,2.191211052785582,2.2721483543936567,2.110273751177508,1.1113513708114624,0.6681458950042725
1992-02-29,7,BIGGQ,2.0622132537303055,2.761733688231851,1.3626928192287597,1.277095079421997,0.4855077862739563
1992-02-29,8,SCHW,1.9473651257545763,2.243342464523031,1.6513877869861218,1.1015994548797607,0.5560375452041626
1992-02-29,9,VTR,1.9441785283498354,2.514434393025436,1.373922663674235,1.1933746337890625,0.48825129866600037
1992-02-29,10,CSCO,1.9042003345741567,1.77566904449181,2.0327316246565035,0.9432737827301025,0.6492019295692444
1992-02-29,11,ROST,1.885078834190828,2.6387826640074508,1.131375004374205,1.2354713678359985,0.4289955794811249
1992-02-29,12,LEN,1.8580745614003504,1.6863200793573114,2.0298290434433897,0.9130256772041321,0.6484928131103516
1992-02-29,13,PHM,1.855762046979871,1.5021963737191857,2.209327720240556,0.850692629814148,0.6923453211784363
1992-02-29,14,UNH,1.8524324251827586,2.2630504046768016,1.4418144456887154,1.1082713603973389,0.5048376321792603
1992-02-29,15,GT,1.7665880953392679,2.257719880126205,1.2754563105523307,1.1064667701721191,0.4641954302787781
1992-02-29,16,GEN,1.7391328434914144,1.6350577086155365,1.8432079783672923,0.8956713676452637,0.6029002666473389
1992-02-29,17,ORCL,1.693030783178334,1.1177607249014962,2.2683008414551717,0.7205461859703064,0.7067527770996094
1992-02-29,18,AMD,1.6774947556980444,1.8157323134495207,1.5392571979465683,0.9568367600440979,0.5286434292793274
1992-02-29,19,JEF,1.6226072336344801,1.2641603526632703,1.9810541146056897,0.770108163356781,0.6365768313407898
1992-02-29,20,RJF,1.6120183599757307,1.9652572596581712,1.2587794602932902,1.0074567794799805,0.46012118458747864
1992-03-31,1,BIGGQ,2.5487658285302475,3.130862056608321,1.9666696004521735,1.3281867504119873,0.5725191831588745
1992-03-31,2,JKHY,2.4829793897977206,3.1496444452884944,1.8163143343069466,1.3345215320587158,0.5390076637268066
1992-03-31,3,LEN,2.2556740187355895,1.8502108277576148,2.661137209713564,0.8962584137916565,0.727303683757782
1992-03-31,4,CSCO,2.1930234577956127,2.3605996192742644,2.025447296316961,1.0683984756469727,0.5856196880340576
1992-03-31,5,GT,2.1742259549622522,2.598831634160308,1.7496202757641963,1.1487475633621216,0.5241427421569824
1992-03-31,6,EA,2.1428866855452138,2.4660803689207227,1.819693002169705,1.1039742231369019,0.5397607088088989
1992-03-31,7,SCHW,2.067905860266589,2.1941390207037514,1.9416726998294274,1.0122559070587158,0.5669478178024292
1992-03-31,8,JEF,2.0498195242895543,1.61337370743172,2.4862653411473885,0.8163797855377197,0.6883278489112854
1992-03-31,9,PHM,1.8463305634209397,1.2456545477325387,2.4470065791093405,0.6923582553863525,0.6795777678489685
1992-03-31,10,VTR,1.837528902853435,2.185095268743654,1.489962536963216,1.00920569896698,0.4662696421146393
1992-03-31,11,XRAY,1.773953779007067,1.889086908505305,1.6588206495088291,0.9093702435493469,0.5039051175117493
1992-03-31,12,ORCL,1.7699089682074558,1.560383796168743,1.9794341402461686,0.7985077500343323,0.5753641724586487
1992-03-31,13,UNH,1.7322667631396356,2.0904382505340218,1.3740952757452496,0.9772804975509644,0.4404448866844177
1992-03-31,14,FICO,1.6439977518633713,1.7722384662594541,1.5157570374672886,0.8699604868888855,0.4720187783241272
1992-03-31,15,PTC,1.6321487081644137,1.852709196489,1.4115882198398277,0.8971010446548462,0.4488013982772827
1992-03-31,16,UIS,1.619960266866745,1.530584868505168,1.7093356652283218,0.7884573936462402,0.5151640176773071
1992-03-31,17,RJF,1.4290577724903064,1.5817007823127012,1.2764147626679117,0.8056973814964294,0.41867363452911377
1992-03-31,18,TECH,1.409904824127031,2.511317508175697,0.308492140078365,1.1192314624786377,0.20294086635112762
1992-03-31,19,AMD,1.3919921079901325,1.6123821005171128,1.1716021154631522,0.816045343875885,0.39531275629997253
1992-03-31,20,NDSN,1.383384721248913,1.172290834446662,1.5944786080511637,0.6676146984100342,0.4895644187927246
1992-04-30,1,JKHY,3.079441682532463,3.6403779075737015,2.5185054574912247,1.408778429031372,0.688945472240448
1992-04-30,2,CSCO,2.6549342515508836,2.9364901324303148,2.3733783706714524,1.1758488416671753,0.6558757424354553
1992-04-30,3,BIGGQ,2.3414496004043137,2.802177038520214,1.8807221622884138,1.1314021348953247,0.543615460395813
1992-04-30,4,LEN,2.339250474491201,2.358283981671721,2.320216967310681,0.9845096468925476,0.6437619924545288
1992-04-30,5,EA,2.220048256869249,2.171920358099176,2.2681761556393214,0.9228384494781494,0.6319035887718201
1992-04-30,6,UIS,2.111579082821227,1.5163143083706687,2.7068438572717857,0.70588618516922,0.7318616509437561
1992-04-30,7,SCHW,2.002664651351112,2.250335226096763,1.7549940766054613,0.9487873911857605,0.5149661302566528
1992-04-30,8,PTC,1.9620384743419683,1.9971311639353728,1.9269457847485638,0.8649974465370178,0.5541483163833618
1992-04-30,9,GT,1.8687085367241714,2.4850128163363525,1.2524042571119902,1.0264465808868408,0.40044230222702026
1992-04-30,10,FICO,1.8482996809396042,1.6127014229665155,2.083897938912693,0.7377824783325195,0.5899125933647156
1992-04-30,11,XRAY,1.845480543489197,2.1212457553936788,1.569715331584715,0.906069278717041,0.47274714708328247
1992-04-30,12,TYL,1.7783735139021015,1.2148796745129193,2.3418673532912835,0.6061358451843262,0.6486954092979431
1992-04-30,13,AMD,1.6330724576602749,0.9697269194565828,2.2964179958639668,0.5250102281570435,0.6383389830589294
1992-04-30,14,PHM,1.6162610958173549,1.2856566078843361,1.9468655837503737,0.6295572519302368,0.5586873888969421
1992-04-30,15,NDSN,1.4733763346745574,1.6391669880263349,1.3075856813227802,0.7465404272079468,0.41301634907722473
1992-04-30,16,FHN,1.46720583227227,1.6777116751684604,1.25669998937608,0.7592955827713013,0.4014211595058441
1992-04-30,17,RJF,1.4243918622594316,1.4602464106171487,1.3885373139017145,0.687332272529602,0.4314625859260559
1992-04-30,18,CMI,1.4148016948721176,0.9993198859764701,1.830283503767765,0.5348030924797058,0.5321221351623535
1992-04-30,19,LPX,1.3554401669467944,1.5902303509194204,1.120649982974168,0.7303463816642761,0.37041980028152466
1992-04-30,20,JEF,1.3496072473463228,1.1347996088825314,1.5644148858101141,0.5796358585357666,0.47153934836387634
1992-05-31,1,UIS,3.1435058767786,2.352637185699095,3.934374567858106,0.9102116823196411,0.8803586959838867
1992-05-31,2,JKHY,2.6942718480089525,3.4140981484578146,1.97444554756009,1.2310972213745117,0.48827478289604187
1992-05-31,3,PTC,2.526096052156093,2.9306646520377644,2.121527452274422,1.0849525928497314,0.5176985263824463
1992-05-31,4,GT,2.429634108351654,3.441822179127343,1.4174460375759652,1.239478349685669,0.3768469989299774
1992-05-31,5,TYL,2.061564601391214,1.3467812291234906,2.7763479736589374,0.6061358451843262,0.6486954092979431
1992-05-31,6,CSCO,1.931483948936008,2.3110191986586996,1.5519486992133167,0.8976303339004517,0.40375426411628723
1992-05-31,7,AZO,1.778095917098677,1.986974627061025,1.5692172071363293,0.7996698617935181,0.4072088301181793
1992-05-31,8,LEN,1.6837710723857167,1.7151516778222615,1.6523904669491716,0.7174962759017944,0.42384764552116394
1992-05-31,9,AOS,1.6593578082973532,1.06119248199205,2.2575231346026565,0.5198007822036743,0.5449044704437256
1992-05-31,10,LPX,1.6562382403054416,1.3376407692921202,1.9748357113187631,0.6033726334571838,0.48835283517837524
1992-05-31,11,BIGGQ,1.5113514907090733,2.328344056074146,0.6943589253440002,0.9028677344322205,0.23219338059425354
1992-05-31,12,EA,1.4977221802762868,1.9087922375255846,1.086652123026989,0.7760348916053772,0.3106716573238373
1992-05-31,13,HON,1.4937561471544751,1.7044719360843894,1.283040358224561,0.7142677307128906,0.349959135055542
1992-05-31,14,USB,1.426591168718744,1.3078634426351055,1.5453188948023826,0.5943707823753357,0.4024279713630676
1992-05-31,15,JEF,1.4151790254132488,1.4075040962579406,1.422853954568557,0.6244927048683167,0.37792885303497314
1992-05-31,16,F,1.40977329351802,0.6051461566107783,2.2144004304252616,0.3819354474544525,0.5362777709960938
1992-05-31,17,LEG,1.4028291116534648,1.123717060162956,1.6819411631439736,0.5387023091316223,0.42975926399230957
1992-05-31,18,PVH,1.3651559152956294,1.7750426978498164,0.9552691327414423,0.7356016635894775,0.2843884825706482
1992-05-31,19,HPQ,1.363833721891035,0.856338646947807,1.871328796834263,0.45787233114242554,0.4676462709903717
1992-05-31,20,JPM,1.3357370305252516,1.2679487803532947,1.4035252806972083,0.5823043584823608,0.3740621507167816
1992-06-30,1,JKHY,3.176975536291339,3.7708640948326866,2.583086977749992,1.2802238464355469,0.6606560945510864
1992-06-30,2,UIS,3.0839119344987926,2.389697074359932,3.7781267946376538,0.8700779676437378,0.9028677344322205
1992-06-30,3,CSCO,2.663054363184199,2.971409728989736,2.3546989973786614,1.0428210496902466,0.6143662333488464
1992-06-30,4,PTC,2.6482087545258084,3.1166598551126454,2.179757653938972,1.085953950881958,0.5789089798927307
1992-06-30,5,GT,2.05921255903522,2.8356889264180065,1.2827361916524331,1.0025179386138916,0.39709994196891785
1992-06-30,6,BIGGQ,1.8483251914862104,2.451584687691621,1.2450656952808001,0.888455867767334,0.3894648551940918
1992-06-30,7,JPM,1.774535474060207,1.4091757258256337,2.1398952222947805,0.578906238079071,0.5708296298980713
1992-06-30,8,WDC,1.7549581456123078,0.043200756563439524,3.466715534661176,0.17327173054218292,0.8397506475448608
1992-06-30,9,AOS,1.7025208582284823,1.062024512173067,2.3430172042838975,0.47581759095191956,0.6119985580444336
1992-06-30,10,XRAY,1.6501609619733735,2.1127419257707873,1.1875799981759594,0.7878344655036926,0.3778136074542999
1992-06-30,11,AZO,1.5951775493262916,2.310988225873499,0.8793668727790842,0.84670490026474,0.3153447210788727
1992-06-30,12,HON,1.5639673515674177,1.785166511089516,1.3427681920453192,0.6905589699745178,0.40926727652549744
1992-06-30,13,TYL,1.5481364171325713,1.0424461038579729,2.05382673040717,0.4700036644935608,0.5533851981163025
1992-06-30,14,BSET,1.4857311863721732,0.9771574116040292,1.994304961140317,0.450615793466568,0.5413212776184082
1992-06-30,15,CMI,1.4811113979884638,1.4681834264790783,1.4940393694978495,0.5964289307594299,0.43992704153060913
1992-06-30,16,LPX,1.4692624700512704,0.8870682112196946,2.051456728882846,0.4238632619380951,0.5529048442840576
1992-06-30,17,LEN,1.4443242785702073,1.5233684384680983,1.3652801186723162,0.6128164529800415,0.4138300120830536
1992-06-30,18,USB,1.4143929964909447,1.3430826531661935,1.485703339815696,0.5592795014381409,0.4382374882698059
1992-06-30,19,F,1.35446077441265,0.24553685181207677,2.463384697013223,0.23335665464401245,0.636394739151001
1992-06-30,20,UNH,1.3539713874297776,1.461310214195755,1.2466325606638,0.5943878889083862,0.3897824287414551
1992-07-31,1,UIS,3.092137982216575,2.4101030992443437,3.7741728651888056,0.8754687905311584,0.7801585793495178
1992-07-31,2,JKHY,2.672864087252159,3.2149373341011294,2.1307908404031886,1.1110931634902954,0.43968895077705383
1992-07-31,3,CSCO,2.4807903272165173,3.2643802916870395,1.6972003627459948,1.125568151473999,0.3498593270778656
1992-07-31,4,AOS,2.2620157930667952,1.402651481684253,3.121380104449338,0.5805258750915527,0.6449154615402222
1992-07-31,5,PTC,2.1789371388575702,3.324663034934012,1.0332112427811282,1.143216609954834,0.21229659020900726
1992-07-31,6,JPM,2.115856447023992,1.4474309005159407,2.7842819935320433,0.5936355590820312,0.5750767588615417
1992-07-31,7,EA,1.9790763781967646,2.9042364449066667,1.0539163114868626,1.0201319456100464,0.2165861874818802
1992-07-31,8,LPX,1.7569308005960051,1.302634801898753,2.2112267992932573,0.551244854927063,0.4563533663749695
1992-07-31,9,TYL,1.6409638605264383,0.8499298091410631,2.4319979119118136,0.418710321187973,0.5020918846130371
1992-07-31,10,LEN,1.57386445165295,1.8297140353086958,1.3180148679972044,0.7055532932281494,0.27130112051963806
1992-07-31,11,GT,1.572604761085753,1.9204119849658667,1.2247975372056392,0.7321061491966248,0.2519887089729309
1992-07-31,12,XRAY,1.5502486457983677,2.374335593423085,0.7261616981736504,0.8649974465370178,0.14868323504924774
1992-07-31,13,WDC,1.5459617512235821,0.09544300104488566,2.996480501402279,0.19782572984695435,0.6190392374992371
1992-07-31,14,ATGE,1.5011321210989,1.693749668448227,1.308514573749573,0.6657481789588928,0.2693328857421875
1992-07-31,15,SPXC,1.4857703896209213,0.5229324926230352,2.4486082866188075,0.322978138923645,0.5055331587791443
1992-07-31,16,FHN,1.4487220446174975,1.4630679866077088,1.4343761026272863,0.5982134938240051,0.2954083979129791
1992-07-31,17,F,1.4437743466121935,0.4123902754986217,2.4751584177257655,0.29061564803123474,0.5110337138175964
1992-07-31,18,JEF,1.4175847513184556,1.5792071220994908,1.2559623805374205,0.6322145462036133,0.2584453225135803
1992-07-31,19,GD,1.3953740964853858,1.3346979033005115,1.45605028967026,0.5606316924095154,0.29989877343177795
1992-07-31,20,BSET,1.3251207025580314,0.7301900006973122,1.9200514044187507,0.3836551308631897,0.3960287570953369
1992-08-31,1,EA,2.4720533601036454,3.1294108589850103,1.8146958612222803,1.1072330474853516,0.3758646249771118
1992-08-31,2,CSCO,2.2324497566664587,2.772699960399202,1.6921995529337153,1.0005382299423218,0.3513363003730774
1992-08-31,3,UIS,2.143492091817534,2.7893617547328304,1.497622428902238,1.0055218935012817,0.31237471103668213
1992-08-31,4,PTC,2.0962232588710936,3.0392428364514013,1.153203681290786,1.0802631378173828,0.24340924620628357
1992-08-31,5,AOS,1.9992857209514254,1.4976763355915899,2.500895106311261,0.6191694140434265,0.5132672786712646
1992-08-31,6,LEN,1.8645214996267434,2.4762012458141567,1.2528417534393301,0.9118533134460449,0.26336050033569336
1992-08-31,7,BSET,1.7350536121809417,1.4510230324722124,2.019084191889671,0.6052150726318359,0.41679078340530396
1992-08-31,8,EOG,1.5180482421585975,0.6739302324191843,2.3621662518980107,0.372780978679657,0.4854885935783386
1992-08-31,9,SPXC,1.503691928053702,0.8653124979272683,2.142071358180136,0.43002480268478394,0.441417396068573
1992-08-31,10,GD,1.4553985393293383,1.3815250247576476,1.5292720539010292,0.5844277143478394,0.31871214509010315
1992-08-31,11,JEF,1.4363396831164337,2.1089359378721997,0.7637434283606676,0.8020015954971313,0.16542479395866394
1992-08-31,12,MNST,1.4186619957489914,1.0873469690004292,1.749977022497554,0.4964369237422943,0.36290550231933594
1992-08-31,13,XRAY,1.3660406650941348,2.115777253248794,0.6163040769394759,0.8040478825569153,0.13590194284915924
1992-08-31,14,F,1.3379696293329686,0.62140508755658,2.054534171109357,0.35707032680511475,0.4238891899585724
1992-08-31,15,MBI,1.2996318225319987,1.3787827993375517,1.2204808457264456,0.5836074948310852,0.25688064098358154
1992-08-31,16,LUV,1.291572386117666,1.108372988885457,1.474771783349875,0.5027259588241577,0.30779916048049927
1992-08-31,17,VTRS,1.257381328923616,1.3148557278808317,1.1999069299664002,0.5644864439964294,0.25276097655296326
1992-08-31,18,CMI,1.2072928340838842,1.3857173754870988,1.0288682926806696,0.585681676864624,0.2185126692056656
1992-08-31,19,LPX,1.0655028208236141,1.1442891473307417,0.9867164943164867,0.5134687423706055,0.21007230877876282
1992-08-31,20,NDSN,1.0637437636491036,1.6524423890317745,0.47504513826643285,0.6654610633850098,0.10761664062738419
1992-09-30,1,PTC,2.473857190386653,2.8000677334638833,2.147646647309422,0.8719661235809326,0.4231646955013275
1992-09-30,2,XRAY,2.281097870786913,2.7453663509284274,1.8168293906453987,0.8571018576622009,0.3531967103481293
1992-09-30,3,JEF,2.1581323961485164,3.0193698689207085,1.296894923376324,0.9315581321716309,0.24323035776615143
1992-09-30,4,AOS,2.0708408501033446,2.0009813055783643,2.1407003946283245,0.6548265814781189,0.4216955602169037
1992-09-30,5,LEN,1.846952977247809,2.8276345928137374,0.8662713616818808,0.8794569969177246,0.15215329825878143
1992-09-30,6,EOG,1.7173812646416569,0.6645028899907482,2.7702596392925654,0.2916589677333832,0.5548475980758667
1992-09-30,7,VTRS,1.6931440305048477,1.5788946451044323,1.8073934159052634,0.5401309728622437,0.35120099782943726
1992-09-30,8,GD,1.637518631622775,1.833915512670254,1.4411217505752962,0.6094290018081665,0.2737343907356262
1992-09-30,9,CSCO,1.5352770751692542,2.2616093823612227,0.8089447679772857,0.7256482839584351,0.1400287002325058
1992-09-30,10,EA,1.4487963819318765,2.091008786161928,0.806583977701825,0.6792901754379272,0.13952939212322235
1992-09-30,11,BEN,1.290324372858013,1.432687152820915,1.147961592895111,0.5004013180732727,0.21173089742660522
1992-09-30,12,APA,1.2576210781478592,0.04097776483149803,2.4742643914642204,0.12222553044557571,0.4922444820404053
1992-09-30,13,BSET,1.188092776338979,1.4147026483687986,0.9614829043091597,0.49551430344581604,0.17229057848453522
1992-09-30,14,ADSK,1.1722452435715507,-0.47565772057767924,2.8201482077207807,-0.018162278458476067,0.5653990507125854
1992-09-30,15,HAS,1.1583096567453983,1.4808596231651143,0.8357596903256823,0.5134914517402649,0.14570006728172302
1992-09-30,16,MGM,1.137924260594311,0.659243567712577,1.6166049534760447,0.29022982716560364,0.3108491599559784
1992-09-30,17,HD,1.1355582092914602,1.0572833660948167,1.2138330524881038,0.39839106798171997,0.2256627380847931
1992-09-30,18,LPX,1.1347470444069545,1.148501361407695,1.1209927274062141,0.42317816615104675,0.20602697134017944
1992-09-30,19,IDXX,1.1081146467569782,1.0082103599199035,1.2080189335940532,0.3850562274456024,0.2244330495595932
1992-09-30,20,LUV,1.0804807662621907,1.647131154657315,0.5138303778670662,0.5586732029914856,0.07761188596487045
1992-10-31,1,XRAY,3.1272821799948467,3.268705549280837,2.9858588107088564,1.1310474872589111,0.6583003997802734
1992-10-31,2,PTC,2.614116608588792,3.0003295138592683,2.227903703318316,1.049058437347412,0.4949101209640503
1992-10-31,3,CSCO,1.9764090201236912,2.6679153962695676,1.2849026439778148,0.9475057125091553,0.29162999987602234
1992-10-31,4,EA,1.8373804032504166,2.506876468868374,1.1678843376324592,0.8983082175254822,0.2664046883583069
1992-10-31,5,AMAT,1.669595512861624,1.9577009039476003,1.3814901217756475,0.7305347323417664,0.3124510943889618
1992-10-31,6,JEF,1.5174680934134717,1.9344186563932244,1.1005175304337191,0.7234219908714294,0.2518826127052307
1992-10-31,7,HAS,1.5107711842112117,1.4086105998301421,1.6129317685922813,0.5627872943878174,0.36234232783317566
1992-10-31,8,WDC,1.4626105891649674,1.4752521606240037,1.4499690177059312,0.583146333694458,0.3272128999233246
1992-10-31,9,GD,1.440787555212633,1.6253540975184122,1.256221012906854,0.629002571105957,0.2854471802711487
1992-10-31,10,WRB,1.4291099523780593,1.5854393597538412,1.2727805450022773,0.6168085932731628,0.28901687264442444
1992-10-31,11,EOG,1.3549319550190608,0.681196350053952,2.0286675599841697,0.34056177735328674,0.45196133852005005
1992-10-31,12,LUV,1.3472224707612896,1.7245818690879609,0.9698630724346183,0.6593167185783386,0.2237177938222885
1992-10-31,13,ORCL,1.3193901095679994,0.8834322440512733,1.7553479750847254,0.4023449718952179,0.39304259419441223
1992-10-31,14,UNH,1.3184015568268954,1.6009872623081285,1.0358158513456621,0.6215584874153137,0.23793505132198334
1992-10-31,15,CTRA,1.2683852389730412,0.16886774359309387,2.3679027343529886,0.18404506146907806,0.5250893235206604
1992-10-31,16,LRCX,1.2155294330737885,1.3132031756054987,1.1178556905420782,0.5336402654647827,0.25562015175819397
1992-10-31,17,TXN,1.168162700687831,1.039998686269844,1.2963267151058182,0.4501761198043823,0.29409265518188477
1992-10-31,18,GL,1.1401374831910376,1.0019431022691054,1.2783318641129697,0.43855011463165283,0.29021355509757996
1992-10-31,19,VTRS,1.1050699735790608,0.886479683679165,1.3236602634789567,0.4032759666442871,0.299984872341156
1992-10-31,20,LPX,1.0805115454285046,1.3788161438248063,0.7822069470322026,0.5536850690841675,0.18326528370380402
1992-11-30,1,XRAY,2.788448285902833,2.664141754750711,2.912754817054955,0.9024016261100769,0.6453565359115601
1992-11-30,2,WDC,2.497448590026639,2.8735706178142038,2.1213265622390742,0.962810754776001,0.4809725880622864
1992-11-30,3,CSCO,2.4285942882661686,2.658542434868727,2.1986461416636107,0.9007865190505981,0.4970322847366333
1992-11-30,4,AMAT,2.3351614027328678,2.6180990910305866,2.0522237144351494,0.8891207575798035,0.4666195511817932
1992-11-30,5,GD,1.964861025276179,1.9345824239681257,1.995139626584232,0.6919624209403992,0.45476287603378296
1992-11-30,6,PTC,1.9531695734134917,2.4901419130447806,1.4161972337822026,0.8522118926048279,0.334513396024704
1992-11-30,7,EA,1.824875062631728,1.9654608226574566,1.6842893026059995,0.7008692026138306,0.3901975750923157
1992-11-30,8,TJX,1.7364069829114157,1.438693289754415,2.0341206760684165,0.5489246845245361,0.46285945177078247
1992-11-30,9,PGR,1.5763808180416947,1.2060026693711157,1.9467589667122736,0.4818057715892792,0.4447139501571655
1992-11-30,10,MNST,1.5332692352713657,1.5136471408387608,1.5528913297039708,0.5705448985099792,0.36290550231933594
1992-11-30,11,MGM,1.527965013979178,0.9413414553973442,2.114588572561012,0.4054650366306305,0.4795730710029602
1992-11-30,12,WRB,1.5181369190607517,1.3808893059721836,1.6553845321493197,0.5322512984275818,0.38419389724731445
1992-11-30,13,PAYX,1.5064557129805434,1.5138089398374543,1.4991024861236322,0.5705915689468384,0.3517332673072815
1992-11-30,14,VTRS,1.410268284057037,0.9273441888916087,1.8931923792224654,0.40142756700515747,0.4335878789424896
1992-11-30,15,ORCL,1.40640288085721,0.7334580517351639,2.079347709979256,0.34550169110298157,0.47225335240364075
1992-11-30,16,JEF,1.361716686736115,1.7132323016024387,1.0102010718697916,0.628114640712738,0.2501857876777649
1992-11-30,17,TXN,1.3355718511618997,1.1366684921934938,1.5344752101303056,0.4618065357208252,0.35908037424087524
1992-11-30,18,LUV,1.2766842740007496,1.558931229687617,0.9944373183138824,0.5836069583892822,0.24691157042980194
1992-11-30,19,UNH,1.2621351012274031,1.228494589948097,1.2957756125067093,0.48829349875450134,0.30950117111206055
1992-11-30,20,LPX,1.235770060888483,1.8303421275609029,0.6411979942160629,0.6618946194648743,0.1735418438911438
1992-12-31,1,XRAY,3.543600485200758,3.459469091103932,3.627731879297584,1.2130227088928223,0.8352090716362
1992-12-31,2,MNST,3.3080825159358738,1.8371139806823107,4.779051051189437,0.7472144365310669,1.0726368427276611
1992-12-31,3,CSCO,2.521387766166304,3.084366086756923,1.958409445575685,1.1053236722946167,0.49095743894577026
1992-12-31,4,AMAT,2.2826149187316074,2.67486983481754,1.8903600026456744,0.9877496957778931,0.4769241213798523
1992-12-31,5,WDC,2.0194223263416076,3.1215643705135014,0.9172802821697136,1.1160039901733398,0.2762533128261566
1992-12-31,6,BBY,1.8201844260955018,-0.1761690158965666,3.81653786808757,0.1691635102033615,0.8741450905799866
1992-12-31,7,LRCX,1.7274363276475837,0.9861025038270655,2.4687701514681017,0.5028732419013977,0.5962052345275879
1992-12-31,8,TJX,1.7218307249722153,1.5941621838820896,1.8494992660623408,0.6774584650993347,0.46849772334098816
1992-12-31,9,PTC,1.704647052048102,2.329679742768662,1.079614361327542,0.8886392116546631,0.3097302317619324
1992-12-31,10,GD,1.6489434255849469,1.7027637094819266,1.5951231416879672,0.7086399793624878,0.41603967547416687
1992-12-31,11,EA,1.6443708386733025,1.5968196193422703,1.6919220580043346,0.6782214641571045,0.4360017776489258
1992-12-31,12,LPX,1.6354146886404224,2.2190894481891728,1.0517399290916722,0.8568866848945618,0.3039819002151489
1992-12-31,13,VTRS,1.593444959229739,0.9836501731426569,2.203239745316821,0.502169132232666,0.5414469242095947
1992-12-31,14,PAYX,1.514656440049745,1.6150668861244726,1.4142459939750174,0.6834605932235718,0.37873876094818115
1992-12-31,15,BEN,1.4830497917312897,1.1589481181352665,1.807151465327313,0.5525004267692566,0.45976465940475464
1992-12-31,16,MGM,1.4583662477626351,1.059931296480164,1.8568011990451063,0.5240708589553833,0.47000354528427124
1992-12-31,17,GCO,1.3683853674943585,0.9196621540101177,1.8171085809785994,0.48379698395729065,0.46181803941726685
1992-12-31,18,JEF,1.3659596951564448,1.4016877518982012,1.3302316384146884,0.6221954822540283,0.3614131212234497
1992-12-31,19,JKHY,1.2892770287787012,2.148121742600539,0.43043231495686324,0.8365105390548706,0.1758543699979782
1992-12-31,20,PGR,1.28119712703948,0.813672704160435,1.7487215499185247,0.4533654451370239,0.4477151036262512
1993-01-31,1,XRAY,3.527002445692864,3.2009939945414123,3.8530108968443155,1.0909494161605835,0.9422662258148193
1993-01-31,2,MNST,3.1797862042468976,1.8149251047103716,4.544647303783424,0.6791608929634094,1.0846259593963623
1993-01-31,3,WDC,2.790023117739314,3.5329957598599866,2.047050475618642,1.1895841360092163,0.5705448389053345
1993-01-31,4,BBY,2.645023092246049,2.4243019525869123,2.865744231905186,0.8602012395858765,0.7390568256378174
1993-01-31,5,JKHY,2.261526655592812,2.7437837530496108,1.779269558136013,0.9551163911819458,0.5154274106025696
1993-01-31,6,CSCO,2.1067038907902607,2.4384393771676143,1.774968404412907,0.8644013404846191,0.5145421028137207
1993-01-31,7,ORCL,2.040251100881493,1.7886667635735563,2.2918354381894295,0.6713597774505615,0.6209290027618408
1993-01-31,8,EA,2.0367224150478394,2.1161588216613376,1.9572860084343409,0.7686547040939331,0.5520685911178589
1993-01-31,9,JEF,1.9073200464089242,2.0934698461861925,1.7211702466316556,0.7619140148162842,0.5034688115119934
1993-01-31,10,AMAT,1.7664493666636272,1.715632899613077,1.8172658337141772,0.6496620774269104,0.5232481956481934
1993-01-31,11,GCO,1.7155445280259856,1.1019433608106035,2.3291456952413676,0.46734046936035156,0.6286085844039917
1993-01-31,12,LRCX,1.6354300510056061,1.2550386723635665,2.0158214296476458,0.5128237009048462,0.5641169548034668
1993-01-31,13,ADI,1.5776739138597948,1.3357459402058909,1.819601887513699,0.5368010997772217,0.5237290263175964
1993-01-31,14,GD,1.4577253694577155,1.807884680911859,1.107566058003572,0.6770692467689514,0.37717047333717346
1993-01-31,15,TECH,1.431109969303686,0.49721826450685186,2.36500167410052,0.28768211603164673,0.6359888315200806
1993-01-31,16,INTC,1.4015206294676756,1.4662704459411042,1.336770812994247,0.5755787491798401,0.42434775829315186
1993-01-31,17,NUE,1.3698876279795305,1.437046628223706,1.3027286277353551,0.5668966174125671,0.41734084486961365
1993-01-31,18,TJX,1.329592974878968,1.3436087365437315,1.315577213214205,0.539137065410614,0.41998547315597534
1993-01-31,19,PGR,1.2923919614096357,1.1774284928085337,1.4073554300107378,0.4897664189338684,0.438876211643219
1993-01-31,20,LEG,1.2868847998687274,1.5607875134905704,1.0129820862468846,0.60365891456604,0.35770222544670105
1993-02-28,1,XRAY,2.8718261668879013,2.614687377489781,3.1289649562860213,0.9035516977310181,0.76764976978302
1993-02-28,2,BBY,2.538419722017726,1.7360701697718077,3.3407692742636437,0.6449450254440308,0.8109302520751953
1993-02-28,3,EA,2.3992002835502833,2.708552216362759,2.0898483507378076,0.9311792850494385,0.5553147792816162
1993-02-28,4,WDC,2.362157943576533,2.094032918734843,2.630282968418223,0.7503055334091187,0.6657481789588928
1993-02-28,5,MGM,2.286997463310552,2.4288361548614397,2.1451587717596645,0.8488494157791138,0.5666170120239258
1993-02-28,6,CSCO,2.1516826240483455,2.456515219370465,1.8468500287262257,0.8569962978363037,0.5056600570678711
1993-02-28,7,GCO,2.0851558180575904,1.7846566665477392,2.3856549695674416,0.6592456698417664,0.6157604455947876
1993-02-28,8,LRCX,2.0443671503162237,1.2746840480842963,2.814050252548151,0.5091435313224792,0.7032995223999023
1993-02-28,9,VTRS,1.9713242399712505,2.111030547966414,1.8316179319760868,0.7553085088729858,0.5025475025177002
1993-02-28,10,JEF,1.9273274212701061,1.899837191839964,1.9548176507002484,0.6931471824645996,0.5277223587036133
1993-02-28,11,INTC,1.8706727326239054,1.517487332485188,2.223858132762623,0.5806087255477905,0.5826985836029053
1993-02-28,12,PGR,1.8564648138884792,2.0374119559400095,1.675517671836949,0.7336400747299194,0.47064968943595886
1993-02-28,13,ORCL,1.7780284747975035,1.4592564388812737,2.096800510713733,0.563469409942627,0.5567353963851929
1993-02-28,14,JKHY,1.718642481780328,1.2611276206437576,2.1761573429168988,0.5051534175872803,0.5729513168334961
1993-02-28,15,ZION,1.7106034618857155,1.8435675787248478,1.5776393450465833,0.6765851378440857,0.45064905285835266
1993-02-28,16,MNST,1.6954432119735507,2.1058095119765126,1.285076911970589,0.7537717819213867,0.39086630940437317
1993-02-28,17,LPX,1.682555991209921,1.7887697866311651,1.5763421957886772,0.6604562997817993,0.4503839910030365
1993-02-28,18,AMAT,1.615770060631198,1.5870691495747105,1.6444709716876855,0.6010890007019043,0.4643055498600006
1993-02-28,19,ADI,1.5754459723195602,1.2040473719275409,1.9468445727115793,0.48835277557373047,0.5260931253433228
1993-02-28,20,GD,1.5543797852611019,1.9015811822962911,1.2071783882259126,0.6936604976654053,0.3749483823776245
1993-03-31,1,BBY,2.496094148432594,1.6638685530507764,3.3283197438144114,0.6312717199325562,0.8907829523086548
1993-03-31,2,ROP,2.459569231419244,1.1073076676854183,3.811830795153069,0.4591153860092163,0.9983962774276733
1993-03-31,3,CSCO,2.1174650495795326,2.098169658565641,2.136760440593424,0.7656104564666748,0.6255818605422974
1993-03-31,4,LRCX,2.0684308619061635,1.7593682412234746,2.3774934825888523,0.6608118414878845,0.6791609525680542
1993-03-31,5,EA,2.0594644979696093,2.0486910539391774,2.070237942000041,0.7503056526184082,0.6107761859893799
1993-03-31,6,INTC,2.0314765807411304,1.592608895212328,2.470344266269933,0.609229564666748,0.6998264193534851
1993-03-31,7,JKHY,1.876312720283186,1.6443183264311017,2.10830711413527,0.6252244114875793,0.6192491054534912
1993-03-31,8,WDC,1.8203064623978127,1.5332492915359843,2.107363633259641,0.590868353843689,0.6190391182899475
1993-03-31,9,QCOM,1.7801860885983383,1.0117669355406926,2.548605241655984,0.4295625686645508,0.7172446846961975
1993-03-31,10,ZION,1.7361643542642857,1.7504299046672958,1.7218988038612757,0.6580470204353333,0.5332475900650024
1993-03-31,11,PGR,1.6817567537242912,1.9335578950345231,1.4299556124140593,0.7146924734115601,0.46827083826065063
1993-03-31,12,ORCL,1.6795990142861572,1.2174041724076594,2.141793856164655,0.4931706190109253,0.6267021298408508
1993-03-31,13,AMAT,1.67830608906866,1.6128684310387311,1.7437437470985893,0.6154962778091431,0.538109540939331
1993-03-31,14,NUE,1.657151191381458,1.5313408431840592,1.782961539578857,0.5902780294418335,0.546838104724884
1993-03-31,15,LPX,1.65565533378608,1.8357680303005741,1.475542637271586,0.6844439506530762,0.47841697931289673
1993-03-31,16,ADI,1.6519622862861456,1.396490776740464,1.9074337958318275,0.5485659837722778,0.574541449546814
1993-03-31,17,XRAY,1.6305343495786944,2.0914374836796146,1.1696312154777742,0.763528048992157,0.4103313684463501
1993-03-31,18,GD,1.6146524907383655,1.928749391382066,1.300555590094665,0.713205099105835,0.43947073817253113
1993-03-31,19,MGM,1.4738579360851927,1.8806988472095718,1.0670170249608133,0.6983420252799988,0.3874928951263428
1993-03-31,20,AMD,1.4647906669000033,0.16817924303568949,2.761402090764317,0.16862262785434723,0.7646061182022095
1993-04-30,1,QCOM,2.853323089929883,1.8953663883192435,3.8112797915405228,0.7563260793685913,1.001448631286621
1993-04-30,2,ORCL,2.358280006768622,2.696221923395479,2.020338090141764,1.0014485120773315,0.6084059476852417
1993-04-30,3,EA,2.255594314747105,2.3694912826476036,2.1416973468466067,0.9014441967010498,0.6350396275520325
1993-04-30,4,ADI,2.101790611723861,1.8523428702589644,2.3512383531887577,0.7431576251983643,0.6810258030891418
1993-04-30,5,LRCX,2.0791864483521407,2.2016366617628993,1.9567362349413822,0.8500679731369019,0.5944477915763855
1993-04-30,6,ROP,1.901140488883561,1.0910776181757798,2.7112033595913423,0.5101528167724609,0.7600242495536804
1993-04-30,7,DVN,1.879896176520164,2.664176578544498,1.0956157744958301,0.9916402101516724,0.4054650366306305
1993-04-30,8,CSCO,1.8714560154257125,2.0966624324552106,1.6462495983962144,0.8179379105567932,0.5263079404830933
1993-04-30,9,INTC,1.8167575360811188,1.8271343953308556,1.806380676831382,0.7354419231414795,0.5614505410194397
1993-04-30,10,MGM,1.806914290484455,2.0920504468569594,1.5217781341119507,0.8165262937545776,0.4989912509918213
1993-04-30,11,NUE,1.7307612930865828,1.6506119756462463,1.810910610526919,0.6814126968383789,0.5624446868896484
1993-04-30,12,LOW,1.7096742335524393,1.3825715438922013,2.0367769232126776,0.5993720293045044,0.6120136380195618
1993-04-30,13,BBY,1.6812859694760345,1.239058423317381,2.123513515634688,0.5554461479187012,0.6310489773750305
1993-04-30,14,PGR,1.6527884166435611,1.9475042399502251,1.358072593336897,0.772284209728241,0.46306419372558594
1993-04-30,15,AMAT,1.631005709668043,1.9354598749092156,1.3265515444268705,0.7685977220535278,0.4561465382575989
1993-04-30,16,JKHY,1.5923793120477112,1.028452723161907,2.1563059009335155,0.49098485708236694,0.6382456421852112
1993-04-30,17,LUV,1.5594817063770758,1.7068806146990114,1.4120827980551405,0.6986351609230042,0.47491735219955444
1993-04-30,18,ZION,1.5537767560051035,1.6855972836174742,1.421956228392733,0.6921208500862122,0.4770841896533966
1993-04-30,19,AOS,1.4233745069091364,1.2722646027818476,1.5744844110364251,0.5656097531318665,0.5105582475662231
1993-04-30,20,LEG,1.3905537966148265,1.330064079092893,1.45104351413676,0.583300769329071,0.4834677278995514
1993-05-31,1,MHK,2.6643189896241766,1.6355491197573289,3.693088859491024,0.6533012986183167,0.9001613855361938
1993-05-31,2,ROP,2.5018476736520308,1.9866493408724974,3.017046006431564,0.7610959410667419,0.7557014226913452
1993-05-31,3,LRCX,2.4743245016083115,2.7755441605464575,2.173104842670165,1.0033020973205566,0.5753641724586487
1993-05-31,4,EA,2.428096079729381,2.665122629059729,2.191069530399033,0.9694005250930786,0.5792029500007629
1993-05-31,5,MGM,2.2039003093706895,2.6527569100781174,1.7550437086632618,0.9656040072441101,0.4860309362411499
1993-05-31,6,QCOM,2.2017677558394197,2.0260406449435697,2.37749486673527,0.7731898427009583,0.6190391778945923
1993-05-31,7,ORCL,2.1311617515270838,2.578999216048557,1.6833242870056107,0.9429589509963989,0.4707055985927582
1993-05-31,8,VNO,2.0785488357798836,1.830556867255521,2.326540804304246,0.7131724953651428,0.6081510782241821
1993-05-31,9,DVN,1.8169919456140824,2.362943246232312,1.271040644995853,0.8766255378723145,0.3826069235801697
1993-05-31,10,AMAT,1.7146050353916147,2.226289578019069,1.2029204927641606,0.8346701860427856,0.3680506944656372
1993-05-31,11,NUE,1.6122594919259718,1.8574308293522095,1.3670881544997344,0.721423327922821,0.40313079953193665
1993-05-31,12,CSCO,1.5673106600596438,2.163804403134627,0.9708169169846608,0.8154860138893127,0.31845372915267944
1993-05-31,13,B,1.5524016053485687,1.7092394473611634,1.3955637633359739,0.6759256720542908,0.4092155992984772
1993-05-31,14,ADI,1.5285013481665117,1.4568568604954917,1.6001458358375318,0.5984392762184143,0.45293164253234863
1993-05-31,15,C,1.5209444354600024,1.2784895908494047,1.7633992800706002,0.543677031993866,0.48781639337539673
1993-05-31,16,AMD,1.4801111208434694,0.9839763907858763,1.9762458509010623,0.45325571298599243,0.5332984328269958
1993-05-31,17,MSI,1.467364804357901,1.474041899800512,1.46068770891529,0.6037154197692871,0.4231315851211548
1993-05-31,18,ZBRA,1.4198952387318722,1.2440738894438435,1.595716588019901,0.5331107378005981,0.4519851803779602
1993-05-31,19,LOW,1.4127797074871018,1.1030996454250308,1.7224597695491726,0.489828884601593,0.47906824946403503
1993-05-31,20,LUV,1.4027886840461585,1.5484218111051502,1.2571555569871666,0.6265515089035034,0.3796398937702179
1993-06-30,1,ROP,3.9371277612681177,3.473241011508933,4.401014511027302,1.2705986499786377,1.0828825235366821
1993-06-30,2,EA,2.9866757878285206,3.1406523281030525,2.8326992475539887,1.1660535335540771,0.7300516963005066
1993-06-30,3,LRCX,2.640226513629524,3.148660354026781,2.1317926732322667,1.1685707569122314,0.5723656415939331
1993-06-30,4,MGM,2.572812712951664,2.8584122683799724,2.2872131575233547,1.0773348808288574,0.6073312759399414
1993-06-30,5,ORCL,2.549681224036519,2.714244288890235,2.3851181591828032,1.032017469406128,0.6293573975563049
1993-06-30,6,QCOM,1.9703311670112642,2.298112508365392,1.642549825657136,0.9012116193771362,0.46229851245880127
1993-06-30,7,INTC,1.7610160345880703,1.9756112222670152,1.5464208469091256,0.7998373508453369,0.4406719505786896
1993-06-30,8,KLAC,1.7512537924256257,1.7258181544923314,1.7766894303589198,0.7213180065155029,0.4924764931201935
1993-06-30,9,CSCO,1.693475169403618,2.163632397138328,1.2233179416689086,0.8589394688606262,0.36798205971717834
1993-06-30,10,ZBRA,1.6828136722358198,1.4254398174496796,1.9401875270219597,0.6268978118896484,0.5292593836784363
1993-06-30,11,MSI,1.6627878613937028,1.7023329763630115,1.623242746424394,0.7139357328414917,0.45795491337776184
1993-06-30,12,MU,1.6421762687546644,1.6447501654047767,1.6396023721045518,0.695835292339325,0.46163541078567505
1993-06-30,13,AMAT,1.6254070652121788,2.0808221807779184,1.1699919496464395,0.832909107208252,0.3559850752353668
1993-06-30,14,VNO,1.6241404179122547,1.4590218738794987,1.7892589619450106,0.6374539136886597,0.49530431628227234
1993-06-30,15,ADBE,1.5987282909657807,0.6422786983634634,2.555177883568098,0.380720853805542,0.6676164865493774
1993-06-30,16,B,1.5882254351565155,1.3986014017177075,1.7778494685953234,0.6184614896774292,0.49273747205734253
1993-06-30,17,LOW,1.544427722296684,1.2000020933414435,1.8888533512519248,0.5560342669487,0.5177105069160461
1993-06-30,18,KSS,1.5321786076835824,2.320530885162857,0.7438263302043077,0.9082585573196411,0.26010870933532715
1993-06-30,19,DVN,1.5264897087344909,1.5445123669597391,1.5084670505092428,0.6643267869949341,0.4321333169937134
1993-06-30,20,LUV,1.510627359410318,1.5027683132799448,1.5184864055406908,0.6512050628662109,0.4343874156475067
1993-07-31,1,ROP,3.999330669357106,3.7685844745666017,4.23007686414761,1.4594357013702393,1.1023156642913818
1993-07-31,2,QCOM,2.9669405737414163,2.6474451492487048,3.2864359982341274,1.0900285243988037,0.8720263838768005
1993-07-31,3,SIG,2.828912229019789,1.4429225853522762,4.214901872687301,0.6931471824645996,1.0986123085021973
1993-07-31,4,LRCX,2.6679266480385015,2.996455757688701,2.3393975383883023,1.2050249576568604,0.6409079432487488
1993-07-31,5,ORCL,2.4349289190679078,2.8972272797437215,1.9726305583920938,1.1723299026489258,0.551400899887085
1993-07-31,6,MU,2.3692657209233934,2.253486029456771,2.485045412390016,0.9602218866348267,0.6764523386955261
1993-07-31,7,MHK,2.313133852330397,2.7815142680227467,1.8447534366380471,1.134203314781189,0.520193338394165
1993-07-31,8,DVN,2.15157885838572,2.195347322328911,2.107810394442529,0.9410656094551086,0.5843906402587891
1993-07-31,9,MGM,2.1350539091527656,2.1992845727034975,2.070823245602034,0.942362904548645,0.5753641724586487
1993-07-31,10,AMAT,1.996412448649206,2.3537307937607865,1.6390941035376259,0.9932518005371094,0.47000354528427124
1993-07-31,11,ZBRA,1.8516584827562337,1.7957675130635675,1.9075494524488996,0.8094069957733154,0.5355182886123657
1993-07-31,12,MSI,1.8481897568280585,1.8636960715937634,1.832683442062354,0.831788957118988,0.51724773645401
1993-07-31,13,EA,1.729838533314716,2.177123090098866,1.2825539765305656,0.9350608587265015,0.38299229741096497
1993-07-31,14,C,1.6669370684268479,1.5813752304794986,1.7524989063741971,0.7387663125991821,0.4976792335510254
1993-07-31,15,AMD,1.6511146097785439,2.417292649474896,0.8849365700821917,1.0141949653625488,0.28595641255378723
1993-07-31,16,LOW,1.5957905559683176,1.4734439187063102,1.718137193230325,0.7032037377357483,0.48929348587989807
1993-07-31,17,RHI,1.5696499607613035,1.325208115411939,1.8140918061106681,0.6543611288070679,0.5127105712890625
1993-07-31,18,CSCO,1.4883101680470137,1.9061492725084372,1.07047106358559,0.8457769751548767,0.331234872341156
1993-07-31,19,SCHW,1.467057656164495,1.1853549560462584,1.7487603562827316,0.6082805395126343,0.4967668652534485
1993-07-31,20,B,1.4443864590728803,1.168821037048473,1.7199518810972874,0.6028327345848083,0.4897363483905792
1993-08-31,1,ROP,3.855397719930161,4.229368430304751,3.4814270095555706,1.5994391441345215,0.9019352197647095
1993-08-31,2,QCOM,3.2979560755168165,3.4339625025395475,3.1619496484940854,1.332031488418579,0.8240267038345337
1993-08-31,3,SIG,2.6824555192563424,2.7396555319238445,2.6252555065888403,1.0986123085021973,0.6931471824645996
1993-08-31,4,MU,2.592029600343217,2.5012899085860933,2.6827692921003408,1.018476128578186,0.7071726322174072
1993-08-31,5,AMAT,2.5618127844843466,2.7396555319238445,2.383970037044849,1.0986123085021973,0.6343067288398743
1993-08-31,6,LRCX,2.5230540335618303,3.1190872410750408,1.9270208260486197,1.2261735200881958,0.5228739976882935
1993-08-31,7,MHK,2.24399860851607,2.5264072104200306,1.961590006612109,1.0269203186035156,0.531304121017456
1993-08-31,8,RHI,2.0572429964378043,1.8996398435625772,2.2148461493130314,0.8162072896957397,0.5930637717247009
1993-08-31,9,ORCL,2.005728324693679,2.4314311163949385,1.5800255329924198,0.9949902892112732,0.4382548928260803
1993-08-31,10,CAR,1.948506169678266,1.9894111050194552,1.9076012343370767,0.846387505531311,0.5181382894515991
1993-08-31,11,MSI,1.9386465859284678,1.724288738257744,2.1530044335991914,0.7572559714317322,0.5779829025268555
1993-08-31,12,B,1.9379633127654348,1.440938731194296,2.4349878943365733,0.6619964838027954,0.6467480659484863
1993-08-31,13,LUV,1.874846385993135,1.8571546021157763,1.8925381698704935,0.8019241690635681,0.5144649744033813
1993-08-31,14,KLAC,1.8674104776627496,2.1058084439057163,1.6290125114197829,0.8855191469192505,0.45020097494125366
1993-08-31,15,TER,1.7411051018340116,1.6116722030815747,1.8705380005864483,0.7193953990936279,0.5090999603271484
1993-08-31,16,AMD,1.59457135491213,2.4153783468604555,0.7737643629638045,0.989593505859375,0.24163810908794403
1993-08-31,17,ADI,1.4872822899326574,1.9426801938682898,1.0318843859970253,0.8306770324707031,0.304583877325058
1993-08-31,18,VNO,1.4701696990257997,1.4274730419757644,1.512866356075835,0.6574694514274597,0.42187729477882385
1993-08-31,19,C,1.435016292871595,1.3246472370824744,1.5453853486607156,0.6229004263877869,0.4298074543476105
1993-08-31,20,RRC,1.3923697450441566,0.47266461796285153,2.3120748721254616,0.3364722430706024,0.6167742013931274
1993-09-30,1,QCOM,3.747916536994775,3.8795566951246743,3.616276378864876,1.623966097831726,0.9067213535308838
1993-09-30,2,ROP,3.7260398430133117,4.35051448548743,3.1015652005391936,1.7907726764678955,0.7923763394355774
1993-09-30,3,MU,2.939482565401957,2.8391003636610748,3.039864767142839,1.2554512023925781,0.7786693572998047
1993-09-30,4,RRC,2.4756752296889237,1.7662669147040364,3.185083544673811,0.8754687905311584,0.8109302520751953
1993-09-30,5,LRCX,2.464442202545805,2.824031329918514,2.1048530751730965,1.2501139640808105,0.5709530115127563
1993-09-30,6,MGM,2.4524692576602938,2.3087314302140403,2.596207085106547,1.0676020383834839,0.6801091432571411
1993-09-30,7,SIG,2.3635504231933906,1.251504353344287,3.4755964930424947,0.6931471824645996,0.8754687905311584
1993-09-30,8,AMAT,2.291415682899875,2.445906353564637,2.1369250122351127,1.1161874532699585,0.5780779123306274
1993-09-30,9,KLAC,2.1396245644397514,2.3328357585786645,1.9464133703008386,1.0761394500732422,0.5357550382614136
1993-09-30,10,MHK,2.1064139301569798,2.3582167072637015,1.854611153050258,1.0851290225982666,0.5153608322143555
1993-09-30,11,CAR,2.0739330011973687,1.8921565548109085,2.255709447583829,0.9200571179389954,0.6044663190841675
1993-09-30,12,TER,1.9652978169696076,1.5307481356555428,2.3998474982836724,0.792051374912262,0.6364871263504028
1993-09-30,13,ORCL,1.9572217184565837,2.3419878439339694,1.5724555929791981,1.079380989074707,0.452678918838501
1993-09-30,14,AMD,1.9508121014159612,2.576322223586857,1.3253019792450655,1.1623789072036743,0.39777281880378723
1993-09-30,15,RHI,1.945091210649709,1.7095542433885198,2.180628177910898,0.855381965637207,0.5877867341041565
1993-09-30,16,WSM,1.817846555887145,1.2040516389402818,2.4316414728340083,0.6763401031494141,0.6435502767562866
1993-09-30,17,ZBRA,1.7274575343897411,1.6207180621227841,1.834197006656698,0.8239174485206604,0.5108257532119751
1993-09-30,18,LUV,1.700243320853762,1.8736120711794513,1.5268745705280726,0.9134889245033264,0.44255292415618896
1993-09-30,19,MSI,1.6764819951392977,1.599761530105817,1.7532024601727785,0.8164949417114258,0.4928325116634369
1993-09-30,20,C,1.6677047988506795,1.6066407398946179,1.728768857806741,0.8189314603805542,0.4874044954776764
1993-10-31,1,ROP,3.448853340570034,3.751122717155301,3.1465839639847673,1.5488770008087158,0.788852870464325
1993-10-31,2,MU,3.082033547874059,2.7999423541025443,3.3641247416455737,1.2150869369506836,0.8381862044334412
1993-10-31,3,QCOM,2.8315366185926556,3.6843707089581756,1.9787025282271353,1.5254522562026978,0.5240037441253662
1993-10-31,4,KLAC,2.4215450944138888,2.5233662424600922,2.3197239463676853,1.118030309677124,0.6013396978378296
1993-10-31,5,BBY,2.399670364771528,2.704147085602309,2.0951936439407466,1.181470274925232,0.5504212975502014
1993-10-31,6,LRCX,2.2605870213417267,2.531595211506393,1.98957883117706,1.1209180355072021,0.5264702439308167
1993-10-31,7,ORCL,2.231090760382693,2.532599374010557,1.9295821467548286,1.1212704181671143,0.512864351272583
1993-10-31,8,SWKS,2.1599764525181016,1.500559810449134,2.8193930945870695,0.7591050863265991,0.7146533727645874
1993-10-31,9,CAR,2.1545801377957576,2.043028030040379,2.266132245551136,0.9494690895080566,0.5891863107681274
1993-10-31,10,MGM,2.0254184688399994,2.1817274663732906,1.8691094713067085,0.9981417655944824,0.49915051460266113
1993-10-31,11,AMAT,1.9982979273382395,2.086270712059591,1.910325142616888,0.9646438956260681,0.5084972977638245
1993-10-31,12,ZBRA,1.9971202938093608,1.9564978251864784,2.0377427624322433,0.919103741645813,0.5373927354812622
1993-10-31,13,MHK,1.9706959651197447,3.0922548743521983,0.8491370558872909,1.3176658153533936,0.2678438127040863
1993-10-31,14,TER,1.908912987151958,1.581637270230103,2.236188704073813,0.7875569462776184,0.5823957920074463
1993-10-31,15,APH,1.903522003892558,1.3126037574243226,2.4944402503607934,0.6931471824645996,0.6409614086151123
1993-10-31,16,RHI,1.8720050748756183,1.8167921881305173,1.9272179616207195,0.8700779676437378,0.5123282074928284
1993-10-31,17,WSM,1.8495729527201292,1.2981752059351968,2.4009706995050615,0.6880838871002197,0.6197646260261536
1993-10-31,18,SCHW,1.799289309127496,2.3726871746287572,1.2258914436262345,1.06515371799469,0.35328319668769836
1993-10-31,19,MSI,1.6350196255169824,1.7315029188746243,1.5385363321593404,0.8401480913162231,0.42418399453163147
1993-10-31,20,SIG,1.5946646471916264,1.9484818500136927,1.2408474443695603,0.9162907600402832,0.3566748797893524
1993-11-30,1,BBY,3.1247068303192256,2.92994284902247,3.3194708116159815,1.1280879974365234,0.8340162038803101
1993-11-30,2,CMCSA,3.1139190413990248,2.893929970294945,3.333908112503105,1.1168773174285889,0.837142825126648
1993-11-30,3,ROP,2.9739876600937327,3.6807992311466604,2.2671760890408046,1.3618268966674805,0.6061254739761353
1993-11-30,4,MU,2.5062968512786226,2.195422118849098,2.8171715837081472,0.8994343280792236,0.7252355217933655
1993-11-30,5,QCOM,2.4156548397124338,2.963767965088947,1.8675417143359205,1.1386176347732544,0.5195784568786621
1993-11-30,6,BCO,2.2332966278369053,2.1307684284320043,2.335824827241806,0.8793078660964966,0.6209924221038818
1993-11-30,7,APH,2.220471846820116,2.39901080099858,2.0419328926416522,0.962810754776001,0.5573455691337585
1993-11-30,8,CAR,2.217771898193104,2.105862858646142,2.329680937740066,0.8715548515319824,0.6196618676185608
1993-11-30,9,ZBRA,2.2152586497394946,2.4828622715178437,1.9476550279611458,0.9889134168624878,0.5369282364845276
1993-11-30,10,ORCL,2.134885749750563,2.452377772915687,1.8173937265854394,0.9794237017631531,0.5087181329727173
1993-11-30,11,KLAC,2.1306889544721113,2.0893642637560146,2.1720136451882075,0.8664188981056213,0.5855165719985962
1993-11-30,12,MHK,2.0884657240030373,3.227864196165732,0.949067251840343,1.2208298444747925,0.3206685781478882
1993-11-30,13,WSM,2.088053768147889,1.7199326026272932,2.456174933668484,0.7514161467552185,0.6470561027526855
1993-11-30,14,SCHW,1.9847285600291318,2.3563210912056394,1.6131360288526242,0.9495216012001038,0.46448296308517456
1993-11-30,15,LOW,1.8330243178959578,2.2205314151771756,1.44551722061474,0.9072507619857788,0.4281825125217438
1993-11-30,16,VRTX,1.5879850760937142,0.9470662865235631,2.2289038656638653,0.5108256340026855,0.5978370308876038
1993-11-30,17,RHI,1.5291468703234177,1.591159238077166,1.4671345025696696,0.711329460144043,0.43286406993865967
1993-11-30,18,SWKS,1.5125394444626492,0.9726628798910574,2.052416009034241,0.5187937617301941,0.5596158504486084
1993-11-30,19,AMAT,1.5079428065350355,1.7434741236474185,1.2724114894226526,0.7587445378303528,0.3906937837600708
1993-11-30,20,MSI,1.4904049830907609,1.8334308803744717,1.14737908580705,0.7867477536201477,0.36361607909202576
1993-12-31,1,WSM,2.8937531971256765,2.754307787262954,3.0331986069883987,0.9422144889831543,0.6697998642921448
1993-12-31,2,MHK,2.508398959172637,2.811521652774326,2.2052762655709484,0.9588503837585449,0.5016089677810669
1993-12-31,3,ROP,2.501271183645517,4.072356142670647,0.9301862246203871,1.3254592418670654,0.24257677793502808
1993-12-31,4,BBY,2.4987584727513092,1.8576293099858723,3.139887635516746,0.6814901232719421,0.6914735436439514
1993-12-31,5,BCO,2.461842691110056,2.439962382756615,2.4837229994634975,0.8508132696151733,0.5581749081611633
1993-12-31,6,ORCL,2.4439233736533303,3.1069566185430473,1.7808901287636139,1.044753074645996,0.41539570689201355
1993-12-31,7,ZBRA,2.4169533608419482,2.882108734571494,1.9517979871124023,0.9793747663497925,0.4501153230667114
1993-12-31,8,MU,2.2681645470321508,2.6228001889706354,1.9135289050936661,0.9039764404296875,0.44234102964401245
1993-12-31,9,CMCSA,2.236497523244558,2.059060433542095,2.4139346129470205,0.7400596141815186,0.5439975261688232
1993-12-31,10,APH,1.8608748808928564,2.632240033999007,1.0895097277867054,0.9067212343215942,0.2749430537223816
1993-12-31,11,LOW,1.8092131444514372,2.3587969347739075,1.259629354128967,0.8272130489349365,0.3095025420188904
1993-12-31,12,HUM,1.7770641385314914,2.2219554653059483,1.3321728117570344,0.7874240875244141,0.3242396116256714
1993-12-31,13,WDC,1.7706207218414107,0.5765848396025884,2.964656604080233,0.30900487303733826,0.6558756828308105
1993-12-31,14,RRC,1.6605522974036573,2.3783871243500503,0.9427174704572643,0.8329092264175415,0.24512247741222382
1993-12-31,15,KLAC,1.6308140095954275,2.160955412222936,1.100672606967919,0.769687294960022,0.2772107720375061
1993-12-31,16,AMAT,1.5297976432002178,1.8015127623992968,1.2580825240011386,0.6651732921600342,0.3091883063316345
1993-12-31,17,SCHW,1.5202078915785435,1.7873632444170304,1.2530525387400564,0.6610590815544128,0.3081664741039276
1993-12-31,18,CAH,1.4740368767921446,1.1375915497794296,1.8104822038048594,0.4721270203590393,0.4214072823524475
1993-12-31,19,AOS,1.4617701321226302,1.7998035457251043,1.1237367185201559,0.664676308631897,0.2818962037563324
1993-12-31,20,LRCX,1.4275930786433655,2.1555317548991435,0.6996544023875875,0.7681102752685547,0.19574466347694397
1994-01-31,1,WSM,3.829604218034407,3.4728510911831685,4.186357344885646,1.1547017097473145,0.9162906408309937
1994-01-31,2,BCO,2.583871008328523,2.40782148342838,2.7599205332286654,0.843253493309021,0.6291301250457764
1994-01-31,3,VRTX,2.3299715427200893,1.7144966527746452,2.9454464326655336,0.640503466129303,0.6664789319038391
1994-01-31,4,BBY,2.312945019542187,1.5122350840578889,3.1136549550264854,0.5813558101654053,0.700341522693634
1994-01-31,5,ROP,2.2417380344124425,3.9277176051884837,0.5557584636364012,1.2877190113067627,0.1854032725095749
1994-01-31,6,HUM,2.2008257469859354,2.5016483262830693,1.9000031676888016,0.8706914186477661,0.4560174345970154
1994-01-31,7,APH,2.1979162386451736,2.456368760360715,1.939463716929632,0.8574502468109131,0.4639613628387451
1994-01-31,8,LOW,2.1898975118925934,2.643866520488591,1.7359285032965954,0.9122804999351501,0.42298704385757446
1994-01-31,9,HST,2.165852353699025,2.061797343864222,2.2699073635338274,0.7420651316642761,0.5304840207099915
1994-01-31,10,KLAC,2.1584372031222454,2.3204725841440013,1.9964018221004896,0.8177099227905273,0.47542375326156616
1994-01-31,11,MHK,1.9895035755097576,2.5430370903423047,1.4359700606772108,0.8827947974205017,0.36260145902633667
1994-01-31,12,STZ,1.9559333216840433,1.6333519610397171,2.2785146823283693,0.6167742013931274,0.5322167873382568
1994-01-31,13,CMCSA,1.9195362160330558,1.6961490017027006,2.1429234303634113,0.6351380348205566,0.504920482635498
1994-01-31,14,IDXX,1.907215482882859,1.801911183480258,2.01251978228546,0.6660662293434143,0.4786685109138489
1994-01-31,15,AMAT,1.898206021951499,2.366936776837189,1.4294752670658086,0.8312975168228149,0.3612939715385437
1994-01-31,16,ZBRA,1.8491277601940181,2.4596050824301057,1.2386504379579308,0.8583966493606567,0.3228784203529358
1994-01-31,17,AOS,1.70452709918088,1.7645010695529348,1.644553128808825,0.6551263332366943,0.40459197759628296
1994-01-31,18,MU,1.6849720055160506,2.6111826841872303,0.758761326844871,0.9027227163314819,0.2262704223394394
1994-01-31,19,DHI,1.6701013501466169,1.6913124551360943,1.6488902451571394,0.6337236762046814,0.40546509623527527
1994-01-31,20,WDC,1.6477933118015025,-0.2830669527479261,3.578653576350931,0.056352924555540085,0.7939518690109253
1994-02-28,1,WSM,3.5996611282346986,3.342248454745961,3.857073801723436,1.085953950881958,0.8590437769889832
1994-02-28,2,HST,2.987085586729026,2.6668445949069093,3.307326578551142,0.8960232734680176,0.7505871057510376
1994-02-28,3,HUM,2.790777969873293,3.1554453362950445,2.426110603451541,1.0334229469299316,0.5767367482185364
1994-02-28,4,KLAC,2.6433632309039394,3.0203331098533086,2.26639335195457,0.9954279661178589,0.5452269911766052
1994-02-28,5,WDC,2.6338289002838655,0.5035502212654888,4.764107579302242,0.28768211603164673,1.0379875898361206
1994-02-28,6,VRTX,2.3237566965882555,1.7630043138412492,2.8845090793352615,0.6418538689613342,0.6671717166900635
1994-02-28,7,BCO,2.214277148036666,2.6272738493129637,1.8012804467603685,0.8848955631256104,0.45346736907958984
1994-02-28,8,LOW,2.1465431054838033,2.32509703463819,1.967989176329417,0.7999202609062195,0.4863564372062683
1994-02-28,9,BBY,1.9129732314319934,1.384869183783278,2.4410772790807087,0.5355182886123657,0.5796894431114197
1994-02-28,10,MU,1.8879905646534696,2.934490798323855,0.8414903309830842,0.9712882041931152,0.2641155421733856
1994-02-28,11,AMAT,1.8722957453314533,2.769267271819381,0.9753242188435255,0.9248256087303162,0.2905189096927643
1994-02-28,12,APH,1.8628489807486708,2.1677320396382322,1.557965921859109,0.7556675672531128,0.40546515583992004
1994-02-28,13,EHC,1.8519157439410174,0.6426012515411988,3.061230236340836,0.32678472995758057,0.7020360827445984
1994-02-28,14,RHI,1.763974053365968,2.5937517312285765,0.9341963755033594,0.8754687905311584,0.2824050188064575
1994-02-28,15,MHK,1.7563153525735866,2.458365867820276,1.054264837326897,0.8373968601226807,0.30609267950057983
1994-02-28,16,ZBRA,1.5610460535071333,1.908555652785114,1.2135364542291527,0.6827844381332397,0.3375145196914673
1994-02-28,17,LRCX,1.5007925947781542,2.23004241987266,0.7715427696836484,0.773189902305603,0.25031596422195435
1994-02-28,18,FICO,1.473749803464724,1.2983715000612481,1.6491281068682,0.5111942291259766,0.4234500527381897
1994-02-28,19,CAT,1.3823554929753081,1.706259298309435,1.0584516876411811,0.6258965730667114,0.3069186806678772
1994-02-28,20,AOS,1.323690873604732,1.7980718131210036,0.8493099340884602,0.6517152190208435,0.2656582295894623
1994-03-31,1,WSM,3.5429813719396925,4.21586111735562,2.870101626523765,1.284511685371399,0.6409614682197571
1994-03-31,2,WDC,3.1537204370077396,1.7674853857712272,4.539955488244252,0.6214033961296082,0.9891281127929688
1994-03-31,3,KLAC,3.080613545189864,3.5887372234724575,2.5724898669072704,1.1146639585494995,0.5789090394973755
1994-03-31,4,HST,2.9322079449031255,2.687019452025963,3.1773964377802884,0.8704463243484497,0.7050328254699707
1994-03-31,5,EHC,2.6171516534794272,1.5081901276087342,3.7261131793501203,0.551176905632019,0.8194409608840942
1994-03-31,6,HUM,2.5622574951715453,3.24350098323236,1.8810140071107302,1.0211615562438965,0.4347354471683502
1994-03-31,7,VRTX,2.417723989660022,2.4945191787891683,2.3409288005308757,0.8183103203773499,0.5306282639503479
1994-03-31,8,LOW,2.4156440463073023,2.6093491657075893,2.2219389269070153,0.8494104146957397,0.5058187246322632
1994-03-31,9,MU,2.2803157647741377,3.3992843498306193,1.1613471797176558,1.0633533000946045,0.2846840023994446
1994-03-31,10,THC,2.093637727608239,1.4003405278032501,2.786934927413228,0.521967351436615,0.6236211061477661
1994-03-31,11,BBY,2.080703056080286,2.06033395057388,2.1010721615866914,0.7007173299789429,0.48061785101890564
1994-03-31,12,NL,2.0698553668461583,1.5917223721571412,2.5479883615351757,0.5738004446029663,0.5738004446029663
1994-03-31,13,COO,2.0452869459140004,0.970182589895459,3.1203913019325418,0.40546509623527527,0.6931471824645996
1994-03-31,14,AMAT,1.8930409664911472,2.6438954576133264,1.1421864753689681,0.8587667942047119,0.28068897128105164
1994-03-31,15,BCO,1.83816104379925,2.4893269134144433,1.1869951741840565,0.8169040679931641,0.29003164172172546
1994-03-31,16,STE,1.8377596077144833,1.9992682177356749,1.6762509976932918,0.6841785311698914,0.3920421004295349
1994-03-31,17,UHS,1.7494111538504902,1.4341746520850052,2.064647655615975,0.531130850315094,0.47302329540252686
1994-03-31,18,AOS,1.643898734009047,1.8435306270539138,1.44426684096418,0.6419991850852966,0.34367311000823975
1994-03-31,19,CSCO,1.6383714522096975,1.3958897002298836,1.8808532041895116,0.5207619071006775,0.43470191955566406
1994-03-31,20,UNH,1.5860192162857718,1.7811362922546516,1.3909021403168922,0.6251005530357361,0.33254650235176086
1994-04-30,1,WDC,4.840901230565396,3.671728852529915,6.010073608600877,1.0986121892929077,1.2163952589035034
1994-04-30,2,WSM,3.7683505496772396,4.283399274998822,3.253301824355657,1.27145516872406,0.6516905426979065
1994-04-30,3,MCHP,3.625054838239871,5.293624585573542,1.9564850909061995,1.5569199323654175,0.38604703545570374
1994-04-30,4,MU,3.189718396861128,4.245165865855416,2.1342709278668406,1.2606513500213623,0.42246517539024353
1994-04-30,5,EHC,2.529054843044988,1.8884697310506364,3.1696399550393397,0.5947071313858032,0.6345530152320862
1994-04-30,6,KLAC,2.332709799180532,3.0389110673676023,1.6265085309934613,0.9197934865951538,0.31845372915267944
1994-04-30,7,HUM,2.3239010128665685,2.8063504047602703,1.8414516209728669,0.8540775775909424,0.36248326301574707
1994-04-30,8,THC,2.237984762284019,1.8850466999922602,2.5909228245757774,0.5937398672103882,0.5160070061683655
1994-04-30,9,HST,2.0042584116009614,1.8925766089595957,2.115940214242327,0.5958676338195801,0.41871026158332825
1994-04-30,10,LOW,1.9607708727693047,2.0903572679256004,1.831184477613009,0.6517555713653564,0.3603801131248474
1994-04-30,11,CAT,1.9468614481709154,2.0844045097607964,1.8093183865810345,0.6500734686851501,0.35590100288391113
1994-04-30,12,COO,1.906751620056407,1.4471592275615517,2.3663440125512625,0.4700036644935608,0.4700036644935608
1994-04-30,13,UHS,1.8069186894454838,1.7784319807287705,1.835405398162197,0.5636131763458252,0.36124473810195923
1994-04-30,14,BBY,1.7779486129347268,2.4681564971015892,1.0877407287678647,0.7585123181343079,0.20809105038642883
1994-04-30,15,AMAT,1.7494399724577714,2.3581820268707707,1.1406979180447723,0.7274362444877625,0.218938946723938
1994-04-30,16,BC,1.6292606004630321,1.1208270675028384,2.1376941334232256,0.377790242433548,0.4231663942337036
1994-04-30,17,GAP,1.5273432402046838,0.9663677479340667,2.088318732475301,0.33414384722709656,0.41305220127105713
1994-04-30,18,CSCO,1.44962398944828,1.290523705661669,1.6087242732348914,0.42574232816696167,0.31481075286865234
1994-04-30,19,CLF,1.4332307808275135,1.1244404661684484,1.7420210954865787,0.3788112998008728,0.3421156406402588
1994-04-30,20,VTR,1.4170607203614405,0.8730806595796513,1.9610407811432295,0.30778321623802185,0.38698023557662964
1994-05-31,1,MU,3.8555986953931045,4.333286309165411,3.3779110816207982,1.3806171417236328,0.6553816199302673
1994-05-31,2,WSM,3.7516352761003917,4.092178826278635,3.411091725922148,1.3090630769729614,0.6620069742202759
1994-05-31,3,WDC,3.599903155525691,3.6327603330248492,3.5670459780265324,1.1727203130722046,0.6931471824645996
1994-05-31,4,KLAC,3.5959785188707327,3.8430062959001106,3.348950741841355,1.2351155281066895,0.6495989561080933
1994-05-31,5,MCHP,2.8850466270595003,4.312539237597083,1.4575540165219183,1.374459981918335,0.27193379402160645
1994-05-31,6,COO,2.7113274760843282,2.768699230629862,2.6539557215387948,0.9162907600402832,0.5108256340026855
1994-05-31,7,EHC,2.6479429507635133,2.1903202826582597,3.105565618868767,0.7446438074111938,0.601000964641571
1994-05-31,8,LOW,2.367518580300491,2.5378935826119573,2.197143577989024,0.8477939963340759,0.41961154341697693
1994-05-31,9,THC,2.3174321382491954,2.4349174109322536,2.1999468655661367,0.8172335028648376,0.4201712906360626
1994-05-31,10,HOLX,2.214919638196432,1.233935916841611,3.1959033595512527,0.4608152508735657,0.6190391778945923
1994-05-31,11,FOSL,2.1133326025597956,2.8969856245655268,1.3296795805540649,0.9543626308441162,0.24640043079853058
1994-05-31,12,BBY,2.054392114166632,3.10348466229869,1.0052995660345743,1.0156458616256714,0.18162976205348969
1994-05-31,13,AMAT,1.9939220082164892,2.1618526091716532,1.825991407261325,0.7361953854560852,0.3455016314983368
1994-05-31,14,APH,1.8674462587765617,2.395802251945905,1.3390902656072183,0.8056252002716064,0.24827951192855835
1994-05-31,15,BC,1.8519016582185452,1.585802836311163,2.1180004801259273,0.565239667892456,0.4038086235523224
1994-05-31,16,STE,1.7861955413612154,1.7286238292328564,1.8437672534895744,0.6076250076293945,0.34905102849006653
1994-05-31,17,HUM,1.731894230868602,2.0167980423592393,1.4469904193779648,0.6931471824645996,0.2698245048522949
1994-05-31,18,RHI,1.6934316768377395,2.005077654087784,1.381785699587695,0.6896688938140869,0.2568047344684601
1994-05-31,19,HST,1.619554453043469,1.809929855375906,1.4291790507110318,0.6317543983459473,0.2662680149078369
1994-05-31,20,IDXX,1.6034955132272182,1.7707337567008639,1.4362572697535725,0.6201220750808716,0.267681360244751
1994-06-30,1,COO,4.56598463372567,4.704267225341481,4.42770204210986,1.3862943649291992,0.8754687905311584
1994-06-30,2,HOLX,3.7607437301936852,2.9179742966813693,4.603513163706001,0.8803586959838867,0.9102116823196411
1994-06-30,3,MCHP,3.296464262748437,4.704267646230389,1.8886608792664852,1.3862944841384888,0.3737165033817291
1994-06-30,4,MU,3.273015220435714,3.499093085899013,3.0469373549724152,1.044950246810913,0.6026091575622559
1994-06-30,5,WSM,2.9609273367336675,3.715611808349325,2.20624286511801,1.1062753200531006,0.4364754259586334
1994-06-30,6,EHC,2.803146483391676,2.1012017021684124,3.505091264614939,0.6490224003791809,0.6931471824645996
1994-06-30,7,KLAC,2.632227290186485,2.6289854490307913,2.635469131342178,0.7985077500343323,0.5212969183921814
1994-06-30,8,WDC,2.5608142838667804,3.357783423214362,1.7638451445191983,1.0049268007278442,0.3490510582923889
1994-06-30,9,HST,1.9446622537390572,2.0515130308630596,1.8378114766150548,0.6349489688873291,0.36366790533065796
1994-06-30,10,BC,1.8680440884340346,1.7502007664460597,1.9858874104220092,0.5496076345443726,0.39292991161346436
1994-06-30,11,NL,1.8562399637047204,2.029127422985627,1.683352504423814,0.6286086440086365,0.33314451575279236
1994-06-30,12,THC,1.777285646454173,1.7686748432618713,1.7858964496464749,0.554840087890625,0.35340872406959534
1994-06-30,13,BBY,1.7648198524319194,2.777551236480315,0.7520884683835238,0.8405863642692566,0.14911289513111115
1994-06-30,14,RHI,1.675724737779201,1.7725794296565192,1.578870045901883,0.5559459924697876,0.31249722838401794
1994-06-30,15,UHS,1.6472177989269605,1.8411386551285251,1.4532969427253961,0.5753641724586487,0.28768211603164673
1994-06-30,16,DXC,1.6052572941188865,1.784688613969036,1.4258259742687371,0.5593757033348083,0.2822534441947937
1994-06-30,17,APH,1.5413183726311983,1.7276023992258982,1.3550343460364982,0.543207049369812,0.26826396584510803
1994-06-30,18,FICO,1.530129254303115,1.7841286212776404,1.27612988732859,0.559217095375061,0.2526712715625763
1994-06-30,19,HUM,1.4739972959514112,1.774788465087403,1.1732061268154192,0.5565716624259949,0.2323320060968399
1994-06-30,20,UNH,1.4693991863856528,1.4953540060809674,1.4434443666903383,0.47742682695388794,0.2857351005077362
1994-07-31,1,COO,3.7962932168286105,4.511908141395375,3.080678292261845,1.2992829084396362,0.6061357259750366
1994-07-31,2,HOLX,3.7271337658017565,2.9964616541358344,4.4578058774676785,0.8708283305168152,0.8989992141723633
1994-07-31,3,MCHP,3.061888240918722,4.462090903610312,1.661685578227132,1.2851983308792114,0.30436909198760986
1994-07-31,4,MU,3.039328091558311,2.91955273568395,3.159103447432672,0.8490842580795288,0.6228138208389282
1994-07-31,5,NL,3.0158806152342077,2.8107051280425357,3.2210561024258797,0.8183103203773499,0.6359888315200806
1994-07-31,6,WDC,2.8555785160699294,3.90772476586692,1.8034322662729383,1.128465175628662,0.3345133066177368
1994-07-31,7,BBY,2.2045598906291826,3.1598153915876095,1.2493043896707552,0.9170125126838684,0.21667104959487915
1994-07-31,8,KLAC,2.154630760840066,2.6629239681880166,1.6463375534921156,0.7765288949012756,0.3011051416397095
1994-07-31,9,RHI,2.1494272797036507,2.04385487312707,2.254999686280231,0.6015025973320007,0.43054479360580444
1994-07-31,10,WSM,2.086503211965621,3.494375353396704,0.6786310705345383,1.0116009712219238,0.09531019628047943
1994-07-31,11,BIO,1.836035736920384,0.6451334101155798,3.026938063725188,0.2060490995645523,0.594707190990448
1994-07-31,12,FICO,1.6541572500813473,1.8318261314675457,1.476488368695149,0.5415567755699158,0.2649845778942108
1994-07-31,13,BC,1.5923136256896138,1.9638314813201336,1.2207957700590937,0.5788779854774475,0.2106083333492279
1994-07-31,14,UHS,1.5394254587297223,1.6505447238950406,1.4283061935644041,0.49030399322509766,0.2547380328178406
1994-07-31,15,NUE,1.5214471420586289,1.5996491315976171,1.4432451525196406,0.47591453790664673,0.2579149901866913
1994-07-31,16,ORCL,1.441896820875428,1.4039261010283557,1.4798675407225,0.4205787479877472,0.2657032012939453
1994-07-31,17,LOW,1.4124265303318655,1.919839466121778,0.9050135945419531,0.5664403438568115,0.14345328509807587
1994-07-31,18,DXC,1.3218843659283923,1.3451625264086409,1.2986062054481438,0.4039648175239563,0.22715570032596588
1994-07-31,19,CDNS,1.2973096652062546,0.6466998175499558,1.9479195128625535,0.20649196207523346,0.36524033546447754
1994-07-31,20,FOSL,1.271481939287748,2.0713131732458927,0.4716507053296033,0.6092657446861267,0.05129322037100792
1994-08-31,1,COO,5.259604998958093,4.279045521653908,6.240164476262277,1.252763032913208,1.252763032913208
1994-08-31,2,HOLX,3.3120552298687866,3.065643359054136,3.5584671006834374,0.9108706712722778,0.6931471824645996
1994-08-31,3,WDC,2.876406211099652,4.367408922528572,1.3854034996707325,1.277660608291626,0.23967288434505463
1994-08-31,4,MCHP,2.6418336150485366,4.143048910094011,1.1406183200030624,1.2144441604614258,0.18859118223190308
1994-08-31,5,MU,2.4769559326580826,2.4495792417722497,2.504332623543915,0.7372863292694092,0.4731706976890564
1994-08-31,6,WSM,2.431072990704952,3.623575886723185,1.238570094686719,1.0680756568908691,0.20903173089027405
1994-08-31,7,NL,2.182030604905056,1.8749051124527294,2.489156097357383,0.5753641724586487,0.4700036644935608
1994-08-31,8,RHI,1.8941382828633349,1.9909021725381832,1.7973743931884862,0.6080479025840759,0.325642853975296
1994-08-31,9,SWKS,1.7716119029809716,1.8578009287622417,1.6854228771997015,0.5705448389053345,0.30228084325790405
1994-08-31,10,BIO,1.6460785981429757,0.7041934417456092,2.5879637545403424,0.24550043046474457,0.4906228184700012
1994-08-31,11,KLAC,1.61932385481287,2.292926031003785,0.945721678621955,0.6931471824645996,0.14792020618915558
1994-08-31,12,LOW,1.5993780945803402,2.1559169820789426,1.0428392070817378,0.6545430421829224,0.16818666458129883
1994-08-31,13,EHC,1.5831538084371335,2.5818755703426715,0.5844320465315954,0.7745625972747803,0.07252638787031174
1994-08-31,14,BC,1.5808058577448585,1.9071158939504658,1.2544958215392514,0.5844399929046631,0.2123551070690155
1994-08-31,15,UHS,1.5683721866188303,1.787182470620777,1.3495619026168832,0.5506471395492554,0.2321934700012207
1994-08-31,16,FOSL,1.5329010660534812,1.7969000500678112,1.268902082039151,0.5533851981163025,0.21536140143871307
1994-08-31,17,APH,1.5305516997900193,1.9324118086313737,1.1286915909486646,0.5915674567222595,0.18610231578350067
1994-08-31,18,FICO,1.5243951204235906,1.9638432714386675,1.0849469694085137,0.6004236936569214,0.17697370052337646
1994-08-31,19,BBY,1.315742830248705,2.104851299876032,0.5266343606213779,0.6401546001434326,0.06046518310904503
1994-08-31,20,VTR,1.306465721859956,1.5331743955471577,1.0797570481727545,0.47907695174217224,0.17589066922664642
1994-09-30,1,COO,6.585192817103944,6.370309981566829,6.800075652641058,1.9924300909042358,1.2992829084396362
1994-09-30,2,HOLX,3.929882633400279,4.0619123534722,3.7978529133283576,1.2878543138504028,0.7282384634017944
1994-09-30,3,WSM,2.6859101857910836,3.2709238877794222,2.100896483802745,1.04642653465271,0.40546509623527527
1994-09-30,4,BIO,2.403952381159916,1.7053725462678595,3.1025322160519724,0.5685844421386719,0.5959834456443787
1994-09-30,5,FOSL,2.1977149283922026,2.29453337298166,2.100896483802745,0.7484098076820374,0.40546509623527527
1994-09-30,6,EHC,2.0978775769082816,3.179656333391354,1.0160988204252086,1.0185695886611938,0.19912874698638916
1994-09-30,7,MCHP,1.8829125852793738,2.670941684362209,1.0948834861965384,0.863298237323761,0.21411415934562683
1994-09-30,8,MU,1.8794747646728356,1.9325773232261418,1.8263722061195293,0.637932538986206,0.35324859619140625
1994-09-30,9,BBY,1.748308107523704,2.2273437430310516,1.2692724720163564,0.7279019951820374,0.2472842037677765
1994-09-30,10,RHI,1.6703506397966872,1.4875233566179666,1.8531779229754075,0.5020918846130371,0.35834723711013794
1994-09-30,11,KLAC,1.6682205976772386,2.3642446840484332,0.9721965113060439,0.769687294960022,0.1907782107591629
1994-09-30,12,THC,1.5900546109545495,2.3944741981118756,0.7856350237972235,0.7789140343666077,0.15529286861419678
1994-09-30,13,VTR,1.5434082154729007,1.9444616218156605,1.1423548091301408,0.641559898853302,0.2231435477733612
1994-09-30,14,MSFT,1.522559814102437,1.2729186857402046,1.7722009424646694,0.43658962845802307,0.34294483065605164
1994-09-30,15,SWKS,1.4940419948283554,0.40154184594136566,2.586542143715345,0.1706254780292511,0.49783840775489807
1994-09-30,16,WDC,1.4907857371674509,3.056007643896097,-0.07443616956119517,0.9808291792869568,-0.008298883214592934
1994-09-30,17,UNH,1.4555570842816636,1.7036815963116239,1.2074325722517032,0.5680683255195618,0.2355218082666397
1994-09-30,18,ORCL,1.4167645132771303,1.5033892672478701,1.3301397593063902,0.5069345235824585,0.25886160135269165
1994-09-30,19,APH,1.4137772069625347,1.4306925771008387,1.3968618368242305,0.4847458302974701,0.2715526223182678
1994-09-30,20,UHS,1.3169841329687983,1.880823982713184,0.7531442832244127,0.6221362352371216,0.14911289513111115
1994-10-31,1,COO,4.698191690814792,4.583846293512021,4.812537088117562,1.3862943649291992,0.9162907600402832
1994-10-31,2,HOLX,4.023245919522272,3.755544717524751,4.2909471215197925,1.1394343376159668,0.8209805488586426
1994-10-31,3,WSM,3.117687351783992,3.7603101839100685,2.475064519657915,1.1408545970916748,0.4891640543937683
1994-10-31,4,NL,2.627527798480467,2.57789453661295,2.6771610603479834,0.7884573936462402,0.5260931849479675
1994-10-31,5,BIO,2.489395527106777,1.8493973622986433,3.129393691914911,0.5713422298431396,0.6087297201156616
1994-10-31,6,MCHP,2.4164957592206955,2.6747388212820065,2.158252697159385,0.8173200488090515,0.4312729835510254
1994-10-31,7,EHC,2.265697361542193,3.0770071424375827,1.4543875806468027,0.9372087121009827,0.3026556074619293
1994-10-31,8,VTR,1.8658495334952259,2.258095503174211,1.4736035638162406,0.6931471824645996,0.30616694688796997
1994-10-31,9,KLAC,1.8358770717255997,2.0927739384788326,1.578980204972367,0.6438761353492737,0.3254224359989166
1994-10-31,10,APH,1.7892455996008128,1.467923158115277,2.1105680410863488,0.4576508700847626,0.42255955934524536
1994-10-31,11,ADBE,1.660186662334038,1.901535500443663,1.418837824224413,0.5868810415267944,0.2961595952510834
1994-10-31,12,FICO,1.6167730989750555,1.7384258737297185,1.4951203242203925,0.5382692217826843,0.31009870767593384
1994-10-31,13,SWKS,1.592550321249338,-0.06765528716359812,3.252755929662274,0.0,0.6312717199325562
1994-10-31,14,HUM,1.5527100703789904,1.9691020060063822,1.1363181347515985,0.607017993927002,0.24453473091125488
1994-10-31,15,CDNS,1.487689503119972,1.7640865542526725,1.2112924519872714,0.5459169149398804,0.25823479890823364
1994-10-31,16,IBM,1.4296374830334106,1.6878674912913305,1.171407474775491,0.5232012271881104,0.25094661116600037
1994-10-31,17,MDT,1.404102702644774,1.457333555027759,1.3508718502617891,0.454494833946228,0.28374016284942627
1994-10-31,18,FOSL,1.3889901761496681,1.7162486955359344,1.0617316567634019,0.531659722328186,0.23090553283691406
1994-10-31,19,WDC,1.3491073054762148,3.590494145231257,-0.8922795342788271,1.0902440547943115,-0.1261512190103531
1994-10-31,20,AME,1.3478678063739606,0.879713050416421,1.8160225623315003,0.2823456823825836,0.36873722076416016
1994-11-30,1,COO,3.8411647932505106,4.083217763488148,3.599111823012873,1.252763032913208,0.7419373989105225
1994-11-30,2,HOLX,3.646736839135684,4.150553035274535,3.142920642996833,1.272965669631958,0.653926432132721
1994-11-30,3,NL,3.0300787307888255,3.198719986486616,2.8614374750910354,0.9873867034912109,0.5996211171150208
1994-11-30,4,IT,2.9295663545899613,2.9170187495678506,2.9421139596120724,0.9028677344322205,0.6151856780052185
1994-11-30,5,INTU,2.7938617312837293,2.350635353356256,3.237088109211203,0.7329354286193848,0.6720937490463257
1994-11-30,6,WSM,2.691320772552705,3.489884484804151,1.892757060301259,1.0747449398040771,0.4127378463745117
1994-11-30,7,MCHP,2.4779062940076333,2.531544462911261,2.424268125104006,0.7872136831283569,0.5152799487113953
1994-11-30,8,SWKS,2.271466276994608,0.6830944642789314,3.8598380897102844,0.23262226581573486,0.792238175868988
1994-11-30,9,BIO,2.079097043799176,2.315579070519063,1.8426150170792888,0.7224174737930298,0.40306416153907776
1994-11-30,10,FICO,1.934495788789791,1.8725844051044527,1.9964071724751293,0.5895055532455444,0.4327346086502075
1994-11-30,11,KLAC,1.8708925098856635,2.8225402972437523,0.9192447225275747,0.8745213150978088,0.22492237389087677
1994-11-30,12,LRCX,1.7423451029798742,1.6726454685443433,1.8120447374154054,0.5295177698135376,0.39716637134552
1994-11-30,13,VTR,1.7025169514701535,2.00640308628869,1.398630816651617,0.6296552419662476,0.3174082338809967
1994-11-30,14,ORCL,1.6824928100979286,1.3743592377558564,1.9906263824400008,0.4400227963924408,0.4316193461418152
1994-11-30,15,CDNS,1.5682182438683356,1.716163160628862,1.420273327107809,0.542574405670166,0.32158362865448
1994-11-30,16,EHC,1.5143038218460068,2.4448432281213086,0.5837644155707049,0.7612006664276123,0.1601996272802353
1994-11-30,17,ADBE,1.4604394274328476,1.6108186949644239,1.3100601599012713,0.5109678506851196,0.30032068490982056
1994-11-30,18,HUM,1.4545906247022522,1.7262865756463597,1.1828946737581445,0.5456117391586304,0.27578720450401306
1994-11-30,19,ADSK,1.441455079060664,1.5143038584487,1.3686062996726278,0.48201045393943787,0.3116157352924347
1994-11-30,20,AAPL,1.3905446658840748,1.0932639197468474,1.6878254120213023,0.35568562150001526,0.37320128083229065
1994-12-31,1,COO,3.302957950411327,4.4828175347495645,2.1230983660730898,1.2809338569641113,0.40546509623527527
1994-12-31,2,INTU,2.861826352399599,2.0306307614487866,3.6930219433504115,0.5877867341041565,0.6967378854751587
1994-12-31,3,IT,2.8292712630137595,2.7588109957410425,2.899731530286477,0.7936177253723145,0.5495562553405762
1994-12-31,4,HOLX,2.78388097381635,4.145633073453973,1.422128874178728,1.1856236457824707,0.27541205286979675
1994-12-31,5,BIO,2.745084026218122,3.067555007121196,2.4226130453150487,0.880888819694519,0.46103498339653015
1994-12-31,6,VIAV,2.404790871648162,1.9011144699314362,2.908467273364888,0.5511770248413086,0.5511770248413086
1994-12-31,7,MCHP,2.23169664319727,2.562131938815487,1.901261347579053,0.7380234599113464,0.3643069863319397
1994-12-31,8,RHI,2.1963591251897188,2.4033705296418644,1.989347720737573,0.6931471824645996,0.3806499242782593
1994-12-31,9,FICO,2.1846663362911394,2.2663243952635446,2.103008277318734,0.6544090509414673,0.4017377197742462
1994-12-31,10,WSM,2.1719745343253374,2.6488433225627386,1.6951057460879362,0.7625337243080139,0.3260582983493805
1994-12-31,11,BBY,2.1137111083044537,1.9889042265368189,2.2385179900720886,0.5759921073913574,0.42687925696372986
1994-12-31,12,STE,2.0958351973114886,2.0249291338166002,2.166741260806377,0.5861750841140747,0.4135622978210449
1994-12-31,13,NL,2.088507177015907,2.3619927684309814,1.8150215856008327,0.681451141834259,0.34830665588378906
1994-12-31,14,MU,1.9985257059535955,2.8662145285292655,1.1308368833779254,0.8239769339561462,0.221367746591568
1994-12-31,15,APH,1.9349592908090743,2.1017247167658955,1.7681938648522533,0.6078824996948242,0.3396185636520386
1994-12-31,16,ADSK,1.923707388375586,1.841870174912072,2.0055446018391,0.534430742263794,0.38365498185157776
1994-12-31,17,CDNS,1.9171479773699396,2.135073724247147,1.6992222304927325,0.6173090934753418,0.32682204246520996
1994-12-31,18,QCOM,1.9140855937500973,0.4941352122704314,3.3340359752297632,0.1534733772277832,0.630134105682373
1994-12-31,19,KLAC,1.8177584492730505,2.5492783416429745,1.0862385569031265,0.7343901991844177,0.21309328079223633
1994-12-31,20,WDC,1.80599225348872,2.172062081974484,1.4399224250029563,0.6277644038200378,0.2787133455276489
1995-01-31,1,FICO,3.1044649111659868,3.0983404458589168,3.1105893764730568,0.9211007952690125,0.656116247177124
1995-01-31,2,COO,2.9860586121361727,3.692372018501745,2.279745205770601,1.0986123085021973,0.4924764931201935
1995-01-31,3,HOLX,2.804999383828802,4.139226567312622,1.4707722003449824,1.2321436405181885,0.3331443965435028
1995-01-31,4,STE,2.733815042788656,2.3355074293551445,3.132122656222167,0.6931471824645996,0.6603573560714722
1995-01-31,5,BIO,2.686708959338722,3.4314783465188383,1.941939572158606,1.0206507444381714,0.42594364285469055
1995-01-31,6,IT,2.673058621116918,2.7457885780009472,2.600328664232889,0.81574946641922,0.5556173324584961
1995-01-31,7,NL,2.6280331246731583,3.4681245508062095,1.7879416985401075,1.0316015481948853,0.39561283588409424
1995-01-31,8,INTU,2.417256181752941,1.516854993627905,3.3176573698779777,0.44851332902908325,0.6968995332717896
1995-01-31,9,TRMB,2.370346649628164,2.0911329129897487,2.64956038626658,0.620121955871582,0.5653138160705566
1995-01-31,10,VIAV,2.205364026809911,1.611929697472184,2.7987983561476377,0.47692403197288513,0.5947071313858032
1995-01-31,11,ADSK,2.0657967160778226,1.9402987286583044,2.1912947034973405,0.5750489234924316,0.47505563497543335
1995-01-31,12,MU,1.9769339466191758,2.924234074774382,1.0296338184639693,0.8690734505653381,0.24625954031944275
1995-01-31,13,SWKS,1.8064278758436825,1.4064298896581677,2.206425862029197,0.4155155420303345,0.4780358076095581
1995-01-31,14,WSM,1.729902497973156,1.663975569332157,1.7958294266141555,0.4924766421318054,0.39716637134552
1995-01-31,15,WDC,1.6066105167348947,2.0484938323889175,1.164727201080872,0.6073803305625916,0.27286699414253235
1995-01-31,16,APH,1.5538928368386093,1.2698213316285305,1.8379643420486884,0.37469348311424255,0.40546509623527527
1995-01-31,17,KLAC,1.5280189632606125,1.9186655322419655,1.1373723942792593,0.5685843825340271,0.2674793004989624
1995-01-31,18,AAPL,1.3997720847800381,1.025474540668612,1.774069628891464,0.30167654156684875,0.3928806483745575
1995-01-31,19,CDNS,1.3852580356982551,1.934600060784264,0.8359160106122464,0.5733460187911987,0.2081056535243988
1995-01-31,20,EHC,1.351029932772502,1.249048520367063,1.453011345177941,0.36848604679107666,0.3296462893486023
1995-02-28,1,COO,3.943506782391674,6.049511132187361,1.8375024325959863,1.6094379425048828,0.3566748797893524
1995-02-28,2,SWKS,2.9817600347852546,3.1455521369880612,2.817967932582448,0.8303483128547668,0.5280674695968628
1995-02-28,3,BIO,2.6122502023222385,3.27905895108008,1.9454414535643965,0.8661662340164185,0.37554341554641724
1995-02-28,4,STE,2.5259117924247594,1.5091687199105812,3.542654864938937,0.39133062958717346,0.6547480821609497
1995-02-28,5,HOLX,2.4708094611885176,3.624527508371647,1.3170914140053886,0.9588503837585449,0.2657032012939453
1995-02-28,6,CDNS,2.456100053740033,2.612913435910706,2.2992866715693596,0.6874491572380066,0.43739816546440125
1995-02-28,7,IT,2.361312786474273,2.3544677492925197,2.3681578236560266,0.6181119680404663,0.44943735003471375
1995-02-28,8,INTU,2.3052134129723347,1.3458622873510842,3.2645645385935853,0.3475179076194763,0.6061358451843262
1995-02-28,9,VIAV,2.2528528866923123,1.4287184923924998,3.076987280992125,0.36974701285362244,0.573345959186554
1995-02-28,10,TRMB,2.1471270605189416,2.2788952387996746,2.0153588822382087,0.597836971282959,0.387765496969223
1995-02-28,11,GEN,2.07898843031077,1.2671350903221499,2.8908417702993896,0.32639655470848083,0.5408063530921936
1995-02-28,12,INCY,1.7157273545460308,1.1954117661796002,2.2360429429124613,0.30715423822402954,0.4263426959514618
1995-02-28,13,SCHW,1.672273970276417,1.2206425934029212,2.123905347149913,0.31392329931259155,0.4067402184009552
1995-02-28,14,NL,1.661046720145021,2.4819933336986617,0.8401001065913802,0.6523252129554749,0.18232160806655884
1995-02-28,15,MU,1.6148656238355414,2.4527025929741257,0.7770286546969571,0.6444669365882874,0.17129625380039215
1995-02-28,16,FICO,1.4888374654527956,1.6847859725931666,1.2928889583124246,0.43844616413116455,0.2614724338054657
1995-02-28,17,MDT,1.4167502313408373,1.3727421628376628,1.4607582998440118,0.35472938418388367,0.2908172309398651
1995-02-28,18,STZ,1.3643126490521003,0.9078903982803044,1.8207348998238961,0.23001646995544434,0.3537437915802002
1995-02-28,19,BDX,1.2707615831257084,1.4360436214309453,1.1054795448204713,0.37171223759651184,0.22871188819408417
1995-02-28,20,KLAC,1.2536257973199199,1.4336262022120159,1.0736253924278236,0.3710636794567108,0.2231435477733612
1995-03-31,1,INCY,3.288261262990842,1.9668561118338723,4.609666414147812,0.5369864106178284,0.7814397811889648
1995-03-31,2,VIAV,3.054792244509643,1.8640547951783575,4.245529693840929,0.5108256936073303,0.7221347689628601
1995-03-31,3,MU,2.7156782924903067,2.952124557255548,2.4792320277250655,0.7877159714698792,0.43446725606918335
1995-03-31,4,IT,2.652649328317443,2.5334450073829515,2.771853649251934,0.6811710596084595,0.4821249842643738
1995-03-31,5,SWKS,2.6179595505590374,3.2223094387152043,2.013609662402871,0.8564721941947937,0.358633816242218
1995-03-31,6,CDNS,2.5911776982782153,2.5615686054669538,2.620786791089477,0.6883279085159302,0.4575215280056
1995-03-31,7,HOLX,2.3536356228607076,3.5680730937952534,1.1391981519261616,0.9444615840911865,0.21622306108474731
1995-03-31,8,INTU,1.938953319146465,1.3765764014936381,2.5013302367992916,0.3867729604244232,0.4380662739276886
1995-03-31,9,SCHW,1.9323572180451054,1.7740616001151088,2.090652835975102,0.48792436718940735,0.3711814284324646
1995-03-31,10,TRMB,1.9176669571991098,2.111520535065024,1.723813379333196,0.5738003849983215,0.3114362359046936
1995-03-31,11,PSKY,1.664356055409909,1.6469726690155806,1.6817394418042375,0.45558297634124756,0.304583877325058
1995-03-31,12,DHR,1.6560227697636407,1.742186572816032,1.5698589667112495,0.4798128604888916,0.28636249899864197
1995-03-31,13,COO,1.6488534522489207,4.386287760092232,-1.0885808555943908,1.1526795625686646,-0.14660346508026123
1995-03-31,14,AMGN,1.6457084794716677,1.830972700763501,1.4604442581798343,0.5024070143699646,0.26854270696640015
1995-03-31,15,BIO,1.6322855112448178,2.6881737494067566,0.5763972730828791,0.7205461859703064,0.12456267327070236
1995-03-31,16,GEN,1.6117660947027324,1.2441166248525584,1.9794155645529063,0.35306480526924133,0.35306480526924133
1995-03-31,17,STE,1.369421546333831,0.5524572130424554,2.1863858796252065,0.17705240845680237,0.3867729604244232
1995-03-31,18,AXP,1.3168061022686897,1.6324923138591139,1.0011198906782652,0.4518980383872986,0.19373498857021332
1995-03-31,19,APH,1.290763516292516,1.6442493607095419,0.9372776718754898,0.4548899531364441,0.18333734571933746
1995-03-31,20,BSX,1.27990219251269,1.133745813384933,1.4260585716404472,0.3249778151512146,0.26294249296188354
1995-04-30,1,SWKS,3.9699433192139395,4.4593654725674075,3.4805211658604716,1.2809338569641113,0.6496620774269104
1995-04-30,2,MU,3.54553730211076,2.7465949059006136,4.344479698320907,0.8320279121398926,0.7925479412078857
1995-04-30,3,VIAV,2.8187913112905467,2.420242563211872,3.2173400593692216,0.7464931011199951,0.6061358451843262
1995-04-30,4,INTU,2.7655470776880673,2.482563608318571,3.048530547057564,0.7628270387649536,0.5782172679901123
1995-04-30,5,IT,2.5759809718869855,3.112719618171586,2.0392423256023844,0.9279868006706238,0.4112960398197174
1995-04-30,6,INCY,2.5355707899543,1.4328470439879153,3.638294535920685,0.48770320415496826,0.6757554411888123
1995-04-30,7,ADBE,2.2146699851731046,2.317259718562818,2.1120802517833916,0.7195019721984863,0.42334234714508057
1995-04-30,8,SCHW,2.1973045503664363,1.850704013747764,2.5439050869851085,0.597220778465271,0.494759738445282
1995-04-30,9,BSX,2.036127367076223,1.865399961958742,2.2068547721937044,0.6010724902153015,0.4390166401863098
1995-04-30,10,ATI,1.9912472959363798,1.2907379229595741,2.6917566689131855,0.4504573345184326,0.5192121863365173
1995-04-30,11,CDNS,1.927873684710014,2.0066278400580426,1.8491195293619855,0.6380873918533325,0.3798525631427765
1995-04-30,12,STE,1.821646091103463,1.601397318985489,2.041894863221437,0.5318791270256042,0.4117347300052643
1995-04-30,13,TRMB,1.805133585988171,2.3184557073534826,1.2918114646228593,0.7198154330253601,0.28768211603164673
1995-04-30,14,FICO,1.6668609935681884,1.9259892225739201,1.4077327645624569,0.6169525384902954,0.3068537712097168
1995-04-30,15,GEN,1.5920299111696616,1.0471785240173552,2.136881298321968,0.38662201166152954,0.42744407057762146
1995-04-30,16,BIO,1.5883170617847266,2.563801470994441,0.6128326525750125,0.7841189503669739,0.1753891408443451
1995-04-30,17,TER,1.5547592430675365,1.46781226181942,1.6417062243156528,0.4968673586845398,0.34554949402809143
1995-04-30,18,SANM,1.4968057288523848,1.6707130450647059,1.322898412640064,0.5500463247299194,0.2928234338760376
1995-04-30,19,MDT,1.4616394424989578,1.7055343075996734,1.217744577398242,0.5591727495193481,0.2754325568675995
1995-04-30,20,IDXX,1.4140839648670256,1.2121370802536893,1.616030849480362,0.4298565685749054,0.34130316972732544
1995-05-31,1,SWKS,4.410570955111868,5.107600997994149,3.713540912229586,1.475906491279602,0.6836684346199036
1995-05-31,2,MU,3.2948972741429983,2.622187380232185,3.9676071680538114,0.8192949891090393,0.7250494360923767
1995-05-31,3,INCY,2.9250781679259847,1.8394906942529714,4.010665641598998,0.6125174760818481,0.732062578201294
1995-05-31,4,ADBE,2.4879015801815862,2.489177151030413,2.4866260093327592,0.784155547618866,0.4838348627090454
1995-05-31,5,CDNS,2.4595068765408117,2.517307656418603,2.4017060966630206,0.791587233543396,0.47000354528427124
1995-05-31,6,VIAV,2.4542236939203916,2.9417233258036886,1.966724062037095,0.9037119150161743,0.3991559147834778
1995-05-31,7,TER,2.286290953800154,2.405844226103471,2.166737681496837,0.762140154838562,0.431733101606369
1995-05-31,8,GILD,2.2289202631912493,1.4545655318344857,3.0032749945480126,0.5108256340026855,0.5679839849472046
1995-05-31,9,BSX,2.133588356697364,2.075867439376002,2.1913092740187263,0.6749649047851562,0.43573519587516785
1995-05-31,10,INTC,2.0433175407473962,1.4948486285320728,2.59178645296272,0.5214678645133972,0.5009628534317017
1995-05-31,11,MDT,1.917234794722549,2.1302353045694864,1.7042342848756116,0.689328134059906,0.3564029335975647
1995-05-31,12,IT,1.9000519521686183,2.778066068054194,1.0220378362830425,0.8604759573936462,0.24529029428958893
1995-05-31,13,SCHW,1.81691903936047,1.8015377617289225,1.8323003169920171,0.6024908423423767,0.3772616684436798
1995-05-31,14,SANM,1.6236901546504177,1.139872776544862,2.107507532755973,0.42768821120262146,0.4220860004425049
1995-05-31,15,TRMB,1.6199589800974499,1.9035135793576081,1.3364043808372914,0.629431426525116,0.29649269580841064
1995-05-31,16,ATI,1.4567481974902643,1.0673641275156491,1.8461322674648792,0.40853244066238403,0.37951454520225525
1995-05-31,17,AMGN,1.4441011327663449,1.738082752614293,1.150119512918397,0.5857269167900085,0.2661515772342682
1995-05-31,18,HPQ,1.4295302459832913,1.4603589047671066,1.3987015871994757,0.512356162071228,0.30663934350013733
1995-05-31,19,MSFT,1.3963335517406483,1.6770553738741085,1.1156117296071881,0.5696043372154236,0.26053112745285034
1995-05-31,20,STZ,1.388149479940366,1.6118371741111253,1.1644617857696065,0.5523746013641357,0.2684875726699829
1995-06-30,1,AN,6.267494832479896,5.408189960462176,7.126799704497615,1.5933948755264282,1.450294017791748
1995-06-30,2,SWKS,3.516328842321295,3.684876885312949,3.3477807993296405,1.1359997987747192,0.7595222592353821
1995-06-30,3,MU,3.2077973714578887,3.0871547458952318,3.328439997020545,0.9773547053337097,0.7559869289398193
1995-06-30,4,TRMB,2.6457358216698212,2.95756294180311,2.333908701536532,0.9429589509963989,0.5741952657699585
1995-06-30,5,TER,2.486452219342671,2.775317203844857,2.1975872348404852,0.8945879936218262,0.5492768883705139
1995-06-30,6,BSX,2.1590428766452825,1.9193281532255655,2.3987576000649997,0.6673946976661682,0.5860490798950195
1995-06-30,7,INTC,1.9873199374318793,1.6249469291215033,2.3496929457422553,0.5892611742019653,0.577080488204956
1995-06-30,8,GILD,1.954013415798755,2.1943884501116098,1.7136383814859002,0.7404001355171204,0.4608152508735657
1995-06-30,9,IT,1.9027633694996875,2.754922155689037,1.0506045833103381,0.8891748189926147,0.339618444442749
1995-06-30,10,VIAV,1.7435475471422217,2.628672635083703,0.8584224592007403,0.8556661605834961,0.30448922514915466
1995-06-30,11,NL,1.7363285043621879,2.170158635254158,1.3024983734702176,0.7339691519737244,0.3856624364852905
1995-06-30,12,SCHW,1.7301619127089092,1.5153210188652897,1.9450028065525284,0.5601646900177002,0.5031066536903381
1995-06-30,13,ADBE,1.6773050329875239,1.6599511897982853,1.6946588761767625,0.598551869392395,0.45734596252441406
1995-06-30,14,AMAT,1.668950337567771,1.5455015041408624,1.7923991709946796,0.5681750774383545,0.475212037563324
1995-06-30,15,CDNS,1.6259000286013752,2.032152172675849,1.2196478845269014,0.6973400115966797,0.3705180883407593
1995-06-30,16,MTG,1.5364326127916028,1.390555011309322,1.682310214273884,0.5270497798919678,0.45508873462677
1995-06-30,17,STE,1.5352431005783136,2.1517346428104616,0.9187515583461658,0.7290791273117065,0.315516859292984
1995-06-30,18,SANM,1.4299143284470766,1.9131248409393644,0.9467038159547888,0.6657482385635376,0.32062628865242004
1995-06-30,19,LRCX,1.4273587639232668,1.9999382010754183,0.854779326771115,0.6887899041175842,0.3038232922554016
1995-06-30,20,MDT,1.4196766706128356,1.7109084931636658,1.1284448480620055,0.6120767593383789,0.3538469672203064
1995-07-31,1,AN,5.384328403241617,4.719628108610774,6.04902869787246,1.574346661567688,1.3667072057724
1995-07-31,2,SWKS,3.5392804857503872,3.7753863230377407,3.3031746484630333,1.3022111654281616,0.8241754174232483
1995-07-31,3,MU,3.5226189158747885,3.284718841564988,3.760518990184589,1.160798192024231,0.9145385026931763
1995-07-31,4,REGN,3.1771187149294753,1.6620873563095027,4.692150073549448,0.6931471824645996,1.0986121892929077
1995-07-31,5,BIIB,3.0647207597405313,2.070765009673621,4.058676509807442,0.8109302520751953,0.9734491109848022
1995-07-31,6,SCHW,2.5239256865485102,2.681099536932236,2.3667518361647844,0.9868319034576416,0.6391549706459045
1995-07-31,7,TRMB,2.487718922842419,3.0996554130712757,1.8757824326135621,1.107461929321289,0.5421481728553772
1995-07-31,8,TER,2.42480873652919,2.3902073434146476,2.4594101296437323,0.902995228767395,0.6574625968933105
1995-07-31,9,BSX,2.3367344469144276,2.47052426004128,2.2029446337875753,0.9261429905891418,0.6067895889282227
1995-07-31,10,INTC,2.271742707139904,1.9458002385171376,2.5976851757626704,0.7749147415161133,0.6847832798957825
1995-07-31,11,AMAT,2.236582273334099,1.7074439594669746,2.765720587201224,0.7062191963195801,0.7179840803146362
1995-07-31,12,ADBE,2.208123683819159,1.8922517669207868,2.523995600717531,0.7594817876815796,0.6702235341072083
1995-07-31,13,GEN,2.1758918234420874,2.6853971139622765,1.6663865329218985,0.9880704879760742,0.5007752776145935
1995-07-31,14,GILD,2.023589730580503,1.7873627608008815,2.259816700360125,0.7292522192001343,0.6180264949798584
1995-07-31,15,PENN,2.0131974400253374,1.2899721978029817,2.736422682247693,0.5859016180038452,0.7121953368186951
1995-07-31,16,LRCX,1.9982745867477512,2.125407936401973,1.8711412370935294,0.8266786336898804,0.5412311553955078
1995-07-31,17,VIAV,1.8815116121956752,2.6670420342428267,1.095981190148524,0.9827804565429688,0.3880733549594879
1995-07-31,18,IT,1.8512662354266183,2.5619722734393675,1.140560197413869,0.9524987936019897,0.3968813717365265
1995-07-31,19,TXN,1.603196682999425,1.1078637154404154,2.0985296505584348,0.5334169864654541,0.5861590504646301
1995-07-31,20,KLAC,1.6002525560147065,1.7646488873622244,1.4358562246671887,0.7227059602737427,0.4552266001701355
1995-08-31,1,AN,7.24352474770515,6.279999903176031,8.20704959223427,2.1453261375427246,2.0319974422454834
1995-08-31,2,MU,3.479312014887308,3.2035252490592265,3.7550987807153895,1.2088372707366943,1.0375410318374634
1995-08-31,3,TER,3.17172657952134,3.0968587439817203,3.2465944150609594,1.1763676404953003,0.923953652381897
1995-08-31,4,BIIB,2.869511500039885,2.18219684063318,3.5568261594465906,0.8979415893554688,0.9932518005371094
1995-08-31,5,AMAT,2.762131340735868,1.9868589936716203,3.537403687800116,0.8384801149368286,0.9889132976531982
1995-08-31,6,REGN,2.6683620026975747,3.20867108798247,2.1280529174126794,1.2104036808013916,0.6740989685058594
1995-08-31,7,PENN,2.4347901923642863,1.8662981360768225,3.0032822486517503,0.8017809987068176,0.86960369348526
1995-08-31,8,TRMB,2.385803869352541,2.688050821140404,2.083556917564678,1.0519251823425293,0.6641596555709839
1995-08-31,9,BSX,2.3109726616809856,2.4695273277975183,2.152417995564453,0.9854059219360352,0.6795415282249451
1995-08-31,10,EA,2.2741519874451397,2.2882624104117735,2.2600415644785063,0.9302282929420471,0.7035819888114929
1995-08-31,11,TXN,2.16041601836807,1.5287655649514176,2.792066471784722,0.6990349888801575,0.8224232792854309
1995-08-31,12,SANM,2.1097391677043404,2.36448368090098,1.8549946545077005,0.9534302949905396,0.6131044626235962
1995-08-31,13,CDNS,2.0073647127011163,2.461752764081864,1.5529766613203684,0.9830393195152283,0.5456410646438599
1995-08-31,14,ADBE,2.0072584006101337,1.5124147988385364,2.5021020023817306,0.6940577626228333,0.7576523423194885
1995-08-31,15,VIAV,1.98097513923168,2.6969992548844006,1.2649510235789592,1.0546491146087646,0.48130321502685547
1995-08-31,16,SCHW,1.9797132438383187,2.380257987737224,1.5791684999394133,0.958232045173645,0.5514916777610779
1995-08-31,17,SWKS,1.9610064272147048,2.5943056977426866,1.3277071566867227,1.0233888626098633,0.4953213930130005
1995-08-31,18,LRCX,1.9606114366142653,2.1301026622461126,1.791120210982418,0.8820839524269104,0.5988364815711975
1995-08-31,19,CSCO,1.923479477858983,2.4397938559369963,1.40716509978097,0.9763549566268921,0.5130703449249268
1995-08-31,20,INTC,1.875439557754942,1.823775453056801,1.927103662453083,0.7888369560241699,0.6292118430137634
1995-09-30,1,AN,7.284136419627215,6.132894492096109,8.43537834715832,2.1049749851226807,2.0657541751861572
1995-09-30,2,IAC,3.952685472784932,2.922869465618112,4.982501479951751,1.1055326461791992,1.2878541946411133
1995-09-30,3,MU,3.4982737505099903,3.6906821605413973,3.3058653404785834,1.3445913791656494,0.9101241827011108
1995-09-30,4,REGN,3.4297285958712482,3.597813875590626,3.26164331615187,1.3156768083572388,0.9001613855361938
1995-09-30,5,VIAV,2.7423643077833715,3.5920488767388132,1.89267973882793,1.3138818740844727,0.5917470455169678
1995-09-30,6,TER,2.4480139840951214,2.373895277119773,2.5221326910704702,0.9346093535423279,0.7335567474365234
1995-09-30,7,JBL,2.4250769910321135,1.5983631809644476,3.251790801099779,0.6931471824645996,0.8979417085647583
1995-09-30,8,CSCO,2.360883712898647,2.5040438496911017,2.217723576106192,0.9751311540603638,0.6649762988090515
1995-09-30,9,SWKS,2.303112296448416,2.54587483757421,2.060349755322622,0.9881552457809448,0.6295214891433716
1995-09-30,10,AMAT,2.283646085689656,1.692374357697955,2.874917813681357,0.7224175930023193,0.8130358457565308
1995-09-30,11,BIIB,2.1358036179483557,2.3150597058863203,1.956547530010391,0.9162908792495728,0.6061358451843262
1995-09-30,12,STE,2.132102721681053,2.4547254848373736,1.8094799585247319,0.9597758650779724,0.5730029344558716
1995-09-30,13,TRMB,2.0885655884158556,2.2777845871230715,1.8993465897086397,0.9046852588653564,0.5932490229606628
1995-09-30,14,BSX,2.070021696876614,2.1718490480171884,1.968194345736039,0.8717021942138672,0.6087597608566284
1995-09-30,15,TXN,1.8136563135795059,1.500845987462258,2.126466639696754,0.6627851724624634,0.6444169878959656
1995-09-30,16,EA,1.805508785911082,1.8169386499841214,1.794078921838043,0.7612007260322571,0.5695332288742065
1995-09-30,17,IDXX,1.7944860358588748,1.7562537764690551,1.8327182952486945,0.7423064708709717,0.578238308429718
1995-09-30,18,JKHY,1.7735031501857534,1.8028722748551231,1.7441340255163837,0.7568211555480957,0.5582811236381531
1995-09-30,19,QCOM,1.694469175423,1.8554454883001552,1.5334928625458448,0.7731898427009583,0.5108256936073303
1995-09-30,20,SCHW,1.6689715374774363,2.036811885066638,1.3011311898882347,0.8296583294868469,0.45847684144973755
1995-10-31,1,AN,7.133243955173246,5.715792566940097,8.550695343406394,2.0762035846710205,2.1503117084503174
1995-10-31,2,IAC,3.5888348103955243,2.8332971346543445,4.344372486136704,1.150108814239502,1.1748013496398926
1995-10-31,3,MU,3.235031062171805,4.013952273020409,2.456109851323201,1.5294324159622192,0.7368844747543335
1995-10-31,4,REGN,3.0542851438497545,2.8788748442598133,3.229695443439696,1.1647521257400513,0.9162907600402832
1995-10-31,5,BIIB,2.7312112704634535,2.9845253977010495,2.477897143225858,1.1986957788467407,0.7419372797012329
1995-10-31,6,STE,2.672174419499651,2.853637667560324,2.4907111714389787,1.1566438674926758,0.7449090480804443
1995-10-31,7,VIAV,2.455171004690563,3.0231037674170906,1.8872382419640354,1.211090326309204,0.6049544811248779
1995-10-31,8,PENN,2.419114278754268,1.9536709375521435,2.8845576199563925,0.8675004839897156,0.8362480401992798
1995-10-31,9,SCHW,2.228093085656361,2.631377829569167,1.8248083417435546,1.0852357149124146,0.5904760360717773
1995-10-31,10,JBL,2.193694849949535,1.822379884549893,2.565009815349177,0.8253189921379089,0.7621400356292725
1995-10-31,11,JKHY,2.133318221341802,2.0149257362870716,2.251710706396532,0.8871805667877197,0.6894811987876892
1995-10-31,12,BSX,2.061613736586126,2.3910274585177413,1.73220001465451,1.0080153942108154,0.5689987540245056
1995-10-31,13,INCY,2.0133805758301047,2.7785324204018123,1.248228731258397,1.1325138807296753,0.45675843954086304
1995-10-31,14,SWKS,1.9960721494726295,2.7168518507528083,1.2752924481924506,1.1126970052719116,0.4630349278450012
1995-10-31,15,CSCO,1.9838598039343007,2.1310096250946566,1.8367099827739448,0.9244762659072876,0.5932362079620361
1995-10-31,16,IDXX,1.969338329564578,2.1370249610937764,1.8016516980353798,0.9264088869094849,0.5851056575775146
1995-10-31,17,TXN,1.887198377524797,1.938601986573594,1.835794768476,0.8626590967178345,0.593023955821991
1995-10-31,18,TER,1.8492372832574042,2.044001715493771,1.6544728510210374,0.8965221643447876,0.5509726405143738
1995-10-31,19,AMAT,1.8160694839894789,1.6894365806714968,1.9427023873074611,0.7826066613197327,0.6178174614906311
1995-10-31,20,IT,1.4685118350233295,1.8436290997814242,1.0933945702652346,0.8321459889411926,0.4208500385284424
1995-11-30,1,AN,6.204038145208252,5.215922477360485,7.192153813056019,1.901559591293335,1.8516576290130615
1995-11-30,2,BIIB,3.8727938116954297,3.7326478653928254,4.0129397579980335,1.4183826446533203,1.0881409645080566
1995-11-30,3,IAC,3.3441031390683116,2.5235058104206507,4.1647004677159725,1.0245044231414795,1.1245876550674438
1995-11-30,4,JBL,3.249087793215158,2.962801794810143,3.5353737916201733,1.1676051616668701,0.9734492301940918
1995-11-30,5,REGN,2.6879539101093455,2.967062587024048,2.408845233194643,1.1689931154251099,0.7029033303260803
1995-11-30,6,IT,2.5052841276043276,2.4218529986355835,2.5887152565730718,0.9913910031318665,0.7461007237434387
1995-11-30,7,MU,2.488611431042787,3.255469145591583,1.7217537164939911,1.262941598892212,0.5378921627998352
1995-11-30,8,IDXX,2.3877004085780635,2.630965749341881,2.1444350678142454,1.059509515762329,0.6394028663635254
1995-11-30,9,JKHY,2.292952661848185,2.276495503201111,2.309409820495258,0.9440407752990723,0.679023027420044
1995-11-30,10,CSCO,2.26412882917625,2.2792022754771697,2.2490553828753295,0.9449225068092346,0.6645283699035645
1995-11-30,11,INTU,2.0962421787585614,1.570923609419012,2.6215607480981107,0.7142006158828735,0.7539888620376587
1995-11-30,12,STE,1.903277247059086,2.093400006815131,1.7131544873030409,0.8843973875045776,0.5358269810676575
1995-11-30,13,PENN,1.7396068036648145,1.8905238292351207,1.5886897780945082,0.8183104395866394,0.5059356689453125
1995-11-30,14,SANM,1.7380770521739333,2.083092571145901,1.3930615332019658,0.8810397386550903,0.4589537978172302
1995-11-30,15,HOLX,1.736606376680798,0.9416798393873976,2.5315329139741984,0.5092243552207947,0.7323678731918335
1995-11-30,16,BSX,1.6745160124575018,2.0532639150470193,1.2957681098679843,0.8713230490684509,0.43558791279792786
1995-11-30,17,CDNS,1.6463118977262943,2.089880269675791,1.2027435257767976,0.8832508325576782,0.4132472276687622
1995-11-30,18,MDT,1.5797734273330395,1.8326653596146523,1.3268814950514267,0.7994630336761475,0.4430600702762604
1995-11-30,19,VIAV,1.4633445929007882,1.8093933026483333,1.117295883153243,0.7918821573257446,0.39272621273994446
1995-11-30,20,AMAT,1.4508659055107622,1.3935565602476983,1.508175250773826,0.6564232707023621,0.4865993857383728
1995-12-31,1,BIIB,4.43329715108068,4.463499847366321,4.403094454795039,1.7047481536865234,1.1169614791870117
1995-12-31,2,AN,4.222558839205032,5.889734149784541,2.555383528625523,2.1574928760528564,0.707198977470398
1995-12-31,3,JBL,4.088399697397856,3.5762794241408935,4.600519970654819,1.4231083393096924,1.160744071006775
1995-12-31,4,HOLX,4.0867087847179455,2.6873142767103837,5.486103292725507,1.1409146785736084,1.3571377992630005
1995-12-31,5,IAC,3.186701493045812,2.761834203918346,3.611568782173278,1.1645703315734863,0.941426694393158
1995-12-31,6,INTU,2.8168820189688137,1.862378554837172,3.7713854831004556,0.8790465593338013,0.9768688678741455
1995-12-31,7,JKHY,2.355977249227131,1.8796524886183805,2.8323020098358818,0.8845300078392029,0.7686105370521545
1995-12-31,8,IDXX,2.271563138067829,2.101488388093445,2.441637888042213,0.9549497365951538,0.6819738745689392
1995-12-31,9,CSCO,2.214111416914521,2.1135726498660143,2.314650183963028,0.9587857723236084,0.6538121104240417
1995-12-31,10,STE,2.196759896451101,2.118853012984324,2.2746667799178786,0.9604619741439819,0.6449450850486755
1995-12-31,11,REGN,2.091104810493826,2.1245671161923605,2.0576425047952913,0.9622758626937866,0.5968161225318909
1995-12-31,12,CDNS,2.0804823800866843,2.125210403442319,2.0357543567310494,0.9624800682067871,0.5919620394706726
1995-12-31,13,IT,2.0623238899486838,2.0529684566536486,2.0716793232437194,0.9395475387573242,0.5999290347099304
1995-12-31,14,VIAV,1.9069266554159077,1.859993923175038,1.9538593876567771,0.8782895803451538,0.5738003849983215
1995-12-31,15,GILD,1.792292337000159,2.055617087695071,1.528967586305247,0.9403883218765259,0.479573130607605
1995-12-31,16,TECH,1.768848244399946,1.6477988829670813,1.8898976058328107,0.8109302520751953,0.5596157312393188
1995-12-31,17,MOS,1.5921344627492586,1.3581089467279455,1.8261599787705718,0.7189708948135376,0.5454807877540588
1995-12-31,18,PTC,1.498748904913957,1.3329139049704544,1.6645839048574598,0.7109729647636414,0.5096484422683716
1995-12-31,19,BSX,1.4652265508477629,2.0188383690477862,0.9116147326477395,0.9287132620811462,0.3426642417907715
1995-12-31,20,PENN,1.4388038425070535,1.7196198577725625,1.1579878272415443,0.8337291479110718,0.3973018229007721
1996-01-31,1,BIIB,5.441221835954494,5.9119502005776825,4.970493471331304,2.2166426181793213,1.243193507194519
1996-01-31,2,AN,5.216075182775316,6.440944548325789,3.9912058172248424,2.3887429237365723,1.0220357179641724
1996-01-31,3,IAC,2.768091631698266,2.704889035333049,2.831294228063483,1.1732738018035889,0.7600866556167603
1996-01-31,4,HOLX,2.760340178036696,2.1892605997614516,3.3314197563119405,1.0055218935012817,0.8730326890945435
1996-01-31,5,CDNS,2.4721726440758234,2.530782245680896,2.4135630424707513,1.1166307926177979,0.6657481789588928
1996-01-31,6,GILD,2.4690016857124677,2.8314366725045184,2.106566698920417,1.2144441604614258,0.5964175462722778
1996-01-31,7,REGN,2.276969310259615,3.54600749718578,1.0079311233334503,1.4469189643859863,0.3483067750930786
1996-01-31,8,INTU,2.1788769973204416,1.707848305760882,2.6499056888800014,0.8489016890525818,0.7191227078437805
1996-01-31,9,IDXX,2.0679401062480665,2.048648470169359,2.0872317423267743,0.9597758650779724,0.5920510292053223
1996-01-31,10,JKHY,1.9162625063021115,2.011982809095632,1.8205422035085912,0.9478472471237183,0.5318230986595154
1996-01-31,11,BSX,1.846601544409642,2.3010070565601404,1.3921960322591433,1.0418769121170044,0.4350873827934265
1996-01-31,12,VIAV,1.8076844788537048,1.8722940585830912,1.7430748991243186,0.9024016261100769,0.5143282413482666
1996-01-31,13,IT,1.7723451494613536,1.8593149030012113,1.6853753959214957,0.8981790542602539,0.501297652721405
1996-01-31,14,RIG,1.7047506256746499,1.9683106428355375,1.4411906085137622,0.9336391687393188,0.44615209102630615
1996-01-31,15,ZION,1.630089761110161,1.6517475303740765,1.6084319918462455,0.8306501507759094,0.4839211106300354
1996-01-31,16,JBL,1.6261369529262133,2.2770222849687873,0.9752516208836393,1.034073829650879,0.3409265875816345
1996-01-31,17,NKE,1.3893097963808954,1.051924694130451,1.7266948986313395,0.6355068683624268,0.5106290578842163
1996-01-31,18,FAST,1.3705935194103525,1.3336549797070407,1.4075320591136644,0.727163553237915,0.43855080008506775
1996-01-31,19,CSCO,1.3047861776189658,1.4147991148442567,1.1947732403936748,0.7535625696182251,0.39050233364105225
1996-01-31,20,RHI,1.2249018462563581,0.8094924328448495,1.6403112596678668,0.5566352009773254,0.4911205768585205
1996-02-29,1,BIIB,4.947015203614981,5.626593036311922,4.2674373709180395,2.1517622470855713,1.1585103273391724
1996-02-29,2,AN,3.6823341812183705,6.319167096148499,1.045501266288242,2.381300687789917,0.349303275346756
1996-02-29,3,HOLX,3.147868665511395,2.659382857841824,3.6363544731809667,1.1683456897735596,1.000010371208191
1996-02-29,4,INCY,2.5663250269744986,1.9921699238338844,3.140480130115113,0.9472126364707947,0.8754687905311584
1996-02-29,5,GILD,2.1789871009262747,2.186445402345758,2.171528799506791,1.0116009712219238,0.6321113109588623
1996-02-29,6,IT,2.151648814862181,2.3154517569001642,1.9878458728241974,1.0543572902679443,0.5859783291816711
1996-02-29,7,IAC,2.0122247785901024,2.370605672820192,1.6538438843600125,1.0726368427276611,0.5020918846130371
1996-02-29,8,IDXX,1.9420894508219677,2.2740183397194436,1.6101605619244919,1.0406250953674316,0.4911205768585205
1996-02-29,9,CDNS,1.7617123605012925,2.1118633450962507,1.4115613759063343,0.9868823885917664,0.4412412941455841
1996-02-29,10,VIAV,1.7058205069600558,1.9532372083646155,1.458403805555496,0.9343092441558838,0.4530060291290283
1996-02-29,11,BSX,1.6073437028021211,2.2086037236595266,1.0060836819447159,1.0189448595046997,0.33940333127975464
1996-02-29,12,CSCO,1.5716515745178807,1.8920830470723569,1.2512201019634046,0.9140410423278809,0.4009706974029541
1996-02-29,13,UHS,1.4288232726007513,1.4047327014965236,1.4529138437049791,0.7525194883346558,0.4516271948814392
1996-02-29,14,JKHY,1.4053569685992016,1.7891796662113655,1.0215342709870379,0.8799359798431396,0.34328383207321167
1996-02-29,15,ROST,1.3465127278155715,1.0592653909885765,1.6337600646425667,0.6380219459533691,0.4970477223396301
1996-02-29,16,NKE,1.305527061615753,1.2073344481182247,1.4037196751132812,0.6870961785316467,0.43927180767059326
1996-02-29,17,RIG,1.2938714380459078,1.6449478958431156,0.9427949802487,0.8321335315704346,0.32350802421569824
1996-02-29,18,ZION,1.2319640648572083,1.3423658662279745,1.1215622634864422,0.7318493723869324,0.36840641498565674
1996-02-29,19,FNMA,1.2258266007619039,1.2023265703866834,1.249326631137124,0.6854364275932312,0.40049514174461365
1996-02-29,20,EHC,1.2199030967337774,0.7305579074416939,1.7092482860258609,0.5290790796279907,0.5160070061683655
1996-03-31,1,BIIB,4.567497294509211,4.683848641176325,4.451145947842098,1.686398983001709,1.0802631378173828
1996-03-31,2,AN,4.0275028219243625,7.012787930899211,1.0422177129495132,2.3937876224517822,0.32803329825401306
1996-03-31,3,HOLX,3.424463181899843,2.4287830426407044,4.420143321158982,1.001448631286621,1.0734219551086426
1996-03-31,4,IT,2.3852058751341225,2.288205952367933,2.4822057979003116,0.9587499499320984,0.6457877159118652
1996-03-31,5,CDNS,2.298027750326022,2.260985766053936,2.3350697345981084,0.9504821300506592,0.613319993019104
1996-03-31,6,GILD,1.9563447833718866,2.136844675268697,1.775844891475076,0.9127756953239441,0.48991885781288147
1996-03-31,7,CSCO,1.8854714291142716,2.538903611249792,1.2320392469787511,1.0348964929580688,0.36992019414901733
1996-03-31,8,SLM,1.696235298885032,1.871512077161216,1.5209585206088483,0.8321839570999146,0.4336744546890259
1996-03-31,9,IDXX,1.6589836766803783,2.182891808796432,1.1350755445643244,0.9267619848251343,0.34852373600006104
1996-03-31,10,ROST,1.5625688565636697,1.6075723670183284,1.517565346109011,0.7520152926445007,0.4329257011413574
1996-03-31,11,TJX,1.5621676149000183,0.8942510489374956,2.230084180862541,0.5353521108627319,0.5901533961296082
1996-03-31,12,INTU,1.4935126484662438,1.4385148584635943,1.5485104384688932,0.7006660103797913,0.4397541880607605
1996-03-31,13,UHS,1.4207606168120683,1.4870161279289469,1.3545051056951898,0.7153977155685425,0.3969440758228302
1996-03-31,14,CB,1.3852412555522688,1.2815614246544365,1.4889210864501012,0.6529932022094727,0.4266049265861511
1996-03-31,15,GAP,1.3354411696295942,0.8213190975842799,1.8495632416749086,0.5131998658180237,0.5061858892440796
1996-03-31,16,LLY,1.2865866189157562,1.1818172630478594,1.3913559747836532,0.6226970553398132,0.4050757586956024
1996-03-31,17,PAYX,1.189760205156929,1.465365727343192,0.9141546829706662,0.7088216543197632,0.29977431893348694
1996-03-31,18,INCY,1.1887461702831492,1.0720297080871115,1.305462632479187,0.5893503427505493,0.3861221373081207
1996-03-31,19,NBR,1.1559185348296461,1.2576978667758263,1.0541392028834657,0.6457449197769165,0.3306639492511749
1996-03-31,20,GCO,1.1466969351848928,1.5826338245989962,0.7107600457707894,0.744440495967865,0.2548923194408417
1996-04-30,1,BIIB,4.7964000953959,4.987647581262435,4.605152609529366,1.7805861234664917,1.0386488437652588
1996-04-30,2,AN,4.121109269196313,7.199778417458281,1.0424401209343455,2.455408811569214,0.30509716272354126
1996-04-30,3,HOLX,3.2314188114574023,3.5887970432284573,2.874040579686347,1.3538590669631958,0.6822181344032288
1996-04-30,4,IT,2.575308652878922,2.569185425131059,2.5814318806267855,1.042820930480957,0.6219708919525146
1996-04-30,5,TJX,2.3312937394430957,1.3963610786110787,3.2662264002751127,0.6850444078445435,0.7629680037498474
1996-04-30,6,CDNS,2.1249155137055715,2.1513138963791643,2.098517131031979,0.9153469204902649,0.5225402116775513
1996-04-30,7,ROST,1.882079643756782,1.9069226542748448,1.8572366332387191,0.840794026851654,0.47286128997802734
1996-04-30,8,RIG,1.7477833098619413,1.749686074334505,1.7458805453893775,0.7928281426429749,0.44993340969085693
1996-04-30,9,UHS,1.6408138271734294,1.5890376028139435,1.6925900515329153,0.7438214421272278,0.43896105885505676
1996-04-30,10,SLM,1.6016261434432335,1.8292654852921397,1.3739868015943273,0.8171042799949646,0.37336161732673645
1996-04-30,11,NKE,1.5742917253520057,1.7197465400980265,1.4288369106059848,0.7836949229240417,0.38465508818626404
1996-04-30,12,CSCO,1.5311800485820992,2.0650687723726655,0.9972913247915328,0.8890373706817627,0.29580116271972656
1996-04-30,13,SIG,1.510445654943207,0.09377054918077404,2.92712076070564,0.2876819968223572,0.6931471824645996
1996-04-30,14,ALK,1.4972285027515264,0.8611946884345083,2.1332623170685445,0.5217889547348022,0.529694139957428
1996-04-30,15,NBR,1.3923424776676274,1.2547783244547872,1.5299066308804676,0.6418538093566895,0.4054650366306305
1996-04-30,16,GILD,1.3064035423209415,1.7525061310964647,0.8603009535454182,0.7936884164810181,0.2675952613353729
1996-04-30,17,VRTX,1.301253404814171,1.361648178706016,1.2408586309223264,0.6744550466537476,0.3459509313106537
1996-04-30,18,HOG,1.2986408031078798,0.7535494309227074,1.8437321752930522,0.488951176404953,0.47008076310157776
1996-04-30,19,LLY,1.2736476923392408,1.1336381975222218,1.4136571871562598,0.6048993468284607,0.38152962923049927
1996-04-30,20,RHI,1.2735356777406701,1.2665976311538594,1.2804737243274806,0.6454593539237976,0.3541075587272644
1996-05-31,1,BIIB,4.570472611895324,5.528149295076679,3.6127959287139704,1.9766818284988403,0.8885408043861389
1996-05-31,2,AN,3.9038684817902873,6.488413466120445,1.3193234974601298,2.272507667541504,0.4208499491214752
1996-05-31,3,HOLX,3.7114674030630774,4.148992169692642,3.273942636433513,1.5518088340759277,0.8194409608840942
1996-05-31,4,ROST,3.1956183030182377,3.261877527999322,3.1293590780371536,1.2785179615020752,0.7899571061134338
1996-05-31,5,TJX,2.720408481749019,2.285548375705784,3.1552685877922535,0.9777430295944214,0.7952406406402588
1996-05-31,6,SIG,2.455215189021281,1.361737270796846,3.548693107245716,0.6931471824645996,0.8754687905311584
1996-05-31,7,IT,2.2332123828877313,2.9982533371814526,1.4681714285940095,1.1973040103912354,0.4512034058570862
1996-05-31,8,VIAV,2.223977617579459,2.3006987798483243,2.1472564553105946,0.9824103713035583,0.5896841883659363
1996-05-31,9,DLTR,2.0108038262525394,1.7199320623481054,2.301675590156974,0.8034952282905579,0.6211737394332886
1996-05-31,10,PENN,2.001604555400079,2.3446758727540495,1.658533238046109,0.9959582686424255,0.4900224804878235
1996-05-31,11,CDNS,1.8206048457206827,2.019457709541396,1.6217519818999693,0.8957692384719849,0.4825219511985779
1996-05-31,12,JKHY,1.8025665193315923,2.5241920546833927,1.0809409839797919,1.051261305809021,0.3722383677959442
1996-05-31,13,VRTX,1.7545686732766022,1.4460550113511732,2.063082335202031,0.7191227078437805,0.5725191831588745
1996-05-31,14,NKTR,1.7522929268727394,1.9721634123827643,1.5324224413627145,0.8811994194984436,0.4643056392669678
1996-05-31,15,RIG,1.6960059698263128,1.4376342075775217,1.954377732075104,0.7165285348892212,0.5503518581390381
1996-05-31,16,NKE,1.6194959051862554,1.8266374973502644,1.4123543130222467,0.836367666721344,0.4398210346698761
1996-05-31,17,RHI,1.5629091786691727,1.6416150852760703,1.4842032720622753,0.7793683409690857,0.4544726610183716
1996-05-31,18,ATGE,1.5291416225621237,1.2757445791070616,1.7825386660171858,0.6666556596755981,0.5153099894523621
1996-05-31,19,PAYX,1.5257726177561466,1.5937910415298353,1.457754193982458,0.7646353244781494,0.44907909631729126
1996-05-31,20,BIGGQ,1.4880394538618589,1.5234953332776895,1.4525835744460285,0.7429795265197754,0.4480246901512146
1996-06-30,1,HOLX,3.946231666236666,5.550512846329242,2.34195048614409,1.9829812049865723,0.6258435249328613
1996-06-30,2,BIIB,3.5635238320804357,4.777710125213911,2.34933753894696,1.7443572282791138,0.627395749092102
1996-06-30,3,PENN,3.54685748797289,3.377331011098475,3.7163839648473047,1.3119518756866455,0.914650022983551
1996-06-30,4,ROST,3.11066327389993,3.408472861742169,2.8128536860576907,1.3215677738189697,0.7247933149337769
1996-06-30,5,AN,3.030566124279546,3.556405917950011,2.5047263306090812,1.367246150970459,0.6600472331047058
1996-06-30,6,SIG,2.91007164067815,2.095951029798888,3.7241922515574113,0.9162907600402832,0.9162907600402832
1996-06-30,7,DLTR,2.8902009734899092,2.5013016103830723,3.279100336596746,1.0414538383483887,0.8227646350860596
1996-06-30,8,TJX,2.660679306176381,2.3522784890248225,2.9690801233279402,0.9954388737678528,0.7576208114624023
1996-06-30,9,VIAV,2.609201515570267,2.95807037300794,2.260332658132594,1.1824936866760254,0.6086933612823486
1996-06-30,10,IT,2.2046186262736374,2.6807567949654922,1.7284804575817825,1.0968655347824097,0.49693650007247925
1996-06-30,11,INCY,2.120242706260215,1.7488281120851696,2.4916573004352607,0.8091070652008057,0.6573010683059692
1996-06-30,12,NKE,2.091868911217736,2.1879604815097844,1.995777340925688,0.9447011947631836,0.553102970123291
1996-06-30,13,VRTX,2.0465556081420813,1.9162773302969955,2.1768338859871674,0.8608115911483765,0.5911479592323303
1996-06-30,14,CDNS,2.0245691559861414,2.5195835105539226,1.5295548014183602,1.0470988750457764,0.4551367163658142
1996-06-30,15,COO,2.0177659965615096,1.3732826190551501,2.6622493740678688,0.6931471228599548,0.6931471824645996
1996-06-30,16,GCO,2.0177585720451834,1.890257646957368,2.145259497132999,0.8527773022651672,0.5845133066177368
1996-06-30,17,URBN,2.0085419512592657,1.7595268496265517,2.25755705289198,0.8124105930328369,0.6081101298332214
1996-06-30,18,REGN,1.9952436939828946,2.505187392475812,1.485299995489977,1.0426536798477173,0.4458375573158264
1996-06-30,19,JKHY,1.7502912017488663,2.6378742071909174,0.8627081963068151,1.0836243629455566,0.3150137960910797
1996-06-30,20,SPXC,1.6681815373590645,1.5111321382943652,1.8252309364237638,0.735711932182312,0.5172664523124695
1996-07-31,1,HOLX,3.8342382088233222,4.585401476196337,3.0830749414503074,1.642463207244873,0.7694305181503296
1996-07-31,2,PENN,3.0986588852819863,2.2608669338090186,3.936450836754954,0.9238095879554749,0.9525197148323059
1996-07-31,3,VIAV,2.9252575761422634,3.1557046332552785,2.6948105190292484,1.2004578113555908,0.6861295700073242
1996-07-31,4,AN,2.923764501737522,4.1239304502636625,1.7235985532113816,1.4997947216033936,0.4777590036392212
1996-07-31,5,MNST,2.7549597564140766,0.8925333714250768,4.617386141403077,0.5007752776145935,1.0986123085021973
1996-07-31,6,GCO,2.7062468528345,2.2105664416020065,3.2019272640669936,0.9082586765289307,0.7949299216270447
1996-07-31,7,ROST,2.559210386291765,2.8169420456766048,2.301478726906925,1.0957258939743042,0.6017414331436157
1996-07-31,8,URBN,2.5547801653699533,1.997411355628593,3.1121489751113134,0.8423596024513245,0.7756682634353638
1996-07-31,9,TJX,2.3079986294083508,2.3822726541748063,2.2337246046418953,0.9613434076309204,0.5872049927711487
1996-07-31,10,NKTR,2.2332613439804794,1.9843747287757025,2.4821479591852564,0.8383291959762573,0.640503466129303
1996-07-31,11,BIIB,2.068448749330018,3.8454295107743466,0.29146798788568967,1.4136933088302612,0.1704997569322586
1996-07-31,12,ATGE,1.886736281729418,1.8957509609222447,1.877721602536591,0.8109302520751953,0.5108256340026855
1996-07-31,13,IT,1.8744265427710678,2.269835964966287,1.4790171205758489,0.9265824556350708,0.42528480291366577
1996-07-31,14,DLTR,1.8582122944340704,1.1688881133940752,2.5475364754740655,0.5862131714820862,0.6545323729515076
1996-07-31,15,TEX,1.8396189590281695,1.335029096212878,2.3442088218434614,0.6375773549079895,0.6109090447425842
1996-07-31,16,INCY,1.7736421009603955,2.0379820463392093,1.5093021555815818,0.854902446269989,0.4317823648452759
1996-07-31,17,NKE,1.7614503663076193,2.1950880620007487,1.32781267061449,0.9034733772277832,0.3928443491458893
1996-07-31,18,SPXC,1.7010895875639649,1.83112789706711,1.5710512780608197,0.7909513711929321,0.44503045082092285
1996-07-31,19,CSCO,1.6630146203162313,1.885057953999015,1.4409712866334476,0.8076243996620178,0.4171221852302551
1996-07-31,20,BIGGQ,1.5353017419569315,1.1021676292349933,1.9684358546788696,0.5655858516693115,0.5302881002426147
1996-08-31,1,HOLX,3.1286540461926045,4.334984922497492,1.9223231698877163,1.454347848892212,0.45433753728866577
1996-08-31,2,CZR,3.028552220396794,-0.07858557820091454,6.135690018994502,0.0870114117860794,1.3862943649291992
1996-08-31,3,MNST,2.3262496198055165,0.6416904909359181,4.010808748675115,0.3101549446582794,0.9162907600402832
1996-08-31,4,PENN,2.2759449486856407,1.473926519729945,3.0779633776413364,0.5679839849472046,0.7099542021751404
1996-08-31,5,TEX,2.1878028212102336,1.5660379552347667,2.8095676871857003,0.5965203642845154,0.6505876183509827
1996-08-31,6,ROST,2.080097609172868,2.5142009934593252,1.6459942248864108,0.8902639150619507,0.39321619272232056
1996-08-31,7,TJX,2.0337429764954646,2.0581678024221275,2.009318150568802,0.7489835619926453,0.473580002784729
1996-08-31,8,VIAV,2.019398592302644,2.380689521370908,1.6581076632343796,0.8489016890525818,0.3958955705165863
1996-08-31,9,NKE,1.9831717950781025,2.324642996767872,1.6417005933883326,0.8315383195877075,0.39226648211479187
1996-08-31,10,AN,1.96552681877915,2.140508050476461,1.7905455870818388,0.7744928002357483,0.4251895844936371
1996-08-31,11,SPXC,1.884168162163845,1.4871123415331473,2.281223982794543,0.572068989276886,0.533722996711731
1996-08-31,12,ATGE,1.8689211091504618,1.7421011430388134,1.99574107526211,0.6510652303695679,0.4705768823623657
1996-08-31,13,URBN,1.6218133783419066,1.4739267121253896,1.7697000445584237,0.5679840445518494,0.4205787479877472
1996-08-31,14,RHI,1.5728890689810053,1.9501506507122375,1.1956274872497734,0.7155195474624634,0.29359933733940125
1996-08-31,15,WDC,1.5366494445587664,1.0383410203588077,2.0349578687587253,0.4330383837223053,0.47925126552581787
1996-08-31,16,BIGGQ,1.5225663205998277,0.9128649440187053,2.13226769718095,0.3941655457019806,0.5007752776145935
1996-08-31,17,TECH,1.4960808786284483,1.1576597690841324,1.8345019881727644,0.4700036644935608,0.4349123239517212
1996-08-31,18,JKHY,1.4654386699401585,1.7125386209818927,1.2183387188984243,0.6419066786766052,0.29862284660339355
1996-08-31,19,AES,1.4382291932878468,1.331900010049551,1.5445583765261424,0.5239837765693665,0.37077954411506653
1996-08-31,20,NKTR,1.4157799826427637,1.8271022200934863,1.004457745192041,0.6773988008499146,0.2513144016265869
1996-09-30,1,HOLX,3.3119306463077396,4.535120723197499,2.08874056941798,1.557358741760254,0.4839366674423218
1996-09-30,2,PENN,2.715545524489384,2.140950140463252,3.2901409085155158,0.8109302520751953,0.7333720326423645
1996-09-30,3,MNST,2.6118668392190867,0.7417199059020435,4.4820137725361295,0.37469345331192017,0.9808292984962463
1996-09-30,4,VIAV,2.58175865693989,2.288241719454408,2.875275594425372,0.8568512201309204,0.6472374796867371
1996-09-30,5,AN,2.468416730896717,2.425624718055035,2.5112087437383983,0.8996829986572266,0.5716497302055359
1996-09-30,6,URBN,2.3340297104838625,1.9995142747695702,2.668545146198155,0.7668349146842957,0.604315996170044
1996-09-30,7,NKE,2.2525957805472303,2.2841110412897523,2.2210805198047083,0.8555634021759033,0.5114131569862366
1996-09-30,8,ROST,2.1748322455822064,2.392863389181032,1.9568011019833806,0.8894690275192261,0.45654332637786865
1996-09-30,9,SPXC,2.1156371448624656,1.568668635854087,2.6626056538708447,0.6325105428695679,0.6030828356742859
1996-09-30,10,RHI,2.0983465303520665,2.2474905126827247,1.9492025480214084,0.8441462516784668,0.4549657106399536
1996-09-30,11,TJX,2.0720651613115013,2.6134195407715186,1.530710781851484,0.9582316279411316,0.36807823181152344
1996-09-30,12,BIIB,1.9571224448771072,3.465151574983519,0.4490933147706955,1.2237753868103027,0.14351224899291992
1996-09-30,13,SBUX,1.9319110744446966,1.1217359880445488,2.742086160844844,0.49317073822021484,0.6195846199989319
1996-09-30,14,ATGE,1.882398695746045,1.887567084574784,1.8772303069173062,0.7319332361221313,0.4400227963924408
1996-09-30,15,GCO,1.8159379952621966,1.7631607550061,1.8687152355182932,0.6931471824645996,0.4382548928260803
1996-09-30,16,WDC,1.7558853774198493,1.2475933889484978,2.264177365891201,0.5324091911315918,0.5203609466552734
1996-09-30,17,TEX,1.7012909988405922,1.3348586013402035,2.067723396340981,0.5596157908439636,0.4795730710029602
1996-09-30,18,PAYX,1.6471227662999832,1.7146095140568833,1.579636018543083,0.6780104041099548,0.3782361149787903
1996-09-30,19,AES,1.587262352067024,1.6304175522204327,1.5441071519136151,0.6517619490623474,0.3708595931529999
1996-09-30,20,GAP,1.5682581480960476,2.048970762460879,1.087545533731216,0.7822539210319519,0.2760680317878723
1996-10-31,1,PENN,3.5487268220514956,2.5325802479015422,4.564873396201449,0.9082585573196411,0.970133900642395
1996-10-31,2,VIAV,3.0038284190090714,2.41710129681292,3.5905555412052226,0.8742859959602356,0.7796208262443542
1996-10-31,3,WDC,2.978445158096469,2.597149304600434,3.3597410115925035,0.9272540211677551,0.7344885468482971
1996-10-31,4,AN,2.6583188808884413,2.570889602036864,2.7457481597400184,0.9195287227630615,0.6144315600395203
1996-10-31,5,GCO,2.443935480775468,1.9401386741774025,2.9477322873735337,0.7339691519737244,0.6539264917373657
1996-10-31,6,TJX,2.357146056260205,3.2653456699557015,1.4489464425647085,1.1238296031951904,0.3608616590499878
1996-10-31,7,INCY,2.2760834926642985,2.12535417584176,2.4268128094868375,0.7884573936462402,0.5520685911178589
1996-10-31,8,MNST,2.188698384380887,0.6020729154061722,3.775323853355602,0.34032580256462097,0.81574946641922
1996-10-31,9,SPXC,2.0616941268333404,1.88745191559242,2.235936338074261,0.7184693217277527,0.5147455930709839
1996-10-31,10,AES,1.9372070954051894,1.9222010579102984,1.9522131329000805,0.7286921143531799,0.45926782488822937
1996-10-31,11,NKE,1.9120218589160376,2.137387213631983,1.6866565042000923,0.7919973731040955,0.40734225511550903
1996-10-31,12,RHI,1.899268987477834,2.0648261175891984,1.7337118573664694,0.7706507444381714,0.41654321551322937
1996-10-31,13,ROST,1.8748023366072863,2.2877798239970404,1.4618248492175323,0.8362411260604858,0.3633798360824585
1996-10-31,14,JBL,1.7857204433230869,0.423126988894608,3.148313897751566,0.2876819968223572,0.6931471824645996
1996-10-31,15,URBN,1.644845716772846,1.4873833442653281,1.802308089280364,0.600773811340332,0.4299561679363251
1996-10-31,16,INTC,1.6401060588395668,1.019784005771134,2.2604281119079994,0.4632115364074707,0.5195345878601074
1996-10-31,17,PAYX,1.6309051408484416,1.6148819610761127,1.6469283206207705,0.6382824182510376,0.39957401156425476
1996-10-31,18,BIIB,1.6118989643148214,3.2331586969209662,-0.009360768291323329,1.1143605709075928,0.07571180909872055
1996-10-31,19,HOLX,1.5676859189752468,2.4700313865151777,0.6653404514353157,0.8898574113845825,0.2076393961906433
1996-10-31,20,CCEP,1.543766134212547,1.5223498839927283,1.5651823844323658,0.6110605597496033,0.38358983397483826
1996-11-30,1,WDC,3.1652240118145056,3.043455001678627,3.2869930219503845,1.1407238245010376,0.7245633006095886
1996-11-30,2,VIAV,2.9568535670461022,3.2146952598045635,2.699011874287641,1.1936633586883545,0.603979229927063
1996-11-30,3,PENN,2.873569717090956,2.9544610744840387,2.792678359697874,1.1132110357284546,0.6231884956359863
1996-11-30,4,AN,2.8390198588652495,2.792388046117646,2.8856516716128535,1.063105583190918,0.6422556042671204
1996-11-30,5,AES,2.4459788254262875,1.9354857365722202,2.956471914280355,0.7981911897659302,0.6567795276641846
1996-11-30,6,TJX,2.09375636748307,2.9260057989685375,1.261506935997603,1.1044139862060547,0.3091735243797302
1996-11-30,7,JBL,1.8646973595639462,0.49293186519064497,3.2364628539372475,0.3522205352783203,0.714200496673584
1996-11-30,8,WFRD,1.8456856085757334,2.0699155608403577,1.6214556563111089,0.8397506475448608,0.38299235701560974
1996-11-30,9,GCO,1.803592679246559,1.9766919986145406,1.6304933598785774,0.8109302520751953,0.3848458230495453
1996-11-30,10,HP,1.7240881362675688,1.7904797039317113,1.6576965686034266,0.7533620595932007,0.3904246985912323
1996-11-30,11,COO,1.6533485872690201,2.2479304071569826,1.0587667673810577,0.8947845697402954,0.2675952613353729
1996-11-30,12,RHI,1.640718559223458,1.9019854770170541,1.379451641429862,0.7878344655036926,0.33336180448532104
1996-11-30,13,ROST,1.5956666675767273,2.5184465888406873,0.6728867463127672,0.9784156084060669,0.1884583979845047
1996-11-30,14,ATGE,1.5708383479051693,1.9645541144397733,1.177122581370565,0.8071777820587158,0.29186785221099854
1996-11-30,15,MHK,1.5635764181146434,0.9074377370466697,2.219715099182617,0.4803664982318878,0.5056843161582947
1996-11-30,16,MTW,1.5055394598113057,1.2944320868504928,1.7166468327721185,0.600007176399231,0.4025143086910248
1996-11-30,17,NKE,1.4982152899614603,1.7598303703135851,1.2366002096093356,0.7438867092132568,0.30406561493873596
1996-11-30,18,INTC,1.4715344142454247,0.825751585009625,2.1173172434812244,0.45511293411254883,0.48468440771102905
1996-11-30,19,PGR,1.3300114611349265,1.0015207029625088,1.6585022193073444,0.5094525814056396,0.3905899226665497
1996-11-30,20,RRC,1.2697254762073458,1.7875132911050868,0.7519376613096045,0.7524449825286865,0.2046702802181244
1996-12-31,1,WDC,3.501749458762419,3.6494145417015154,3.3540843758233225,1.2597641944885254,0.7262471318244934
1996-12-31,2,VIAV,3.0868510591634335,3.4739010076075085,2.699801110719359,1.2095909118652344,0.6008974313735962
1996-12-31,3,PENN,2.762957035271472,3.854781940294506,1.6711321302484385,1.3184716701507568,0.4038217067718506
1996-12-31,4,AES,2.421318102487524,2.3248306003768686,2.5178056045981796,0.881111204624176,0.5660301446914673
1996-12-31,5,MTW,2.373268322747078,2.147699895078405,2.598836750415751,0.8304756283760071,0.5815543532371521
1996-12-31,6,INTC,2.049490029843083,1.8202093818029077,2.278770677883258,0.7368573546409607,0.5202350616455078
1996-12-31,7,WFRD,1.8982479744765077,2.215458868131153,1.5810370808218623,0.8498455882072449,0.38656100630760193
1996-12-31,8,TJX,1.8224089015006655,2.7710728975967527,0.8737449054045782,1.008676528930664,0.25105568766593933
1996-12-31,9,ROST,1.817684917701175,2.6985255881966155,0.9368442472057343,0.9879377484321594,0.26314446330070496
1996-12-31,10,GCO,1.661381231791753,2.279275829993667,1.043486633589839,0.8680886626243591,0.2835753560066223
1996-12-31,11,HP,1.6561747334444754,1.6633516981920824,1.6489977686968684,0.692017138004303,0.3995811343193054
1996-12-31,12,AN,1.6458819288115043,2.4250403780203365,0.866723479602672,0.9097577333450317,0.24971050024032593
1996-12-31,13,JBL,1.4720934039388538,-0.03634564397592083,2.9805324518536285,0.20613212883472443,0.6546808481216431
1996-12-31,14,IBM,1.3594389156005113,1.032937036839682,1.6859407943613407,0.5118032693862915,0.406658798456192
1996-12-31,15,EXPD,1.3394217314051615,1.2028488533500206,1.4759946094603025,0.5603752136230469,0.366436630487442
1996-12-31,16,MCHP,1.3026655741560824,-0.18136160395246134,2.786692752264626,0.16467705368995667,0.617544412612915
1996-12-31,17,PGR,1.275333516930091,0.8310735786916242,1.7195934551685579,0.4540974497795105,0.4131060838699341
1996-12-31,18,ORCL,1.2683991977937457,0.9298142242687432,1.6069841713187483,0.4823240041732788,0.3915320336818695
1996-12-31,19,JCI,1.2441184814435027,1.2083734237772106,1.2798635391097946,0.5619544982910156,0.32886120676994324
1996-12-31,20,RHI,1.2244231261822829,1.4072258492584866,1.0416204031060792,0.6187995672225952,0.28321781754493713
1997-01-31,1,JBL,4.601077419925543,3.7879850794693137,5.414169760381772,1.2685112953186035,1.1833535432815552
1997-01-31,2,WDC,3.393810809058756,3.3928147583204216,3.394806859797091,1.1574527025222778,0.7779631614685059
1997-01-31,3,SANM,2.6211754769025806,2.044600651399318,3.1977503024058436,0.7785508632659912,0.7384037375450134
1997-01-31,4,INTC,2.331930481780948,2.2597599045673453,2.4041010589945504,0.8390191793441772,0.5790773630142212
1997-01-31,5,VIAV,2.2883193262519748,3.108005997459971,1.4686326550439786,1.077410101890564,0.39128056168556213
1997-01-31,6,SPXC,2.1769771257581594,2.51479643934255,1.8391578121737693,0.9106945991516113,0.4656640887260437
1997-01-31,7,PENN,2.1486141525762275,3.544497906728745,0.7527303984237095,1.200081706047058,0.24756202101707458
1997-01-31,8,ROST,2.0347367937063288,2.7215269657223353,1.3479466216903218,0.9687941074371338,0.3670526444911957
1997-01-31,9,MTW,1.9923020503457816,1.7962707040756207,2.1883333966159424,0.7087602615356445,0.5357616543769836
1997-01-31,10,TJX,1.907026062619668,2.584926958366958,1.229125166872378,0.9304040670394897,0.3431990444660187
1997-01-31,11,COO,1.8350902719146744,2.238018955871691,1.4321615879576577,0.832909107208252,0.38395893573760986
1997-01-31,12,AES,1.82417384481775,1.6463281464969253,2.0020195431385748,0.6666204333305359,0.4983588457107544
1997-01-31,13,MCHP,1.7823420098982212,0.45588777128496966,3.1087962485114726,0.3320592939853668,0.7205460667610168
1997-01-31,14,AMD,1.7741496954408469,0.8580190771925627,2.690280313689131,0.445074200630188,0.6365283131599426
1997-01-31,15,WFRD,1.7594324139307638,1.767040994298671,1.7518238335628564,0.7005455493927002,0.44813165068626404
1997-01-31,16,WSM,1.67472719231777,1.6800977718701988,1.6693566127653412,0.6761110424995422,0.4315762221813202
1997-01-31,17,SIG,1.6400029029403949,1.740716016092648,1.5392897897881417,0.6931471824645996,0.40546509623527527
1997-01-31,18,GCO,1.5666670419543016,2.7324383726923287,0.4008957112162745,0.9718606472015381,0.17693063616752625
1997-01-31,19,INCY,1.4073094386962923,1.8458924947918656,0.9687263826007192,0.7227059602737427,0.2909235656261444
1997-01-31,20,PSA,1.398266107663476,1.1553114394692159,1.6412207758577362,0.5286251902580261,0.42592790722846985
1997-02-28,1,JBL,5.744539015756393,5.951341325491465,5.53773670602132,2.003068685531616,1.3810173273086548
1997-02-28,2,WDC,3.5233349493887576,3.818312207508744,3.228357691268771,1.3658158779144287,0.8865645527839661
1997-02-28,3,INTC,2.773538066035939,2.859427821713489,2.6876483103583895,1.0793445110321045,0.7707952260971069
1997-02-28,4,PENN,2.7116716646907872,3.590449998073115,1.8328933313084599,1.2977409362792969,0.5877867341041565
1997-02-28,5,AMD,2.614617353429067,1.1738155173660072,4.0554191894921265,0.5757596492767334,1.0636436939239502
1997-02-28,6,WFRD,2.3597904383746897,2.2962619663068655,2.4233189104425135,0.9110959768295288,0.7142006158828735
1997-02-28,7,AES,2.2813875087910915,2.5698467291132805,1.9929282884689026,0.992830753326416,0.6220512390136719
1997-02-28,8,AN,2.110202456159931,2.5330071684305002,1.6873977438893617,0.9818247556686401,0.5566352009773254
1997-02-28,9,COO,2.06452714211283,2.559966983405123,1.5690873008205375,0.9898791313171387,0.5313041806221008
1997-02-28,10,SPXC,2.0556877622333647,2.6991137848225057,1.4122617396442236,1.0314499139785767,0.49772682785987854
1997-02-28,11,SANM,1.9954445359768567,1.9697862482053095,2.0211028237484037,0.8135597705841064,0.6280835866928101
1997-02-28,12,RRC,1.9136728382978547,1.93890865119371,1.8884370254019993,0.8043349385261536,0.5996789932250977
1997-02-28,13,VIAV,1.9044222355205964,2.304072591604294,1.5047718794368987,0.9134294390678406,0.5175338387489319
1997-02-28,14,NTAP,1.7937224782576295,0.9564666980724833,2.630978258442776,0.5108256340026855,0.7586618065834045
1997-02-28,15,MSFT,1.7716781827302621,1.8939769563040865,1.6493794091564375,0.7909113764762878,0.5484952330589294
1997-02-28,16,VRTX,1.7595394222083,1.2415091328553476,2.2775697115612523,0.5959834456443787,0.6829947829246521
1997-02-28,17,KLAC,1.6854102700309448,0.4785665196049519,2.892254020456938,0.36805063486099243,0.8146026134490967
1997-02-28,18,TER,1.656700449017615,0.36204287943470065,2.951358018600529,0.3332386314868927,0.8272571563720703
1997-02-28,19,CCEP,1.601663858376651,1.8758973408744977,1.3274303758788044,0.7855100035667419,0.4795638918876648
1997-02-28,20,WSM,1.516974665494668,1.6879788715132726,1.3459704594760635,0.7293684482574463,0.48353344202041626
1997-03-31,1,JBL,4.3631983974175395,4.563913195237968,4.1624835995971114,1.4525953531265259,0.9947623014450073
1997-03-31,2,AMD,2.945179827193408,1.5135664914590368,4.376793162927779,0.6195353865623474,1.0379877090454102
1997-03-31,3,AES,2.5483406859569397,2.838820889838525,2.2578604820753547,0.9814668297767639,0.6106072068214417
1997-03-31,4,SPXC,2.5132598147435905,3.2981134233990574,1.728406206088124,1.1069011688232422,0.5038183331489563
1997-03-31,5,WDC,2.425622214722911,3.0494308989707988,1.8018135304750231,1.0389851331710815,0.5186243057250977
1997-03-31,6,COO,2.3167084410194487,3.054817730479501,1.5785991515593965,1.0404562950134277,0.473602831363678
1997-03-31,7,INTC,2.2857437809665253,2.480944702291083,2.090542859641967,0.8837296366691589,0.5768598914146423
1997-03-31,8,KLAC,2.107028846582578,1.2723033551329708,2.9417543380321853,0.5536456108093262,0.7485459446907043
1997-03-31,9,TEX,1.9311279322389872,2.5434006944790015,1.3188551699989728,0.9007865786552429,0.4212134778499603
1997-03-31,10,PENN,1.8202934704990723,2.983774061190683,0.6568128798074615,1.0210540294647217,0.28768211603164673
1997-03-31,11,CCEP,1.722612358830567,2.102356865633184,1.34286785202795,0.7803360223770142,0.42605674266815186
1997-03-31,12,AMAT,1.6993099585898475,0.5189244573759254,2.8796954598037696,0.3478952944278717,0.7360289096832275
1997-03-31,13,MSFT,1.635926662217224,1.736459358158697,1.535393966275751,0.6804081797599792,0.4648885130882263
1997-03-31,14,AN,1.6059152025232122,2.4610255167252375,0.7508048883211869,0.8782896399497986,0.3066399395465851
1997-03-31,15,MCHP,1.5722068056668212,1.8200285783394972,1.3243850329941453,0.7032312154769897,0.4223288297653198
1997-03-31,16,WFRD,1.5686253853775627,1.7296497588594908,1.4076010118956346,0.6785484552383423,0.43911316990852356
1997-03-31,17,USB,1.4521636708215566,1.6261727020812615,1.2781546395618515,0.6502885222434998,0.4130043387413025
1997-03-31,18,NKE,1.4204584142275891,2.1765930870372796,0.6643237414178986,0.8006101846694946,0.28919702768325806
1997-03-31,19,C,1.3795149381321514,1.0220808629903697,1.736949013273933,0.48530900478363037,0.5055413842201233
1997-03-31,20,TXN,1.3133290162714826,0.8864222785218148,1.7402357540211504,0.44826018810272217,0.5062043070793152
1997-04-30,1,JBL,4.752268898975917,5.3379941663546555,4.166543631597177,1.6376087665557861,0.9444615840911865
1997-04-30,2,AMD,3.5878626291815463,2.5776755770768776,4.598049681286215,0.8706610202789307,1.0344502925872803
1997-04-30,3,WDC,2.3083570724393994,3.327289603068154,1.289424541810645,1.078939437866211,0.3444509208202362
1997-04-30,4,SPXC,2.2565260370003606,2.8310630914435904,1.6819889825571306,0.9410641193389893,0.42631852626800537
1997-04-30,5,TEX,2.1605616777007564,1.8373967270090785,2.4837266283924344,0.6649763584136963,0.5935174226760864
1997-04-30,6,INTC,2.058387598460752,2.671001593570801,1.4457736033507023,0.8965914249420166,0.3770568370819092
1997-04-30,7,WFRD,2.0575362364966994,2.4645055542760916,1.6505669187173067,0.8392170071601868,0.4197655916213989
1997-04-30,8,COO,2.039887975358839,2.3626988063320615,1.717077144385616,0.8109302520751953,0.43363600969314575
1997-04-30,9,VNO,1.9150282051503165,1.674188179067409,2.155868231233224,0.6196292638778687,0.5251439809799194
1997-04-30,10,AES,1.864389778716977,2.3807393191195594,1.3480402383143946,0.8159427642822266,0.3566749691963196
1997-04-30,11,TER,1.8445230509691397,1.404071315513812,2.2849747864244674,0.544577956199646,0.5520685911178589
1997-04-30,12,ROST,1.645501768077907,1.9958977857406925,1.295105750415121,0.7090154886245728,0.34563571214675903
1997-04-30,13,SIG,1.5786401448435274,1.19147210140931,1.9658081882777447,0.4855077862739563,0.4855077862739563
1997-04-30,14,KLAC,1.561489725850985,1.1653747543043649,1.9576046973976051,0.4782567024230957,0.48379698395729065
1997-04-30,15,PENN,1.5491200953643576,3.1607048946640406,-0.06246470393532533,1.0326542854309082,0.06252030283212662
1997-04-30,16,USB,1.5313043316205484,1.7470324128499177,1.315576250391179,0.6398688554763794,0.34990474581718445
1997-04-30,17,VLO,1.5085867468551861,0.9218108843687535,2.0953626093416187,0.4105830788612366,0.5125257968902588
1997-04-30,18,NVR,1.4928071201189086,1.1178686712945742,1.8677455689432427,0.46505725383758545,0.46505725383758545
1997-04-30,19,GCO,1.4829077188975988,2.453819957072205,0.511995480722993,0.8362480401992798,0.1823214739561081
1997-04-30,20,AN,1.405800416308134,2.306499185214473,0.5051016474017949,0.7953153252601624,0.18088379502296448
1997-05-31,1,JBL,3.7165286754977096,4.413717122801843,3.019340228193577,1.4151298999786377,0.7009293437004089
1997-05-31,2,AMD,3.1193990314317714,2.363220747145789,3.8755773157177535,0.8249993324279785,0.8731185793876648
1997-05-31,3,SPXC,2.684369026470657,2.549884662173098,2.818853390768216,0.8787209987640381,0.6606114506721497
1997-05-31,4,TEX,2.4070431082435464,1.706475666677966,3.1076105498091273,0.6359888315200806,0.7186805009841919
1997-05-31,5,AES,2.3325771900402796,3.157739246951543,1.5074151331290164,1.0536608695983887,0.3968812823295593
1997-05-31,6,MSFT,2.261966675127507,2.1494061690713036,2.3745271811837108,0.7634637355804443,0.571257472038269
1997-05-31,7,TER,2.129640246207348,1.1244346737879085,3.134845818626787,0.46847808361053467,0.7241575121879578
1997-05-31,8,WFRD,1.948802254025889,2.2820131421379912,1.6155913659137866,0.8016278743743896,0.4186355173587799
1997-05-31,9,TXN,1.8767475513706806,1.1241960885997233,2.629299014141638,0.4684094190597534,0.6224920749664307
1997-05-31,10,AMAT,1.8743841423471443,0.5952470309998451,3.1535212536944437,0.31617847084999084,0.7279131412506104
1997-05-31,11,OI,1.8178310900776535,1.3419937138436366,2.2936684663116704,0.5310913324356079,0.5549967885017395
1997-05-31,12,WDC,1.7856319127500107,2.846432382144421,0.7248314433556002,0.9640671014785767,0.23950374126434326
1997-05-31,13,KLAC,1.7760460195205106,0.9994687434516936,2.5526232955893273,0.432513028383255,0.6070725917816162
1997-05-31,14,INTC,1.7620227444614602,2.3363583745343366,1.1876871143885839,0.8172683715820312,0.3325839936733246
1997-05-31,15,CCEP,1.6314529953132522,1.9931076039757307,1.2697983866507736,0.718481183052063,0.3490965664386749
1997-05-31,16,USB,1.5910565157630847,1.8681883758616822,1.313924655664487,0.6825295686721802,0.35797035694122314
1997-05-31,17,VNO,1.5217199516800024,1.5059653194227849,1.5374745839372197,0.5782821774482727,0.4029262363910675
1997-05-31,18,C,1.3428975690882732,1.5934654016637733,1.092329736512773,0.6034646034240723,0.31340762972831726
1997-05-31,19,ZION,1.3197222390354,1.4002627613227594,1.2391817167480408,0.5478610992431641,0.342939555644989
1997-05-31,20,SLM,1.2879339399596326,1.2230776370010643,1.3527902429182006,0.49686741828918457,0.36578622460365295
1997-06-30,1,JBL,4.642691657483333,4.815055782854787,4.470327532111878,1.4850291013717651,0.8303483128547668
1997-06-30,2,SPXC,2.775573853446701,2.3057943914452435,3.2453533154481584,0.8110222816467285,0.6324575543403625
1997-06-30,3,AMD,2.3829346728387213,2.3375836648410724,2.4282856808363706,0.8195611238479614,0.5004628300666809
1997-06-30,4,TER,2.3392290293099096,1.935689166151942,2.7427688924678777,0.7116091847419739,0.551266610622406
1997-06-30,5,AES,2.264947347457224,2.82301570874141,1.7068789861730387,0.9499518871307373,0.3839218318462372
1997-06-30,6,INCY,2.2004457135366,1.7002317888991094,2.7006596381740904,0.6483635306358337,0.5444639921188354
1997-06-30,7,TEX,2.125430579239778,1.369832643790388,2.881028514689168,0.5596157908439636,0.573602020740509
1997-06-30,8,WFRD,2.1251611820038265,2.3008009249775676,1.949521439030085,0.8096809983253479,0.4231199622154236
1997-06-30,9,MSFT,2.096660006567069,2.028013596897835,2.1653064162363034,0.7364082336425781,0.45797935128211975
1997-06-30,10,OI,2.074130679206794,1.6474687580668586,2.5007926003467302,0.6341909766197205,0.5121760964393616
1997-06-30,11,AMAT,2.0150296631559987,1.3734006101652607,2.6566587161467363,0.5605741739273071,0.5373557806015015
1997-06-30,12,VNO,1.8319210567606903,1.6183287757058957,2.0455133378154846,0.6263637542724609,0.438627153635025
1997-06-30,13,TKR,1.68972327034417,1.4518608098560084,1.9275857308323316,0.5816491842269897,0.4195763170719147
1997-06-30,14,CCEP,1.6346108500718641,1.86817007909752,1.4010516210462083,0.6934730410575867,0.33451637625694275
1997-06-30,15,RJF,1.6089724074454208,1.5469030994338833,1.6710417154569583,0.607178270816803,0.3781324326992035
1997-06-30,16,PCAR,1.5573186905322967,1.696187176478262,1.4184502045863312,0.6472771167755127,0.3373270630836487
1997-06-30,17,COST,1.4358503432120904,1.2344396479741355,1.6372610384500452,0.5232481956481934,0.3726752698421478
1997-06-30,18,NTRS,1.3978669747295924,1.5363323416628891,1.2594016077962957,0.6043388843536377,0.31163325905799866
1997-06-30,19,TROW,1.3615066169676058,1.437191739318205,1.2858214946170068,0.5777089595794678,0.3159013092517853
1997-06-30,20,GCO,1.3531044101281051,1.4814852048419074,1.2247236154143029,0.589606523513794,0.30603113770484924
1997-07-31,1,JBL,4.654776270404993,5.916374730033663,3.3931778107763217,1.9238016605377197,0.7404481172561646
1997-07-31,2,AMAT,2.5622957976505676,2.0999295723945406,3.024662022906594,0.8423088788986206,0.6765166521072388
1997-07-31,3,TEX,2.3692483511094378,1.9098943742239611,2.8286023279949144,0.7884572744369507,0.6425034999847412
1997-07-31,4,SPXC,2.348539489640636,2.593965138018008,2.103113841263264,0.9823071956634521,0.5166431069374084
1997-07-31,5,WFRD,2.2469865506284012,2.478463667890703,2.0155094333660997,0.949576735496521,0.5014451742172241
1997-07-31,6,TER,1.979431719678229,2.051159592694913,1.9077038466615452,0.8284885883331299,0.48274266719818115
1997-07-31,7,AES,1.9557769244544407,2.3672417126856744,1.5443121362232073,0.9180589914321899,0.41970014572143555
1997-07-31,8,AMD,1.7902341231895869,2.5439510154517104,1.0365172309274635,0.968134343624115,0.33160603046417236
1997-07-31,9,MSFT,1.6635343756250425,1.7525446916762126,1.5745240595738725,0.7438679933547974,0.42494142055511475
1997-07-31,10,APH,1.6606216401640408,0.9796846152592537,2.341558665068828,0.524857223033905,0.5580093860626221
1997-07-31,11,TKR,1.548455763833978,1.362828664974994,1.734082862692962,0.6334314346313477,0.45262226462364197
1997-07-31,12,ZION,1.5297653274414627,1.7577822912574381,1.3017483636254874,0.7453522086143494,0.37761929631233215
1997-07-31,13,BEN,1.5051981165084516,1.1904830118982117,1.8199132211186915,0.5845926403999329,0.46751242876052856
1997-07-31,14,GCO,1.4259853849792838,1.2613280614203042,1.5906427085382637,0.6046684980392456,0.4277377426624298
1997-07-31,15,CMI,1.4079075724810104,1.1720901001524882,1.6437250448095326,0.5793805122375488,0.43694666028022766
1997-07-31,16,BMY,1.3745660990204396,1.3044915105855128,1.4446406874553666,0.6169000267982483,0.40240877866744995
1997-07-31,17,CCEP,1.3681029990850972,1.570278497888274,1.1659275002819205,0.6922179460525513,0.35405659675598145
1997-07-31,18,KLAC,1.3468127437684951,1.7403066588086795,0.9533188287283105,0.7404000163078308,0.31717246770858765
1997-07-31,19,YELLQ,1.325970238779072,0.9764715085084082,1.6754689690497355,0.5239467024803162,0.4424537122249603
1997-07-31,20,LLY,1.2624569198993267,1.0269130356909482,1.4980008041077055,0.5382406711578369,0.4116658866405487
1997-08-31,1,JBL,4.404980708414486,5.792155101883349,3.0178063149456227,2.1041343212127686,0.7231168746948242
1997-08-31,2,AMAT,2.843906938130595,3.2460719442192154,2.441741932041974,1.3475970029830933,0.6209847927093506
1997-08-31,3,WFRD,2.2245116736899693,2.756979507554669,1.6920438398252693,1.202269196510315,0.48806869983673096
1997-08-31,4,TER,2.0730798508379555,2.8821000773591026,1.2640596243168087,1.2394472360610962,0.41219016909599304
1997-08-31,5,TEX,2.058437892390029,1.4127437901160569,2.7041319946640012,0.8028460741043091,0.6675046682357788
1997-08-31,6,EXPD,2.0450623586982863,1.9800965611211856,2.110028156275387,0.9714279770851135,0.5621743202209473
1997-08-31,7,CCEP,1.8621177721596491,1.9915644355298368,1.7326711087894613,0.9748355150222778,0.49527162313461304
1997-08-31,8,KLAC,1.777309620630009,2.6343708012312326,0.9202484400287853,1.1658375263214111,0.35123491287231445
1997-08-31,9,VIAV,1.7111108003271156,1.958735691731236,1.4634859089229952,0.9650808572769165,0.4475470185279846
1997-08-31,10,TGT,1.6766955108982664,1.321005007363467,2.0323860144330657,0.7755870223045349,0.5484089255332947
1997-08-31,11,NBR,1.6101434365290666,1.3241744246290599,1.896112448429073,0.7765287756919861,0.5242486000061035
1997-08-31,12,COO,1.5851764387661127,1.893638268248309,1.2767146092839163,0.9457379579544067,0.4144338071346283
1997-08-31,13,TXN,1.5799705460601299,2.0347519582901605,1.1251891338300992,0.9876681566238403,0.3875694274902344
1997-08-31,14,FOSL,1.553166896575386,1.0815864247364524,2.0247473684143196,0.7044467329978943,0.547054648399353
1997-08-31,15,MTW,1.5424991781339015,1.3919923314636309,1.693006024804172,0.7966800332069397,0.4882392883300781
1997-08-31,16,GLW,1.5075580176953025,0.9148764807384658,2.100239554652139,0.6549109220504761,0.560438871383667
1997-08-31,17,GEN,1.4959536911283213,1.7511099750066499,1.240797407249993,0.9033874273300171,0.40806594491004944
1997-08-31,18,BEN,1.476282556890903,1.4959923459214175,1.4565727678603888,0.8275823593139648,0.44632136821746826
1997-08-31,19,APH,1.4703545595815055,1.3011494105786445,1.6395597085843663,0.7696871757507324,0.4787636399269104
1997-08-31,20,PGR,1.4614109492736829,1.2615844515144818,1.661237447032884,0.7579309344291687,0.4826069474220276
1997-09-30,1,JBL,6.361411875363144,6.844154315019251,5.878669435707038,2.2693870067596436,1.2746247053146362
1997-09-30,2,TER,3.114611020202965,3.346628696321848,2.882593344084082,1.2789156436920166,0.7147021293640137
1997-09-30,3,AMAT,3.009962919973353,3.6289248326599637,2.391001007286742,1.358859658241272,0.6228307485580444
1997-09-30,4,WFRD,2.932027659065867,2.935324860220668,2.928730457911066,1.1624376773834229,0.7233244776725769
1997-09-30,5,KLAC,2.616327847039207,3.3425631746400084,1.890092519438405,1.2777643203735352,0.529218316078186
1997-09-30,6,NBR,2.584062213958508,1.794849631232844,3.3732747966841727,0.8394641876220703,0.8064032793045044
1997-09-30,7,YELLQ,2.3149677019131687,1.8413194112104074,2.78861599261593,0.8526240587234497,0.6971391439437866
1997-09-30,8,TEX,2.303634779096525,2.3975954231342667,2.209674135058783,1.0101569890975952,0.5889434218406677
1997-09-30,9,SWKS,2.1282271034704268,0.9608807665028376,3.295573440438016,0.603290855884552,0.7918820381164551
1997-09-30,10,WDC,2.0335982972678455,2.3901050635560255,1.6770915309796652,1.0080357789993286,0.4894115626811981
1997-09-30,11,VIAV,1.978047020460876,0.9687716586841301,2.987322382237622,0.6055254936218262,0.7342744469642639
1997-09-30,12,VLO,1.9494852992459697,2.090481630031254,1.8084889684606855,0.9231848120689392,0.5139678120613098
1997-09-30,13,SANM,1.8282221006002055,1.7164405858950889,1.9400036153053222,0.8172593712806702,0.5385459661483765
1997-09-30,14,COO,1.8144111277049126,2.1200492709189374,1.508772984490888,0.9315581321716309,0.4579553008079529
1997-09-30,15,NVR,1.7819608144318986,1.7408623404916512,1.8230592883721457,0.8241754174232483,0.5166907906532288
1997-09-30,16,GEN,1.6946492499934145,2.0205736418859557,1.3687248581008735,0.9033874273300171,0.4317823648452759
1997-09-30,17,TXN,1.5773675111935135,2.000923339791324,1.1538116825957025,0.8978226184844971,0.3916182518005371
1997-09-30,18,TAP,1.5443028731148214,1.0652364527793032,2.0233692934503393,0.632843554019928,0.5541257858276367
1997-09-30,19,LRCX,1.536348698723453,1.909510560447093,1.1631868369998128,0.871935248374939,0.3933703303337097
1997-09-30,20,UIS,1.5327642353675563,1.1441887322991264,1.9213397384359863,0.6552022099494934,0.5350579619407654
1997-10-31,1,JBL,5.079968094641249,6.004325035582326,4.155611153700171,2.0129964351654053,1.0685348510742188
1997-10-31,2,SWKS,3.1437255250694482,1.9390551752677772,4.34839587487112,0.8863384127616882,1.1053919792175293
1997-10-31,3,AMAT,2.769195137821163,3.207160274025719,2.331230001616607,1.2377839088439941,0.7197445034980774
1997-10-31,4,UIS,2.650371345881905,2.0471308932017456,3.2536117985620643,0.9162907600402832,0.8960880637168884
1997-10-31,5,WFRD,2.641474320262547,2.8930411377977046,2.3899075027273886,1.1507282257080078,0.7309626340866089
1997-10-31,6,NC,2.5957349795067213,2.041205748322904,3.150264210690539,0.9146486520767212,0.876329779624939
1997-10-31,7,TER,2.400954241007157,2.9791701621141997,1.8227383199001141,1.174598217010498,0.6225296258926392
1997-10-31,8,NBR,2.377977837349878,2.547107307136395,2.208848367563361,1.0548553466796875,0.6963472366333008
1997-10-31,9,KLAC,2.247781046656577,2.708333187649419,1.787228905663735,1.0995378494262695,0.6157408356666565
1997-10-31,10,TYL,2.109331608809405,1.7331717681457761,2.485491449473034,0.8292794227600098,0.7492366433143616
1997-10-31,11,COO,2.0699677246034627,2.4560497666658696,1.6838856825410555,1.0296194553375244,0.5959833860397339
1997-10-31,12,NVR,1.8869640433123018,2.3737283200239667,1.400199766600637,1.0068047046661377,0.541747510433197
1997-10-31,13,TXN,1.8013709250647691,1.9750398382693428,1.6277020118601957,0.8963112831115723,0.5852420330047607
1997-10-31,14,VIAV,1.794495153580235,1.0218883426043845,2.5671019645560853,0.6321527361869812,0.7648391723632812
1997-10-31,15,YELLQ,1.7713537182404884,2.0540632051756003,1.4886442313053765,0.9182119965553284,0.5586565732955933
1997-10-31,16,SANM,1.7607604003904282,1.5039656573542213,2.0175551434266352,0.7657567262649536,0.6597752571105957
1997-10-31,17,TEX,1.7487275414953043,2.5351615268405556,0.9622935561500531,1.0515446662902832,0.45802736282348633
1997-10-31,18,EXPD,1.6800072536427746,1.8728782967064548,1.4871362105790944,0.8679980039596558,0.5583682656288147
1997-10-31,19,STZ,1.6638868385178944,1.7006178823168885,1.6271557947189002,0.8202573657035828,0.5851376056671143
1997-10-31,20,BEN,1.5854757897100265,1.443213888759098,1.7277376906609547,0.7489198446273804,0.6043671369552612
1997-11-30,1,TYL,3.4664233604012997,2.8957423890713776,4.037104331731222,1.0459685325622559,0.9718605279922485
1997-11-30,2,JBL,3.1155058911895885,4.001421507090371,2.2295902752888055,1.330054759979248,0.6291253566741943
1997-11-30,3,NOV,2.974696895893814,3.4633352365010954,2.4860585552865326,1.1918022632598877,0.6777560710906982
1997-11-30,4,SWKS,2.816319724500561,2.0117277410121175,3.6209117079890043,0.8188353776931763,0.8929433822631836
1997-11-30,5,NBR,2.701855911609453,2.349842879379123,3.0538689438397832,0.9057085514068604,0.7854225039482117
1997-11-30,6,WFRD,2.6715848013164436,2.992255378694018,2.3509142239388687,1.0707659721374512,0.6521304249763489
1997-11-30,7,APH,2.587535629302492,2.5304753168833845,2.6445959417215996,0.9521191120147705,0.7078174352645874
1997-11-30,8,NC,2.5807518161568046,1.9941737033136817,3.1673299289999273,0.8143251538276672,0.8069366216659546
1997-11-30,9,COO,2.468949032257777,2.3706699868668677,2.5672280776486867,0.9110597372055054,0.6931471824645996
1997-11-30,10,UIS,2.4411373878096363,1.7676440537082339,3.114630721911039,0.7561220526695251,0.7969439625740051
1997-11-30,11,STZ,2.1503066115702163,1.903311160984131,2.3973020621563013,0.7909795045852661,0.660926342010498
1997-11-30,12,CZR,2.044885247959062,1.5225424182694374,2.5672280776486867,0.6931471824645996,0.6931471824645996
1997-11-30,13,BIIB,1.9875484380589545,1.0316492253879175,2.9434476507299916,0.5670201778411865,0.7644847631454468
1997-11-30,14,WAB,1.9216145155514406,2.0465217093500385,1.7967073217528424,0.8277751207351685,0.5470434427261353
1997-11-30,15,NVR,1.914765203333641,2.0709540884796893,1.758576318187593,0.8340526223182678,0.5398131608963013
1997-11-30,16,INCY,1.8894038500742334,1.4984429369459855,2.2803647632024813,0.6869552135467529,0.6387530565261841
1997-11-30,17,TEX,1.8608137223510952,2.9756239434870477,0.7460035012151428,1.0664927959442139,0.3478122651576996
1997-11-30,18,BBY,1.8256027368175431,0.9039663298165107,2.7472391438185757,0.5342141389846802,0.72728031873703
1997-11-30,19,HAL,1.7293120203102235,1.767230889253293,1.691393151367154,0.7560158967971802,0.5270740985870361
1997-11-30,20,POOL,1.5763589151065447,1.5225428822385052,1.630174947974584,0.6931473016738892,0.5154660940170288
1997-12-31,1,TYL,3.9214725988848285,3.4886165897173824,4.354328608052274,1.148622751235962,1.0055218935012817
1997-12-31,2,SWKS,3.151776602064844,2.3542174541771095,3.9493357499525783,0.8608114719390869,0.9264087677001953
1997-12-31,3,JBL,2.9762682725006675,4.196692775162785,1.7558437698385494,1.3282705545425415,0.4979221820831299
1997-12-31,4,NC,2.68969313843351,2.2557917186896543,3.123594558177366,0.8358396291732788,0.7651047706604004
1997-12-31,5,BBY,2.6565728849915864,2.2172679236905544,3.095877846292618,0.8260656595230103,0.7596904635429382
1997-12-31,6,COO,2.6394714640522308,2.8335755804962246,2.445367347608237,0.982430636882782,0.6326168179512024
1997-12-31,7,LEN,2.447143860328633,1.9127051153417427,2.981582605315523,0.7487942576408386,0.7373635172843933
1997-12-31,8,APH,2.321854288306955,2.36950245936208,2.2742061172518295,0.8646894693374634,0.5991814136505127
1997-12-31,9,UIS,2.2216322344210035,1.460476921760102,2.982787547081905,0.6340582966804504,0.7375988960266113
1997-12-31,10,MNST,1.9533029977922536,1.222972016795563,2.683633978788944,0.5738003253936768,0.6791608929634094
1997-12-31,11,DHI,1.6881786553633273,1.0702081841967723,2.3061491265298826,0.5350422263145447,0.6054213047027588
1997-12-31,12,BIGGQ,1.6542818013032312,1.7972702245809014,1.511293378025561,0.7195069789886475,0.45015060901641846
1997-12-31,13,NVR,1.653287177069767,2.108649287278438,1.197925066861096,0.7985077500343323,0.3889358341693878
1997-12-31,14,NKTR,1.6212010386970719,1.8555974303584446,1.386804647035699,0.7343053221702576,0.4258324205875397
1997-12-31,15,MCK,1.4948851432046193,1.718774761984949,1.2709955244242896,0.6995916962623596,0.40320974588394165
1997-12-31,16,CZR,1.4768634228675643,1.3053755372632683,1.6483513084718602,0.5947071313858032,0.4769241213798523
1997-12-31,17,ANF,1.4386999052481444,0.8852690656381587,1.9921307448581302,0.4881208539009094,0.5440795421600342
1997-12-31,18,CCEP,1.425511305455784,1.7433392608805514,1.1076833500310168,0.7058240175247192,0.3713076114654541
1997-12-31,19,TEX,1.408666031993778,2.261100428261521,0.5562316357260352,0.8371865153312683,0.26358455419540405
1997-12-31,20,NBR,1.3885396152322511,1.2992328267629545,1.4778464037015477,0.5931486487388611,0.44361692667007446
1998-01-31,1,BBY,3.6272167804855915,3.5906149589131435,3.66381860205804,1.2443240880966187,0.9120623469352722
1998-01-31,2,TYL,3.47523483166371,2.9661504361259867,3.9843192272014325,1.0761394500732422,0.9808292984962463
1998-01-31,3,COO,2.1081435826844075,2.1736799995510063,2.042607165817808,0.8627064228057861,0.5642135143280029
1998-01-31,4,SWKS,2.0663417641473503,1.631479820251156,2.501203708043545,0.716677725315094,0.6626104712486267
1998-01-31,5,CINF,2.032244347302,1.9189490126649373,2.145539681939063,0.7941007018089294,0.5862988233566284
1998-01-31,6,NC,2.008120043961167,1.5937501831077894,2.4224899048145447,0.7065161466598511,0.6457215547561646
1998-01-31,7,UIS,1.9244887320194564,1.6458432987790959,2.203134165259817,0.7205461859703064,0.5986563563346863
1998-01-31,8,LEN,1.891643741152198,1.696690437683703,2.086597044620693,0.7342406511306763,0.5736520290374756
1998-01-31,9,IAC,1.7928013103169604,1.8443130125473202,1.741289608086601,0.7739992737770081,0.49956250190734863
1998-01-31,10,RCL,1.7425026049566086,2.0713921676230904,1.4136130422901267,0.8351576328277588,0.429255872964859
1998-01-31,11,APH,1.7324316340518595,2.3768060812004648,1.088057186903254,0.917413592338562,0.3594042658805847
1998-01-31,12,CCEP,1.6807744673495817,1.909507253020589,1.4520416816785744,0.791557788848877,0.4375011622905731
1998-01-31,13,ANF,1.630777024601053,1.3417986317835275,1.919755417418578,0.6386590003967285,0.5378543138504028
1998-01-31,14,STZ,1.5615196761570336,1.4367212582415063,1.686318094072561,0.6642241477966309,0.48776775598526
1998-01-31,15,SCHW,1.4869671984940722,1.498323633186618,1.4756107638015266,0.6808152794837952,0.4425581693649292
1998-01-31,16,FITB,1.4115914151043443,1.509114278868805,1.3140685513398835,0.6837214827537537,0.4078975021839142
1998-01-31,17,IVZ,1.3902498696343573,1.5067964965104321,1.2737032427582822,0.683097243309021,0.39923667907714844
1998-01-31,18,CZR,1.3517134631830132,1.5441116195358542,1.1593153068301723,0.6931471824645996,0.37469348311424255
1998-01-31,19,RJF,1.347437547231959,1.5282511984057914,1.166623896058127,0.6888755559921265,0.3762616217136383
1998-01-31,20,NTRS,1.3004109702301414,1.4530488653315163,1.1477730751287663,0.6686215996742249,0.37221696972846985
1998-02-28,1,BBY,5.603963817411449,5.076966987217786,6.130960647605111,1.624326467514038,1.3619623184204102
1998-02-28,2,TYL,3.199833138170005,2.481734766645774,3.917931509694237,0.9162907600402832,0.8888917565345764
1998-02-28,3,COO,2.5883833071406936,2.739900649035595,2.4368659652457922,0.9867240190505981,0.5722901821136475
1998-02-28,4,LEN,2.354889434509283,2.3769704637002396,2.3328084053183256,0.8877087831497192,0.5500462055206299
1998-02-28,5,UIS,2.30661193724762,2.332106026938157,2.2811178475570837,0.8754687905311584,0.5389965176582336
1998-02-28,6,SWKS,2.205885080586933,2.6019222916198115,1.8098478695540543,0.9490805268287659,0.4382549822330475
1998-02-28,7,ALK,2.0850352652823405,2.088477014685492,2.081593515879189,0.8090015053749084,0.49634498357772827
1998-02-28,8,ANF,1.987847973304635,2.1176940743684125,1.8580018722408576,0.816972553730011,0.44854867458343506
1998-02-28,9,CINF,1.819090600041222,1.80816937603924,1.8300118240432037,0.732527494430542,0.44256535172462463
1998-02-28,10,IAC,1.7346628620569193,2.262631069716484,1.2066946543973545,0.8565145134925842,0.3093212842941284
1998-02-28,11,COF,1.689563616082145,0.9322701886335373,2.446857043530753,0.493563175201416,0.5744259357452393
1998-02-28,12,CZR,1.581347057467354,1.3780649906347315,1.7846291242999766,0.6151856780052185,0.43286406993865967
1998-02-28,13,DHI,1.559138564009754,1.0093428223091123,2.1089343057103958,0.5145902633666992,0.5021895170211792
1998-02-28,14,NC,1.531454556856398,1.5523138636891018,1.5105952500236943,0.6627245545387268,0.37428492307662964
1998-02-28,15,NVR,1.5170437295832806,1.5554799991609776,1.4786074600055834,0.6635883450508118,0.36744701862335205
1998-02-28,16,BIIB,1.5122041284084062,1.2688680543336295,1.7555402024831828,0.5853943824768066,0.42664584517478943
1998-02-28,17,IVZ,1.5059705885752324,1.5174238897319108,1.494517287418554,0.6532058119773865,0.37084800004959106
1998-02-28,18,GAP,1.4137185305567588,1.7602873666068881,1.0671496945066292,0.7194642424583435,0.2794913053512573
1998-02-28,19,RCL,1.382574099668834,1.6767249417229173,1.0884232576147506,0.6966665983200073,0.28403887152671814
1998-02-28,20,APH,1.3818767667674041,1.8120300426086244,0.9517234909261837,0.7335807681083679,0.25481709837913513
1998-03-31,1,BBY,5.26853597270369,5.506878198366129,5.030193747041252,1.8624025583267212,1.250143051147461
1998-03-31,2,TYL,4.029001407339723,3.878322823981565,4.179679990697881,1.4017986059188843,1.060871958732605
1998-03-31,3,LEN,2.5743776630609467,2.7018219258312586,2.446933400290635,1.0690491199493408,0.6752710938453674
1998-03-31,4,ALK,2.2188487003924666,1.8951080472760682,2.542589353508865,0.8408864140510559,0.6965581178665161
1998-03-31,5,UIS,1.9498410380161257,2.431354071784046,1.4683280042482054,0.9925527572631836,0.4574948251247406
1998-03-31,6,CZR,1.9221217841947662,1.7452699907789684,2.0989735776105642,0.7985077500343323,0.5978370308876038
1998-03-31,7,APH,1.8093854036886572,2.102289935312268,1.5164808720650464,0.8994836211204529,0.4682106375694275
1998-03-31,8,NVR,1.7474287891725002,2.216746412352885,1.2781111659921156,0.931855320930481,0.4151644706726074
1998-03-31,9,INTU,1.736226887349214,1.4690932957362366,2.003360478962191,0.7203967571258545,0.5765595436096191
1998-03-31,10,STE,1.6986320320483932,1.9339930330122037,1.4632710310845825,0.8518842458724976,0.45636945962905884
1998-03-31,11,NC,1.6609019942514482,2.0479867164898926,1.2738172720130039,0.8841250538825989,0.41420891880989075
1998-03-31,12,LUMN,1.5792261529915081,1.3950897389072494,1.7633625670757669,0.699466347694397,0.5231510400772095
1998-03-31,13,CINF,1.5456785941228475,1.3578578281745783,1.7334993600711166,0.6889360547065735,0.5165053606033325
1998-03-31,14,JBHT,1.4305835968674736,1.28684283032368,1.5743243634112674,0.6688508987426758,0.4810829758644104
1998-03-31,15,FOSL,1.4150207273170365,1.489778439899298,1.3402630147347752,0.7262471318244934,0.4289955794811249
1998-03-31,16,PFE,1.4121804866846173,1.2889723972423452,1.5353885761268895,0.6694532036781311,0.47241830825805664
1998-03-31,17,MNST,1.403552267945089,1.1815819517916266,1.6255225840985512,0.6390799880027771,0.4924764931201935
1998-03-31,18,IAC,1.392630854173818,1.3727470941192204,1.4125146142284153,0.6931471824645996,0.44507426023483276
1998-03-31,19,COO,1.3751821564789304,1.7726867159925983,0.9776775969652625,0.8062620162963867,0.3483067750930786
1998-03-31,20,GAP,1.3634847093165134,1.4539907569839066,1.2729786616491203,0.7161253094673157,0.414022296667099
1998-04-30,1,BBY,4.701182423369891,5.352802754634209,4.049562092105573,1.8727399110794067,0.993720531463623
1998-04-30,2,TYL,3.7284711421133174,4.236029735571534,3.220912548655101,1.5621850490570068,0.8129483461380005
1998-04-30,3,LEN,3.1414701838673045,3.3233267397751596,2.95961362795945,1.3083784580230713,0.7559452652931213
1998-04-30,4,ANF,1.9612448429671372,2.2668000302161158,1.6556896557181586,1.014577031135559,0.47149065136909485
1998-04-30,5,FOSL,1.9147917601826563,2.04053921007313,1.7890443102921827,0.9516578912734985,0.5005823373794556
1998-04-30,6,CZR,1.9027723577795803,1.0352108035601162,2.7703339119990447,0.6720938086509705,0.7146533727645874
1998-04-30,7,PFE,1.7972070254266705,1.7608860851761081,1.833527965677233,0.873891294002533,0.5102865695953369
1998-04-30,8,MHK,1.7761829417983135,1.5559434768225373,1.9964224067740899,0.816900372505188,0.5458224415779114
1998-04-30,9,JBHT,1.7631767447266526,1.2435348666758483,2.282818622777457,0.730025053024292,0.6083005666732788
1998-04-30,10,RCL,1.6866587918460765,1.6732957754874822,1.7000218082046707,0.8495339751243591,0.48116183280944824
1998-04-30,11,COF,1.673775174162094,1.3426085332916295,2.0049418150325584,0.7575756907463074,0.5476809740066528
1998-04-30,12,KBH,1.6624400800005266,1.9207564907978814,1.4041236692031718,0.9183484315872192,0.41661083698272705
1998-04-30,13,PAYX,1.570839394992969,1.321341549170074,1.8203372408158642,0.7516617178916931,0.5074089765548706
1998-04-30,14,LOW,1.5594672003429049,0.9046893504461856,2.214245050239624,0.6357980966567993,0.593341052532196
1998-04-30,15,UIS,1.55005230006147,2.6166262720711293,0.4834783280518108,1.111857533454895,0.21576951444149017
1998-04-30,16,ALK,1.5482587549664575,1.3113446519776797,1.785172857955235,0.7488817572593689,0.49973776936531067
1998-04-30,17,MNST,1.5213690021545663,1.9133569864051747,1.1293810179039578,0.9162907600402832,0.3566749691963196
1998-04-30,18,IVZ,1.366850264685899,1.127469261275182,1.6062312680966162,0.6977492570877075,0.4607011675834656
1998-04-30,19,TJX,1.3512490825613992,1.3640962893709074,1.3384018757518907,0.7635510563850403,0.4022734463214874
1998-04-30,20,INTU,1.3208902517094796,1.2530754303750478,1.3887050730439114,0.7326781153678894,0.4132472276687622
1998-05-31,1,TYL,4.369832947530898,5.159857236866849,3.579808658194947,1.797694206237793,0.8258335590362549
1998-05-31,2,BBY,4.361856402121378,4.623773562252435,4.099939241990322,1.6493706703186035,0.9220904111862183
1998-05-31,3,COF,2.6855518362023707,2.2239112524406703,3.1471924199640706,0.9853771924972534,0.7457723617553711
1998-05-31,4,UIS,2.6587168465627724,3.4094347826690266,1.9079989104565185,1.3133876323699951,0.51644366979599
1998-05-31,5,NC,2.5746503622746766,3.363689459476785,1.7856112650725682,1.30073082447052,0.4937942624092102
1998-05-31,6,JBHT,2.4096599523566993,1.720228199233941,3.0990917054794576,0.8460182547569275,0.7368707060813904
1998-05-31,7,ANF,2.352747660773831,2.6842973243032735,2.021197997244389,1.1127567291259766,0.5373926162719727
1998-05-31,8,MNST,2.3186915504966494,2.343877633287761,2.293505467705538,1.0185694694519043,0.5877866148948669
1998-05-31,9,FOSL,2.289815778468923,2.2096451641110733,2.3699863928267724,0.9814300537109375,0.601940393447876
1998-05-31,10,LEN,2.2227075515596098,2.235630548220473,2.2097845548987465,0.9886196851730347,0.5722929835319519
1998-05-31,11,CZR,2.134726119711277,2.7646184477540947,1.504833791668459,1.1349799633026123,0.4418327808380127
1998-05-31,12,PSKY,2.0471996692026435,1.4596031250720836,2.6347962133332037,0.7739085555076599,0.650946855545044
1998-05-31,13,VIAV,2.0019229946706147,2.29172676706764,1.7121192222735893,1.0041403770446777,0.4801936149597168
1998-05-31,14,NVR,1.9360791665028945,2.2733093767219255,1.5988489562838633,0.99904465675354,0.45923149585723877
1998-05-31,15,INTU,1.7954731234041637,1.8326214160397964,1.758324830768531,0.8771151900291443,0.4887445569038391
1998-05-31,16,ALK,1.7697591575860008,1.6075088240859783,1.9320094910860235,0.8148310780525208,0.5208871364593506
1998-05-31,17,PFE,1.7575302250456746,1.8226597991987332,1.692400650892616,0.8743590116500854,0.47654443979263306
1998-05-31,18,IVZ,1.7013526208392915,1.322219156300493,2.08048608537809,0.7358971834182739,0.5483646392822266
1998-05-31,19,F,1.611658069743254,1.382278177461437,1.841037962025071,0.7525143027305603,0.504051685333252
1998-05-31,20,RJF,1.5590654779851212,1.3539950358375636,1.7641359201326787,0.7446889281272888,0.4898199737071991
1998-06-30,1,BBY,4.183745058248044,4.439265225569226,3.928224890926861,1.5624808073043823,0.8027902841567993
1998-06-30,2,TYL,3.702008853590879,4.599671204803166,2.804346502378592,1.6094379425048828,0.6039160490036011
1998-06-30,3,AMZN,3.5893841905925052,4.527752494488428,2.6510158866965825,1.5883845090866089,0.5767836570739746
1998-06-30,4,COF,3.430391464288963,2.99490773636898,3.865875192208946,1.1396605968475342,0.7917572855949402
1998-06-30,5,MNST,3.1488376999686123,3.4880250485879936,2.8096503513492315,1.284015417098999,0.6048545837402344
1998-06-30,6,UIS,2.935268070475857,3.451521036731102,2.419015104220612,1.273329257965088,0.5357303023338318
1998-06-30,7,F,2.43437458996873,1.8367861766910416,3.031963003246418,0.800632894039154,0.6441935896873474
1998-06-30,8,JBHT,2.1539260376160456,1.441452965129621,2.8663991101024697,0.6849033236503601,0.6148964762687683
1998-06-30,9,LOW,1.9928430575285165,1.5054268139806708,2.4802593010763623,0.7036309838294983,0.5465676784515381
1998-06-30,10,CZR,1.9512764659040325,2.1551069670397975,1.7474459647682674,0.8938179016113281,0.41689378023147583
1998-06-30,11,NC,1.9123990034709206,2.739364586232136,1.0854334207097052,1.0648530721664429,0.29974833130836487
1998-06-30,12,GAP,1.8903823327124727,2.0512135488984025,1.729551116526543,0.8634042143821716,0.4137272238731384
1998-06-30,13,ANF,1.7377389402725132,2.1371868453805933,1.338291035164433,0.8885719776153564,0.3444923758506775
1998-06-30,14,MHK,1.7067335915353596,1.7073030561212417,1.7061641269494774,0.7627280950546265,0.4095888137817383
1998-06-30,15,LUMN,1.6535526105938017,1.822388914925347,1.4847163062622566,0.7964182496070862,0.37040284276008606
1998-06-30,16,LEN,1.5920822011670839,2.4389478323540743,0.7452165699800934,0.9769092798233032,0.2395457625389099
1998-06-30,17,PSKY,1.57336157285644,1.2009686055871622,1.945754540125718,0.6145040988922119,0.4519851803779602
1998-06-30,18,TEX,1.544283821429277,1.394232756355882,1.6943348865026717,0.6710801124572754,0.4074955880641937
1998-06-30,19,NVR,1.5254641640824924,1.646931678666323,1.4039966494986618,0.7450550198554993,0.35611921548843384
1998-06-30,20,RCL,1.524683241578403,1.5060262417651171,1.5433402413916888,0.703806459903717,0.3807765543460846
1998-07-31,1,AMZN,5.678874203779735,6.316225144760591,5.041523262798879,2.3780436515808105,1.1973117589950562
1998-07-31,2,MNST,3.5851962479687423,3.3272933198389736,3.843099176098511,1.359626054763794,0.9367693066596985
1998-07-31,3,BBY,3.307864379328936,3.9877431942672508,2.6279855643906216,1.5846608877182007,0.6725984811782837
1998-07-31,4,TYL,3.2430525856908177,4.060460837610413,2.4256443337712223,1.6094379425048828,0.6286086440086365
1998-07-31,5,COF,3.1039118359677174,2.8494445168630778,3.3583791550723574,1.1968088150024414,0.8313891291618347
1998-07-31,6,UIS,2.992648253119446,3.1806523991515387,2.804644107087353,1.3096611499786377,0.7110047936439514
1998-07-31,7,NVR,2.337448970211069,2.243999507080588,2.43089843334155,0.9905157685279846,0.6297509074211121
1998-07-31,8,F,2.2776586990472687,2.025563536451304,2.529753861643233,0.9160881638526917,0.6512424945831299
1998-07-31,9,AAPL,2.2607214910861195,1.3905040481891602,3.1309389339830784,0.6997045874595642,0.7819426655769348
1998-07-31,10,JBHT,2.2175101473213967,1.9306160103514736,2.50440428429132,0.8837367296218872,0.6457313895225525
1998-07-31,11,GAP,1.9796490527035104,1.8847525873766036,2.0745455180304173,0.8681097030639648,0.5522782802581787
1998-07-31,12,LOW,1.8165775970960052,1.6456614753252405,1.9874937188667698,0.7866442799568176,0.5333528518676758
1998-07-31,13,INTU,1.7860567625024464,2.2195665258604893,1.3525469991444032,0.982190728187561,0.39531275629997253
1998-07-31,14,CSCO,1.6477511637639162,1.4541078891783201,1.841394438349512,0.7213762998580933,0.5015902519226074
1998-07-31,15,RCL,1.5893525866394806,1.7839170121120411,1.3947881611669202,0.8337520360946655,0.4044961631298065
1998-07-31,16,MS,1.571338922286957,1.5786345574159262,1.5640432871579877,0.7638062238693237,0.441292941570282
1998-07-31,17,VIAV,1.5197874281279928,1.5896563472989622,1.4499185089570235,0.767561674118042,0.41648173332214355
1998-07-31,18,ANF,1.5139135610655519,1.9197210464479504,1.1081060756831536,0.8800244927406311,0.34217026829719543
1998-07-31,19,MCK,1.487798552617106,1.5454225944277389,1.4301745108064734,0.7524899244308472,0.4121893048286438
1998-07-31,20,IDXX,1.4766102409216166,1.3712588617944959,1.5819616200487374,0.6931471824645996,0.4451884627342224
1998-08-31,1,AMZN,5.331987924939385,5.398536964359321,5.2654388855194485,2.042912721633911,1.324013113975525
1998-08-31,2,MNST,4.428731888394378,3.753054987555191,5.104408789233563,1.4522523880004883,1.2851983308792114
1998-08-31,3,BBY,3.7556940357015107,5.2038053675061855,2.307582703896836,1.973012089729309,0.6110498309135437
1998-08-31,4,TYL,2.817903710712829,3.6618680265590653,1.9739393948665924,1.4195200204849243,0.5306282639503479
1998-08-31,5,COF,2.5506030333653236,2.922989923976916,2.1782161427537305,1.154293179512024,0.5798672437667847
1998-08-31,6,UIS,2.2539786437544906,2.6256123467227788,1.882344940786203,1.0475468635559082,0.5085502862930298
1998-08-31,7,F,2.036995178428285,1.9515124909766304,2.1224778658799397,0.8055727481842041,0.5664320588111877
1998-08-31,8,AAPL,2.0117567074397176,1.6083043157094303,2.415209099170005,0.6823751330375671,0.6369921565055847
1998-08-31,9,PSKY,1.8770008125163007,1.9273152131363742,1.8266864118962274,0.7968869209289551,0.4951343238353729
1998-08-31,10,NVR,1.8267697095875353,1.9964469242638838,1.6570924949111867,0.8217023611068726,0.4542553126811981
1998-08-31,11,ANF,1.7519532220017886,2.0715035843901584,1.4324028596134188,0.8486446142196655,0.40009599924087524
1998-08-31,12,MCK,1.7065468858998099,1.4614593316247722,1.9516344401748473,0.6296638250350952,0.5252518653869629
1998-08-31,13,LOW,1.618681592511347,1.713615377423984,1.5237478075987099,0.7201774716377258,0.422113835811615
1998-08-31,14,GAP,1.6026127567452053,1.6697507957817908,1.5354747177086197,0.7044318914413452,0.4249404966831207
1998-08-31,15,CMCSA,1.5007569859584882,1.6625929353342328,1.3389210365827435,0.7018625140190125,0.37756308913230896
1998-08-31,16,LUMN,1.4631808011410827,1.7016771415287089,1.2246844607534568,0.7158921360969543,0.3500274419784546
1998-08-31,17,WMT,1.436146083348818,1.175620809239257,1.696671357458379,0.5270595550537109,0.46379542350769043
1998-08-31,18,CSCO,1.428944875984019,1.3528090309559793,1.5050807210120591,0.5906628370285034,0.41761431097984314
1998-08-31,19,DLTR,1.394486995923349,1.0688322463703117,1.7201417454763863,0.4887268543243408,0.46945273876190186
1998-08-31,20,TSCO,1.389480045393268,0.6847607363270745,2.0941993544594615,0.35086098313331604,0.5596157908439636
1998-09-30,1,AMZN,4.057850297596007,4.57398605930883,3.541714535883183,1.7865492105484009,0.7771779298782349
1998-09-30,2,MNST,2.855411197251133,2.8436429176221645,2.867179476880101,1.0833446979522705,0.5908682942390442
1998-09-30,3,BBY,2.8012372060107906,3.9097722703140394,1.692702141707542,1.516615390777588,0.26647233963012695
1998-09-30,4,EXC,1.9824968012785305,1.1933176746227947,2.771675927934266,0.4126591384410858,0.5644897818565369
1998-09-30,5,COF,1.9454638358357788,2.201182838689095,1.6897448329824627,0.8222514986991882,0.265655517578125
1998-09-30,6,NTAP,1.7776250967845868,1.5753016385254288,1.9799485550437448,0.5678958892822266,0.3458110988140106
1998-09-30,7,MCK,1.7061289941622695,1.355411421867809,2.0568465664567297,0.47853338718414307,0.3670506775379181
1998-09-30,8,LOW,1.661159248008722,1.9287866303832546,1.3935318656341895,0.711550772190094,0.18384015560150146
1998-09-30,9,ANF,1.5690739752629526,1.6128275620472616,1.5253203884786433,0.5831462740898132,0.2202407419681549
1998-09-30,10,WMT,1.5291495918537386,1.4433919138231235,1.6149072698843536,0.5142883062362671,0.24498504400253296
1998-09-30,11,NL,1.480792231509118,1.1792083650311824,1.7823760979870535,0.40692517161369324,0.2912406921386719
1998-09-30,12,F,1.475468507562022,1.433170291023038,1.5177667241010062,0.5101342797279358,0.21815438568592072
1998-09-30,13,PHM,1.4574187414174102,1.3133306260104554,1.6015068568243653,0.46143192052841187,0.24128378927707672
1998-09-30,14,CSCO,1.447158684783361,1.3791562019124914,1.515161167654231,0.4881831705570221,0.21743471920490265
1998-09-30,15,LUMN,1.439145231239035,1.7424372639531462,1.1358531985249238,0.635819137096405,0.11266814172267914
1998-09-30,16,AAPL,1.399064904576761,1.0647347843224284,1.7333950248310934,0.36040356755256653,0.2777118980884552
1998-09-30,17,GAP,1.3739537582014645,1.529807621744832,1.2180998946580968,0.5494073033332825,0.13538505136966705
1998-09-30,18,HD,1.3708154641027075,1.3670385489695207,1.3745923792358943,0.48325860500335693,0.1786089837551117
1998-09-30,19,TJX,1.309623115572946,1.3826770759879201,1.2365691551579718,0.4896140396595001,0.14048634469509125
1998-09-30,20,PEG,1.3005800783031307,1.3063892710239997,1.294770885582262,0.45861098170280457,0.1565619260072708
1998-10-31,1,AMZN,3.988726079176989,3.9004907582926913,4.076961400061287,1.4558472633361816,0.9597758650779724
1998-10-31,2,BBY,2.377377799334539,3.2906323644165782,1.4641232342525001,1.2155511379241943,0.22183063626289368
1998-10-31,3,MNST,2.323261612821743,2.303695265666796,2.342827959976691,0.8266786336898804,0.4700036644935608
1998-10-31,4,MCK,2.0192149401337156,1.7140689221166066,2.324360958150825,0.5943543314933777,0.464788019657135
1998-10-31,5,EXC,2.0039856322630776,1.4720246498388194,2.5359466146873353,0.498984158039093,0.5245462656021118
1998-10-31,6,RMD,1.9975053285467403,1.9647997623099458,2.0302108947835347,0.6931471824645996,0.38171106576919556
1998-10-31,7,PAYX,1.9870020868615874,2.2457370105269923,1.7282671631961826,0.8038419485092163,0.2964329421520233
1998-10-31,8,COF,1.9546533053043098,2.2782588080029305,1.6310478026056894,0.8166561722755432,0.26897522807121277
1998-10-31,9,NTAP,1.8623040778618107,1.78928186607712,1.9353262896465013,0.6239897012710571,0.35491275787353516
1998-10-31,10,CSCO,1.7982061795056883,1.8393577222761566,1.75705463673522,0.6437205672264099,0.30456340312957764
1998-10-31,11,AAPL,1.7363748616756993,1.6373719868764394,1.8353777364749595,0.5641342401504517,0.32668423652648926
1998-10-31,12,CMCSA,1.7312107283970477,1.7318821120386907,1.7305393447554047,0.6013730764389038,0.29707467555999756
1998-10-31,13,JKHY,1.7108916662699176,1.730889456505858,1.6908938760339773,0.6009819507598877,0.2858775854110718
1998-10-31,14,ATGE,1.5725487691942783,1.3488792413654487,1.7962182970231078,0.4504624605178833,0.3156244158744812
1998-10-31,15,ORLY,1.5183866081203927,1.3879936814467482,1.6487795347940375,0.4658743143081665,0.2739832103252411
1998-10-31,16,WAT,1.4907112572663619,1.2620516074501764,1.7193709070825474,0.41625067591667175,0.2939203679561615
1998-10-31,17,BDX,1.4822457777189695,1.6018009730677816,1.3626905823701572,0.5501185655593872,0.19318296015262604
1998-10-31,18,MSFT,1.4542284726860526,1.4975179862714059,1.4109389591006993,0.5090290307998657,0.20680977404117584
1998-10-31,19,TYL,1.4243478320152898,2.227580278892768,0.6211153851378116,0.7966878414154053,-0.016260504722595215
1998-10-31,20,ES,1.4154140983281274,1.5953124065073132,1.2355157901489415,0.5475619435310364,0.15726491808891296
1998-11-30,1,AMZN,4.198467541884511,3.952217919669568,4.444717164099456,1.4220213890075684,1.0138278007507324
1998-11-30,2,BBY,2.560217878444117,3.415813493289586,1.7046222635986483,1.2343782186508179,0.3122878074645996
1998-11-30,3,MNST,2.5205422235057195,2.830481734225164,2.210602712786275,1.0296194553375244,0.4418327808380127
1998-11-30,4,NTAP,2.1147304377053704,2.1138049840371247,2.115655891373616,0.7789140343666077,0.4175237715244293
1998-11-30,5,EXC,2.00186980106533,1.550180349872868,2.4535592522577927,0.5817487835884094,0.5040363669395447
1998-11-30,6,AAPL,1.897410037162393,2.119988885542656,1.6748311887821303,0.7810772657394409,0.30466046929359436
1998-11-30,7,PAYX,1.782764080360578,1.8267656659772544,1.7387624947439015,0.6785029172897339,0.3210286498069763
1998-11-30,8,WMT,1.7796970857463825,1.8465446772071086,1.7128494942856562,0.6854219436645508,0.3143942058086395
1998-11-30,9,LUMN,1.7614496593609632,1.8988765379267623,1.6240227807951642,0.7037284970283508,0.291652113199234
1998-11-30,10,CMCSA,1.700492612650117,1.5798255235245746,1.8211597017756593,0.5921191573143005,0.3421246111392975
1998-11-30,11,JKHY,1.5526372940219608,1.543582575258006,1.561692012785916,0.5794407725334167,0.27569371461868286
1998-11-30,12,ORLY,1.550934106694628,1.2398887408807349,1.861979472508521,0.4732036292552948,0.3525756001472473
1998-11-30,13,RMD,1.539006047021162,1.601270932041071,1.476741162001253,0.5996211171150208,0.25394394993782043
1998-11-30,14,F,1.5330608434708826,1.857657400216801,1.2084642867249642,0.6893093585968018,0.1852576583623886
1998-11-30,15,UIS,1.52184098503225,1.868628360185339,1.175053609879161,0.6931471824645996,0.17670360207557678
1998-11-30,16,KR,1.4955528884010585,1.40597734868362,1.5851284281184972,0.5313041806221008,0.28169408440589905
1998-11-30,17,CSCO,1.4658063137757438,1.451834284731527,1.4797783428199602,0.5473456978797913,0.2547215521335602
1998-11-30,18,COF,1.4516043140285417,2.187792342010946,0.7154162860461373,0.804796040058136,0.05902374908328056
1998-11-30,19,WAT,1.44904773712397,1.2850399287117429,1.6130555455361972,0.48899826407432556,0.28884419798851013
1998-11-30,20,BDX,1.4416865704689332,1.6387674268145749,1.2446057141232918,0.6127380132675171,0.19451086223125458
1998-12-31,1,AMZN,5.564145915781166,5.550336202696598,5.577955628865735,2.0486698150634766,1.4718862771987915
1998-12-31,2,BBY,2.971357555963574,3.670347401389705,2.2723677105374436,1.3755067586898804,0.572716474533081
1998-12-31,3,NTAP,2.94102132636994,2.8808281513381715,3.001214501401709,1.0928055047988892,0.770973801612854
1998-12-31,4,RMD,2.3471786332069833,2.124475454828801,2.569881811585165,0.8219801187515259,0.6536448001861572
1998-12-31,5,JKHY,1.7670985902602703,1.7690612861022774,1.7651358944182634,0.6947178244590759,0.4347417652606964
1998-12-31,6,MU,1.7384082276596446,1.2456516754382612,2.231164779881028,0.5073018074035645,0.5615086555480957
1998-12-31,7,CSCO,1.6812780813676447,1.7172220248397378,1.6453341378955515,0.6761558651924133,0.402153879404068
1998-12-31,8,GAP,1.589452433435118,1.8596943486157833,1.3192105182544527,0.7271705865859985,0.3134433329105377
1998-12-31,9,FOSL,1.525590403264819,1.5718535952912398,1.4793272112383986,0.6241041421890259,0.3569974899291992
1998-12-31,10,ORLY,1.5226746082013394,1.6515918867562775,1.3937573296464014,0.652655839920044,0.33372119069099426
1998-12-31,11,MNST,1.514114950480618,2.0979828620140175,0.9302470389472184,0.8124939799308777,0.2076393961906433
1998-12-31,12,SCHW,1.511294016659304,0.9008055128658887,2.121782520452719,0.38382357358932495,0.5317550301551819
1998-12-31,13,WMT,1.465679403950621,1.6077666052732063,1.3235922026280356,0.636963427066803,0.3146352171897888
1998-12-31,14,ATGE,1.463297300979689,1.7252468246488193,1.201347777310559,0.6790292859077454,0.28138288855552673
1998-12-31,15,PAYX,1.4445234045070547,1.5207372784688524,1.368309530545257,0.6058010458946228,0.3267990052700043
1998-12-31,16,MSFT,1.4270430578482451,1.3505666776551308,1.5035194380413595,0.5448684692382812,0.3635781407356262
1998-12-31,17,COF,1.4225985376314327,2.315597295137432,0.5295997801254332,0.8904146552085876,0.09865729510784149
1998-12-31,18,EXC,1.4182738356251918,1.3276252185593798,1.5089224526910041,0.5366538763046265,0.3650478422641754
1998-12-31,19,ANF,1.390252820167154,1.5778179285379912,1.2026877117963168,0.6262397766113281,0.28174737095832825
1998-12-31,20,CMCSA,1.3809360917631626,1.3289244544229268,1.4329477291033985,0.5371190905570984,0.34438157081604004
1999-01-31,1,AMZN,4.866739613948807,5.757523895690728,3.975955332206886,2.3668642044067383,1.1695525646209717
1999-01-31,2,RMD,2.539983513649945,2.7312607873354344,2.3487062399644563,1.1714496612548828,0.689023494720459
1999-01-31,3,NTAP,2.478475252057001,2.1136759460698094,2.8432745580441927,0.9274953603744507,0.8350702524185181
1999-01-31,4,SWKS,2.39655067442148,1.7988832769043206,2.994218071938639,0.8031480312347412,0.8796440958976746
1999-01-31,5,SCHW,2.389382182892787,1.5429656227515929,3.2357987430339814,0.7020571231842041,0.9509832262992859
1999-01-31,6,BBY,2.3102066538376724,2.810160170052893,1.8102531376224518,1.2026159763336182,0.5300174951553345
1999-01-31,7,JBL,2.0612336847503414,1.3559647424347383,2.7665026270659445,0.6281892657279968,0.8123993873596191
1999-01-31,8,MU,1.9407909178644909,1.4555338609689088,2.426047974760073,0.6675204038619995,0.7118626236915588
1999-01-31,9,AAPL,1.9324728407916285,2.6453853329428174,1.2195603486404398,1.1375277042388916,0.3555850386619568
1999-01-31,10,FDS,1.8598258912264236,1.530679334897334,2.1889724475555132,0.6972038745880127,0.6418538689613342
1999-01-31,11,CSCO,1.7492096613739334,2.0824710322749027,1.415948290472964,0.9151690006256104,0.41357868909835815
1999-01-31,12,ANF,1.729052737976094,1.8342873838694984,1.6238180920826897,0.8171331286430359,0.4749629497528076
1999-01-31,13,ORCL,1.6776981288136794,1.4338519368670921,1.9215443207602667,0.6589557528495789,0.5628819465637207
1999-01-31,14,WAT,1.6027268073442857,1.861562900655995,1.3438907140325766,0.8279073238372803,0.39229997992515564
1999-01-31,15,GAP,1.526053061423228,1.9649754073550287,1.0871307154914271,0.8687566518783569,0.3164783716201782
1999-01-31,16,MNST,1.5209653443010338,2.5176015414077066,0.524329147194361,1.0870513916015625,0.15028223395347595
1999-01-31,17,AMGN,1.5192397857179534,1.432669843392806,1.6058097280431007,0.6584888100624084,0.46964505314826965
1999-01-31,18,HD,1.4788209219017578,1.6253080752796536,1.3323337685238623,0.7345834970474243,0.3888871967792511
1999-01-31,19,BIIB,1.4556298658941802,0.55758350266518,2.3536762291231805,0.3128179609775543,0.6904911398887634
1999-01-31,20,LUMN,1.453897184673431,1.575792633157244,1.332001736189618,0.7150242328643799,0.3887891471385956
1999-02-28,1,AMZN,4.698116096088605,5.745862190888602,3.6503700012886084,2.4758615493774414,1.1518484354019165
1999-02-28,2,VRSN,3.2537791078162623,2.9537272123349156,3.553831003297609,1.3178266286849976,1.1225178241729736
1999-02-28,3,NTAP,2.8677917914248203,2.809681195451975,2.925902387397666,1.258083701133728,0.9317396879196167
1999-02-28,4,SCHW,2.8067805525177967,2.3445731741259084,3.2689879309096854,1.0651806592941284,1.0359764099121094
1999-02-28,5,SWKS,2.494495865068326,1.5241133211276168,3.4648784090090357,0.7248958349227905,1.0954921245574951
1999-02-28,6,RMD,2.4529332615483685,2.4590744665268183,2.4467920565699193,1.1126699447631836,0.7861757278442383
1999-02-28,7,BBY,2.445612562486476,2.8488862811508535,2.042338843822099,1.2743439674377441,0.6632941961288452
1999-02-28,8,MU,2.199112413975837,1.7388062982721508,2.659418529679524,0.8139395117759705,0.850776195526123
1999-02-28,9,FDS,2.141240889922789,2.119569536233044,2.162912243612534,0.9718606472015381,0.6999269723892212
1999-02-28,10,TER,2.1323991056449607,0.9772540977943124,3.287544113495609,0.4980865716934204,1.0416141748428345
1999-02-28,11,ORCL,2.076802524274932,1.8687249350792234,2.2848801134706407,0.8678231239318848,0.7369834184646606
1999-02-28,12,CSCO,1.9130787672698126,2.1293661369981454,1.6967913975414801,0.9759237766265869,0.5583094954490662
1999-02-28,13,VIAV,1.9002611466186288,1.9658217689034063,1.8347005243338514,0.9080939292907715,0.6002092361450195
1999-02-28,14,TTWO,1.8994645930960545,1.4132011072900743,2.385728078902035,0.678895115852356,0.7676231861114502
1999-02-28,15,INTU,1.8842660992734395,1.9218517481181574,1.8466804504287218,0.8898574113845825,0.6038489937782288
1999-02-28,16,AMGN,1.8611336639278075,2.039233472233874,1.6830338556217408,0.9385413527488708,0.5541296601295471
1999-02-28,17,JBL,1.7687410891449193,1.3182021900538647,2.2192799882359737,0.6394944190979004,0.717052698135376
1999-02-28,18,ANF,1.7326788512213216,1.9524356584371265,1.5129220440055167,0.9025420546531677,0.5024460554122925
1999-02-28,19,GAP,1.700486701062442,1.9597879952394763,1.441185406885408,0.9055914282798767,0.480650931596756
1999-02-28,20,LRCX,1.696324732569134,1.0303248629178257,2.3623246022204425,0.5200976133346558,0.7605127096176147
1999-03-31,1,AMZN,4.925177494612507,5.606812449838439,4.243542539386575,2.3009603023529053,1.5237823724746704
1999-03-31,2,VRSN,3.1753196647999227,3.0137938787808976,3.3368454508189473,1.2306870222091675,1.2394590377807617
1999-03-31,3,SCHW,3.1349395735041936,2.6719852141297022,3.597893932878685,1.0896048545837402,1.3213189840316772
1999-03-31,4,BBY,2.470849020927055,2.784459353506816,2.157238688347294,1.13602876663208,0.8695563077926636
1999-03-31,5,ORCL,2.3438814831258648,2.017233586310614,2.6705293799411156,0.8193548917770386,1.0305147171020508
1999-03-31,6,SWKS,2.3318724378089137,1.5532432478843257,3.110501627733502,0.6278420090675354,1.1684818267822266
1999-03-31,7,INTU,2.3171712537874507,1.861404142391357,2.772938365183544,0.7550359964370728,1.0626282691955566
1999-03-31,8,NTAP,2.092933337674408,2.5673743754538183,1.6184922998949975,1.04642653465271,0.7006154656410217
1999-03-31,9,VIAV,1.9250814291688219,1.9420325782049763,1.9081302801326676,0.7883155345916748,0.7914405465126038
1999-03-31,10,AMGN,1.88913917086563,2.102782866807534,1.6754954749237259,0.8546655178070068,0.7184906005859375
1999-03-31,11,MU,1.8585107106859964,1.368970784498083,2.34805063687391,0.5517832040786743,0.9293913841247559
1999-03-31,12,PWR,1.8469931160268835,2.0094742593202652,1.6845119727335018,0.8161522150039673,0.7213180065155029
1999-03-31,13,GAP,1.6775868620071348,1.919027528224992,1.4361461957892774,0.7788201570510864,0.6434351205825806
1999-03-31,14,FDS,1.6621907278143002,1.824656367175693,1.4997250884529076,0.7398682832717896,0.663372278213501
1999-03-31,15,CSCO,1.6083160645415853,1.9721788892272953,1.2444532398558754,0.8007584810256958,0.5833237767219543
1999-03-31,16,JBL,1.5970078491526807,0.5531090757144091,2.6409066225909523,0.21503475308418274,1.0212255716323853
1999-03-31,17,ANF,1.5730208824687653,1.9455660958876764,1.2004756690498541,0.7897740006446838,0.5695332288742065
1999-03-31,18,HOG,1.562789372191357,1.7172847376600586,1.4082940067226555,0.6955504417419434,0.6347011923789978
1999-03-31,19,AMAT,1.511593928042211,1.0322360369378738,1.990951819146548,0.4127953052520752,0.8174118399620056
1999-03-31,20,YUM,1.4757732296521722,1.920055423883395,1.0314910354209492,0.7792444229125977,0.5165427923202515
1999-04-30,1,AMZN,5.080823285114546,6.101698534192088,4.059948036037005,2.4918270111083984,1.5320512056350708
1999-04-30,2,VRSN,3.8853430878618127,3.1218961703567234,4.648790005366902,1.252763032913208,1.7318990230560303
1999-04-30,3,SCHW,3.349220596964292,3.324514275058997,3.3739269188695866,1.3370158672332764,1.2992216348648071
1999-04-30,4,VIAV,2.5592097861187937,2.5305330808381568,2.5878864913994306,1.006861925125122,1.0324463844299316
1999-04-30,5,BBY,2.5443103042806965,2.8447513422835535,2.2438692662778394,1.137520432472229,0.9156899452209473
1999-04-30,6,QCOM,2.2942767824076715,2.233564610496914,2.3549889543184293,0.8833762407302856,0.9534029960632324
1999-04-30,7,JBL,2.14262561926805,2.245926005174069,2.0393252333620313,0.888516366481781,0.8462694883346558
1999-04-30,8,NTAP,2.108883584893879,2.6296094362785554,1.5881577335092032,1.0480599403381348,0.6931471824645996
1999-04-30,9,AMGN,1.9175588541191577,2.2738907633284677,1.5612269449098477,0.9001446962356567,0.6840071082115173
1999-04-30,10,INTU,1.8732039361414112,1.8972646383169007,1.8491432339659215,0.7435356974601746,0.7817233800888062
1999-04-30,11,ANF,1.8624707384287527,1.9978128306781686,1.7271286461793367,0.785345733165741,0.7403126955032349
1999-04-30,12,SWKS,1.8430489348622654,1.5325425032674038,2.1535553664571268,0.5918766260147095,0.8850381970405579
1999-04-30,13,CPRT,1.8367974638023277,2.29108694447855,1.3825079831261053,0.9072952270507812,0.6233514547348022
1999-04-30,14,AMAT,1.814232675324717,1.4506988812184998,2.1777664694309347,0.557844340801239,0.8932552337646484
1999-04-30,15,TER,1.8123825483610383,0.8520320088261966,2.77273308789588,0.3089061677455902,1.0951817035675049
1999-04-30,16,GAP,1.7608489944651833,2.0595644740043957,1.462133514925971,0.8110233545303345,0.6503756642341614
1999-04-30,17,SANM,1.7551301242843889,1.5533153570752123,1.9569448914935657,0.6005144119262695,0.8183103203773499
1999-04-30,18,CSCO,1.7252342556455535,2.218117346591819,1.2323511646992877,0.8769529461860657,0.572389543056488
1999-04-30,19,YUM,1.710378045329261,2.1503688422,1.2703872484585221,0.8487817049026489,0.5852986574172974
1999-04-30,20,FDS,1.6029404804060596,1.5451907255330535,1.660690235279066,0.5971360206604004,0.7177640795707703
1999-05-31,1,AMZN,5.207016473797411,6.156741011122363,4.25729193647246,2.4205498695373535,1.406722068786621
1999-05-31,2,SCHW,3.79946289725103,3.9280317138345633,3.6708940806674972,1.5518096685409546,1.233707308769226
1999-05-31,3,QCOM,3.5649813674991613,3.303238296715457,3.826724438282865,1.3082681894302368,1.2796845436096191
1999-05-31,4,VRSN,3.3648020872551863,2.762589384613416,3.9670147898969566,1.0975258350372314,1.32107675075531
1999-05-31,5,SWKS,3.0881826749250316,2.765376677649756,3.410988672200307,1.0986123085021973,1.1570230722427368
1999-05-31,6,VIAV,2.2711247391694056,2.01285251417727,2.529396964161541,0.8052819967269897,0.8969123363494873
1999-05-31,7,ANF,2.164297211775958,1.887479376120703,2.4411150474312127,0.756412148475647,0.8708650469779968
1999-05-31,8,BBY,2.1592039602104127,2.5062136267615904,1.8121942936592348,0.9975917935371399,0.6853040456771851
1999-05-31,9,JBL,2.1526771698804614,2.4483311166164916,1.857023223144431,0.975029468536377,0.6985306739807129
1999-05-31,10,NTAP,2.0658858516770184,2.579470899120418,1.5523008042336195,1.0261471271514893,0.6086233258247375
1999-05-31,11,FDS,2.0441920857122415,1.7260244942231284,2.3623596772013546,0.6934778094291687,0.8476285338401794
1999-05-31,12,CSCO,1.8123604362740149,2.1232986184604434,1.5014222540875863,0.8483333587646484,0.5936117768287659
1999-05-31,13,PWR,1.7535036738270677,1.6755743067701132,1.8314330408840223,0.6738125681877136,0.6909803748130798
1999-05-31,14,FDX,1.660153130127857,1.2442009520896486,2.076105308166065,0.5056653022766113,0.7631701231002808
1999-05-31,15,GAP,1.434064844775596,1.6558231825473855,1.2123065070038064,0.6661136746406555,0.5083091259002686
1999-05-31,16,AMGN,1.403718671156192,1.801999943069446,1.005437399242938,0.7230926752090454,0.4472730755805969
1999-05-31,17,COF,1.3904462545616663,1.4740003265198744,1.306892182603458,0.5952399969100952,0.5362163186073303
1999-05-31,18,DHR,1.3716119464816185,1.5267388528081336,1.2164850401551037,0.615797221660614,0.5095419883728027
1999-05-31,19,CPRT,1.3193748199467925,1.456649014504318,1.1821006253892667,0.5884765386581421,0.4993969798088074
1999-05-31,20,YUM,1.2891327620225308,1.7602856592353742,0.8179798648096872,0.7068326473236084,0.3919643461704254
1999-06-30,1,QCOM,4.105775103094622,3.5684379140225646,4.643112292166679,1.3565442562103271,1.2653743028640747
1999-06-30,2,SCHW,3.925459612097523,4.138965163551874,3.7119540606431722,1.5646204948425293,1.0328655242919922
1999-06-30,3,AMZN,3.8153065811450544,5.579575314156283,2.051037848133826,2.0900235176086426,0.6181373000144958
1999-06-30,4,VRSN,3.6781544520224645,3.4439215928758573,3.9123873111690717,1.3111320734024048,1.0829133987426758
1999-06-30,5,SWKS,3.028772611007792,2.997451096976862,3.0600941250387215,1.1483004093170166,0.8700971007347107
1999-06-30,6,VIAV,2.849536192008255,2.497637756147026,3.2014346278694847,0.9660141468048096,0.9053896069526672
1999-06-30,7,PWR,2.2027919076197247,2.5332141981121663,1.872369617127283,0.9789891839027405,0.5735241174697876
1999-06-30,8,JBL,2.159276460193455,2.7041911281716424,1.614361792215268,1.0413459539413452,0.5090999603271484
1999-06-30,9,BBY,2.0386799658119332,2.672038071969617,1.4053218596542494,1.0296194553375244,0.45690301060676575
1999-06-30,10,CMCSA,1.7961965076532649,2.103310359397278,1.4890826559092516,0.8221995234489441,0.47781795263290405
1999-06-30,11,AMGN,1.7635302277822464,1.8713430017746409,1.655717453789852,0.7375990152359009,0.5194264054298401
1999-06-30,12,FOSL,1.6022565702057059,1.9662074122637312,1.2383057281476806,0.772196888923645,0.415199339389801
1999-06-30,13,CPRT,1.6000582438268056,1.7968170687793412,1.4032994188742698,0.7104187607765198,0.45639801025390625
1999-06-30,14,ADI,1.58402898065337,1.062855222363219,2.105202738943521,0.44273650646209717,0.6316621899604797
1999-06-30,15,ADBE,1.5810044287873855,1.557542881821566,1.604465975753205,0.6231533885002136,0.5066289901733398
1999-06-30,16,WMB,1.575933603991139,1.187052771660451,1.9648144363218265,0.48803243041038513,0.5966074466705322
1999-06-30,17,FDS,1.5682872011489453,1.7238710216947706,1.4127033806031197,0.6838147044181824,0.45874616503715515
1999-06-30,18,NTAP,1.5342506037795993,2.5847130528981066,0.4837881546610919,0.9977712631225586,0.2267974615097046
1999-06-30,19,CSCO,1.507885196740275,1.9629971403133384,1.0527732531672118,0.771026074886322,0.36887216567993164
1999-06-30,20,FDX,1.4978292578294923,1.319209402767189,1.6764491128917955,0.5362311005592346,0.5246030688285828
1999-07-31,1,QCOM,5.07423100392826,4.218888433540073,5.929573574316447,1.6705447435379028,1.711850881576538
1999-07-31,2,VRSN,3.713263148443909,3.84364718172592,3.582879115161898,1.5293952226638794,1.070743441581726
1999-07-31,3,SCHW,3.080618302635458,4.069501883299792,2.0917347219711235,1.6143519878387451,0.663368821144104
1999-07-31,4,SWKS,3.0550944705152645,3.9381632619015554,2.172025679128974,1.5649480819702148,0.6853039860725403
1999-07-31,5,BBY,2.915679357685113,3.2824304039821977,2.5489283113880283,1.3182897567749023,0.7882722616195679
1999-07-31,6,LRCX,2.6705175913192125,2.1504293767608003,3.190605805877625,0.8924799561500549,0.9635759592056274
1999-07-31,7,VIAV,2.6105632712112277,2.364035039762023,2.8570915026604324,0.9728291630744934,0.872461199760437
1999-07-31,8,PWR,2.4425012377440267,2.6946518058734634,2.19035066961459,1.0971928834915161,0.6903102993965149
1999-07-31,9,BIIB,2.200738518013859,2.927978386116125,1.4734986499115923,1.1849602460861206,0.49446922540664673
1999-07-31,10,TER,1.9960014229080385,2.400786116903536,1.5912167289125414,0.9866533279418945,0.5266293287277222
1999-07-31,11,AMAT,1.94469372273488,2.2182316763635233,1.6711557691062369,0.9179842472076416,0.5484683513641357
1999-07-31,12,TXN,1.8827037590721662,2.1930092925338482,1.5723982256104845,0.9084966778755188,0.5214881896972656
1999-07-31,13,AMZN,1.7672266877063576,3.3009562389629585,0.23349713644975686,1.3252583742141724,0.15570582449436188
1999-07-31,14,ADBE,1.6391536511843476,1.5470389668447169,1.7312683355239786,0.6655105948448181,0.5648908615112305
1999-07-31,15,KLAC,1.5892908019792134,2.041435719572555,1.1371458843858717,0.8514812588691711,0.40257900953292847
1999-07-31,16,FDS,1.5883962012784991,2.337827529120543,0.8389648734364555,0.962971031665802,0.3211171627044678
1999-07-31,17,FOSL,1.5571077148650718,1.5460002815863312,1.5682151481438125,0.6651198863983154,0.5203453898429871
1999-07-31,18,ADI,1.5302145743123865,1.6773956305699993,1.3830335180547735,0.7145451307296753,0.46975451707839966
1999-07-31,19,HWM,1.5244030699594526,1.5010883549898415,1.5477177849290638,0.6482259631156921,0.5147455930709839
1999-07-31,20,NTAP,1.5233409527741966,2.5806398173148035,0.46604208823358945,1.0543065071105957,0.21923616528511047
1999-08-31,1,QCOM,4.818504955693234,4.024089392614058,5.612920518772411,1.6495953798294067,1.5561933517456055
1999-08-31,2,SWKS,3.2380228719203883,4.269532335869259,2.2065134079715167,1.743903398513794,0.648411214351654
1999-08-31,3,BIIB,2.880188359249142,3.4563104833088643,2.304066235189419,1.4314342737197876,0.6744083166122437
1999-08-31,4,VIAV,2.7094077093496467,3.075444581564645,2.3433708371346484,1.2850918769836426,0.6848827004432678
1999-08-31,5,VRSN,2.61857263246526,3.8036972891380008,1.433447975792519,1.5649127960205078,0.44239503145217896
1999-08-31,6,GILD,2.4101795384200084,2.836491451379147,1.98386762546087,1.1932774782180786,0.5890777707099915
1999-08-31,7,CSGP,2.3177730174166,3.0341831703689217,1.6013628644642783,1.269237756729126,0.4871430993080139
1999-08-31,8,BBY,2.1961343468553016,2.751988612398598,1.6402800813120055,1.1608084440231323,0.4975142478942871
1999-08-31,9,ADBE,2.1287305385912574,2.2816918579631893,1.9757692192193257,0.9801034927368164,0.5869196057319641
1999-08-31,10,LRCX,1.9070496727484652,2.6646106850866147,1.1494886604103158,1.127234697341919,0.3667219877243042
1999-08-31,11,FOSL,1.9067759364871235,1.893037591060002,1.920514281914245,0.8307685256004333,0.5721945762634277
1999-08-31,12,APA,1.869258308451305,0.981966247427769,2.7565503694748412,0.48070210218429565,0.7949919700622559
1999-08-31,13,SCHW,1.8200189123335302,3.0166431769710975,0.6233946476959631,1.2624982595443726,0.22652184963226318
1999-08-31,14,WFRD,1.7911201426730519,0.8237851979207271,2.758455087425377,0.41992324590682983,0.7954995632171631
1999-08-31,15,CPRT,1.6251672809807287,1.8363289789925892,1.4140055829688685,0.8089790344238281,0.4372137784957886
1999-08-31,16,TXN,1.6176768749077453,2.0461303826432617,1.189223367172229,0.8895922899246216,0.37731099128723145
1999-08-31,17,BKR,1.5801312703971089,0.6319844316087544,2.5282781091854636,0.3462264835834503,0.7341591119766235
1999-08-31,18,GLW,1.539387505784513,1.9228459620810125,1.1559290494880134,0.8422219753265381,0.3684383034706116
1999-08-31,19,TER,1.5303492285187117,2.7880505409843606,0.2726479160530627,1.1746647357940674,0.13305045664310455
1999-08-31,20,LH,1.4664949652324815,0.8366936216459693,2.0962963088189936,0.4248831272125244,0.6190391778945923
1999-09-30,1,QCOM,5.074226217866279,4.4724710920782424,5.675981343654317,2.2086074352264404,1.6611592769622803
1999-09-30,2,SWKS,3.9305008923877525,4.4438002504584775,3.4172015343170274,2.196127414703369,1.0276455879211426
1999-09-30,3,BIIB,3.7393567401026724,3.8882574380188157,3.5904560421865286,1.9543073177337646,1.0762377977371216
1999-09-30,4,VRSN,3.324775160825652,4.068258508286971,2.581291813364333,2.0326592922210693,0.7932003140449524
1999-09-30,5,VIAV,3.0599621701999826,3.234785448399668,2.885138892000297,1.6698600053787231,0.8784194588661194
1999-09-30,6,ADBE,2.730930609357581,2.472088753254419,2.9897724654607436,1.3378686904907227,0.9077657461166382
1999-09-30,7,LRCX,2.613513393441525,3.1683386025721902,2.058688184310859,1.6409366130828857,0.6466271281242371
1999-09-30,8,GILD,2.377702637067626,2.733694778174318,2.0217104959609338,1.451742172241211,0.6362560987472534
1999-09-30,9,ADI,2.3508504282634934,2.380657825477491,2.3210430310494954,1.2980700731277466,0.7202090620994568
1999-09-30,10,TXN,2.096992360357247,2.2614625465360603,1.9325221741784333,1.2461860179901123,0.6112416982650757
1999-09-30,11,MCHP,2.0777266734778816,1.9145812391452555,2.240872107810508,1.0951933860778809,0.6977237462997437
1999-09-30,12,NBR,2.0469821527883494,1.297711745697326,2.7962525598793726,0.8266786336898804,0.8534897565841675
1999-09-30,13,CSGP,1.919232825741696,2.7655564114237694,1.0729092400596225,1.4656111001968384,0.3701484501361847
1999-09-30,14,WFRD,1.8693930186098773,1.3477696001171016,2.391016437102653,0.8484681248664856,0.7398343086242676
1999-09-30,15,URBN,1.8687608942862821,0.9659460981819752,2.771575690390589,0.6822656393051147,0.8465687036514282
1999-09-30,16,APA,1.855954342371548,1.0009034921886126,2.7110051925544836,0.6974821090698242,0.8295806646347046
1999-09-30,17,BBY,1.7973097323257292,2.3543852125334763,1.2402342521179819,1.2866339683532715,0.4170776307582855
1999-09-30,18,TER,1.766816218291697,2.535323993774084,0.9983084428093103,1.365394115447998,0.34922537207603455
1999-09-30,19,NTAP,1.6916679847209868,2.035561838714437,1.3477741307275364,1.1478545665740967,0.4472390413284302
1999-09-30,20,JBL,1.6793557577897626,2.473846413599396,0.884865101980129,1.3386337757110596,0.3174082338809967
1999-10-31,1,QCOM,4.133928423461585,4.1690345736160825,4.098822273307088,2.0659875869750977,1.1125845909118652
1999-10-31,2,SWKS,4.083860263373827,4.037377560126691,4.130342966620964,2.006072759628296,1.1210347414016724
1999-10-31,3,LRCX,3.1625614051777093,3.6027665476263784,2.7223562627290407,1.808288812637329,0.7435779571533203
1999-10-31,4,VIAV,2.9436624360579557,3.3958562983057865,2.4914685738101254,1.714127540588379,0.6816809773445129
1999-10-31,5,VRSN,2.653064058757253,4.147612234343333,1.1585158831711728,2.0562386512756348,0.32433950901031494
1999-10-31,6,BIIB,2.427229438641481,2.652221624000608,2.2022372532823535,1.375712275505066,0.6041430830955505
1999-10-31,7,ADBE,2.3894240628617704,2.2407039351484532,2.5381441905750877,1.1884377002716064,0.6941938996315002
1999-10-31,8,EBAY,2.3000328356608883,4.550893403095793,0.04917226822598403,2.239764928817749,0.02694375067949295
1999-10-31,9,GEN,2.298579328676833,1.8359681534101588,2.761190503943507,1.0042494535446167,0.7539887428283691
1999-10-31,10,ADI,2.0780925661365797,2.1787164134949326,1.9774687187782265,1.1602282524108887,0.5438865423202515
1999-10-31,11,TXN,1.982270204383505,2.126072678119952,1.838467730647058,1.1362709999084473,0.5066227912902832
1999-10-31,12,TER,1.751745392717862,2.5989025793734246,0.9045882060622992,1.3514477014541626,0.25626590847969055
1999-10-31,13,SPXC,1.7490713033532774,1.3584591553694585,2.1396834513370964,0.7869433760643005,0.5873734951019287
1999-10-31,14,ORCL,1.7416089512855146,1.5004926963037244,1.982725206267305,0.8515803813934326,0.5452957153320312
1999-10-31,15,CIEN,1.7198564271420977,1.6863899045309951,1.7533229497532006,0.936178982257843,0.48379695415496826
1999-10-31,16,COO,1.7101498777817468,0.8647770508352531,2.5555227047282405,0.5622771978378296,0.6988527774810791
1999-10-31,17,WSM,1.704222603121024,1.438915913559224,1.969529292682824,0.8235578536987305,0.541758120059967
1999-10-31,18,GILD,1.6260611380460048,2.0199102915816436,1.2322119845103658,1.0879583358764648,0.3440961539745331
1999-10-31,19,NTAP,1.5789429749239967,1.9148470507463,1.2430388991016934,1.0401458740234375,0.3469986617565155
1999-10-31,20,FOSL,1.5641379962660489,2.028149431189687,1.100126561342411,1.0917078256607056,0.30868634581565857
1999-11-30,1,VIAV,3.869032113822132,4.000138930485821,3.737925297158443,1.9084194898605347,1.011507272720337
1999-11-30,2,QCOM,3.6909068175535102,4.379617462729338,3.0021961723776824,2.080564498901367,0.8008798360824585
1999-11-30,3,LRCX,3.667750873933837,3.6865903511441016,3.648911396723573,1.7661826610565186,0.986024022102356
1999-11-30,4,VRSN,3.6327686212758135,4.390569874072412,2.8749673684792154,2.0855329036712646,0.7644562721252441
1999-11-30,5,BIIB,2.9425726367100253,2.7871915655736883,3.097953707846363,1.3581832647323608,0.8282936811447144
1999-11-30,6,ADBE,2.8488087704741005,2.7239018275757694,2.9737157133724312,1.3294727802276611,0.7927263379096985
1999-11-30,7,GEN,2.7349380205793192,2.203478863876512,3.2663971772821268,1.0933903455734253,0.8765163421630859
1999-11-30,8,SWKS,2.5544475009680685,3.334420580999827,1.7744744209363104,1.6064258813858032,0.4494028091430664
1999-11-30,9,TXN,2.126786498741571,2.0748995834197883,2.178673414063354,1.0350621938705444,0.5651184916496277
1999-11-30,10,MCHP,2.116245755422832,1.77921890217445,2.453272608671214,0.9009308815002441,0.6437318325042725
1999-11-30,11,CTSH,2.0463504827572554,1.38507859723863,2.7076223682758807,0.7221347689628601,0.7165480852127075
1999-11-30,12,ORCL,1.9548459282999076,1.735289688992732,2.174402167607083,0.8810030221939087,0.5638957023620605
1999-11-30,13,FDS,1.950843322688101,2.4491907122391425,1.4524959331370593,1.2048540115356445,0.35722553730010986
1999-11-30,14,AMAT,1.9482177063843236,1.8903517939113053,2.0060836188573417,0.9513447284698486,0.5157088041305542
1999-11-30,15,MU,1.8269906728662522,1.1808411429550416,2.4731402027774627,0.6294853687286377,0.6494196057319641
1999-11-30,16,WSM,1.8253480817037526,1.2906314590032417,2.3600647044042637,0.6792901754379272,0.617047905921936
1999-11-30,17,AAPL,1.816093342197684,1.4890442528564056,2.143142431538962,0.7692973017692566,0.5549465417861938
1999-11-30,18,ADI,1.8085615967462452,1.963132588113404,1.6539906053790863,0.9843606948852539,0.414910227060318
1999-11-30,19,TER,1.8048987210584468,1.69464556852659,1.9151518735903035,0.8625653982162476,0.48967650532722473
1999-11-30,20,NTAP,1.7688440601548696,1.9853402721190225,1.5523478481907167,0.9944348931312561,0.38581153750419617
1999-12-31,1,QCOM,4.890697514978041,5.490783584231302,4.29061144572478,2.580596446990967,1.315222144126892
1999-12-31,2,VIAV,4.266801480839449,4.517599435778526,4.016003525900372,2.133326530456543,1.2279369831085205
1999-12-31,3,VRSN,4.2338443484748005,4.718992475650084,3.748696221299518,2.2258856296539307,1.1429723501205444
1999-12-31,4,LRCX,3.230028872505793,3.071019398128644,3.3890383468829413,1.4684865474700928,1.0286537408828735
1999-12-31,5,BIIB,2.9074582865813317,2.763052561086884,3.051864012075779,1.32694673538208,0.9214816093444824
1999-12-31,6,ORCL,2.780081810258374,2.2442870693152472,3.3158765512015007,1.0885250568389893,1.0053989887237549
1999-12-31,7,NTAP,2.696445437844588,2.3606975698632793,3.0321933058258965,1.142026662826538,0.9152292013168335
1999-12-31,8,CTSH,2.4910645838016108,2.0939964349413502,2.8881327326618713,1.0194523334503174,0.8694390058517456
1999-12-31,9,AAPL,2.488106445723212,2.3125759521310973,2.6636369393153263,1.1199102401733398,0.798082172870636
1999-12-31,10,SWKS,2.4315351291425813,2.971534698627978,1.8915355596571852,1.4227639436721802,0.5526668429374695
1999-12-31,11,ADBE,2.2099836787814207,2.3228611224464935,2.0971062351163474,1.124637246131897,0.6180082559585571
1999-12-31,12,EA,2.205651827197743,1.860476147053107,2.550827507342379,0.9121277332305908,0.7622252702713013
1999-12-31,13,TECH,2.0862602576780005,1.946487125594361,2.22603338976164,0.9516578912734985,0.6589882373809814
1999-12-31,14,INTU,2.0124175446212638,1.9479926931704767,2.0768423960720512,0.952349841594696,0.6115673184394836
1999-12-31,15,KLAC,1.9784930066329598,1.8543101805754734,2.102675832690446,0.9092938899993896,0.619778573513031
1999-12-31,16,GEN,1.9508972154280082,1.7203883300433753,2.181406100812641,0.8477441668510437,0.6448032855987549
1999-12-31,17,AMAT,1.9170535658737524,1.882131471605149,1.9519756601423561,0.922080397605896,0.5718779563903809
1999-12-31,18,TXN,1.908940344602032,1.8891019032111005,1.9287787859929635,0.9252839684486389,0.5645047426223755
1999-12-31,19,TER,1.889319940713785,2.050924674240678,1.7277152071868922,0.9996567964553833,0.5005959272384644
1999-12-31,20,LH,1.834076128726056,2.16007592424986,1.508076333202252,1.0498220920562744,0.43078288435935974
2000-01-31,1,QCOM,5.564359308227652,6.559742635701809,4.568975980753494,3.303004264831543,1.5911532640457153
2000-01-31,2,VRSN,4.6696928036235,5.059807222154108,4.279578385092891,2.558586597442627,1.48784339427948
2000-01-31,3,VIAV,4.1564157814474285,4.397958344185581,3.9148732187092747,2.2301111221313477,1.3576500415802002
2000-01-31,4,CTSH,3.306352621406455,2.484759502072693,4.127945740740217,1.2805908918380737,1.4337131977081299
2000-01-31,5,LRCX,3.07657688960468,3.6012088401902433,2.551944939019117,1.8346844911575317,0.8711085319519043
2000-01-31,6,ORCL,2.926043177409365,2.645605872735696,3.206480482083034,1.3604189157485962,1.1047662496566772
2000-01-31,7,NTAP,2.85289029019013,2.5417186490750523,3.1640619313052083,1.3088597059249878,1.0896235704421997
2000-01-31,8,BIIB,2.7603467106541464,2.7868428723958747,2.733850548912418,1.4305148124694824,0.9360456466674805
2000-01-31,9,CIEN,2.2898786560426974,2.6630018364969925,1.9167554755884022,1.369052529335022,0.6443570256233215
2000-01-31,10,GEN,2.173053602305812,1.9023626965243832,2.4437445080872404,0.9915474653244019,0.8324828743934631
2000-01-31,11,TECH,2.058341729392242,1.8347912045686714,2.2818922542158133,0.9580117464065552,0.7747044563293457
2000-01-31,12,AAPL,2.0528344323080034,1.7599345643074238,2.3457343003085827,0.9208604097366333,0.7974949479103088
2000-01-31,13,CPRT,2.0074217465726205,1.8962657984221933,2.118577694723048,0.9885215759277344,0.7164040207862854
2000-01-31,14,TER,2.0066718495146736,2.1939120258291807,1.8194316732001667,1.1362433433532715,0.6096141338348389
2000-01-31,15,ADI,1.966758108610777,2.093861214589771,1.8396550026317833,1.0865881443023682,0.616833508014679
2000-01-31,16,GLW,1.9392865773520203,2.0480344371395605,1.83053871756448,1.0638443231582642,0.6135791540145874
2000-01-31,17,INTU,1.8906524963877822,1.7346829864566924,2.046622006318872,0.9083280563354492,0.6907171010971069
2000-01-31,18,AMAT,1.8594692158105124,2.09633763658219,1.6226007950388346,1.0878171920776367,0.5393489599227905
2000-01-31,19,TRMB,1.8354240337712455,2.106475354003339,1.564372713539152,1.092848539352417,0.5185625553131104
2000-01-31,20,AMGN,1.7982330956175918,1.580677161081964,2.0157890301532193,0.8318949937820435,0.6797102689743042
2000-02-29,1,QCOM,4.705713884635678,5.916619092256174,3.4948086770151807,2.736818790435791,1.1806254386901855
2000-02-29,2,VIAV,4.57757396663738,4.738242408399013,4.416905524875747,2.191875696182251,1.506993055343628
2000-02-29,3,VRSN,4.2259487692367,4.136330483111576,4.315567055361824,1.913520097732544,1.4711252450942993
2000-02-29,4,INCY,3.4820073337522217,2.8031933792619843,4.160821288242459,1.29700767993927,1.4163544178009033
2000-02-29,5,NTAP,3.360672741418292,2.8783594192130018,3.842986063623582,1.3317683935165405,1.3038595914840698
2000-02-29,6,BIIB,3.138618382169228,3.477717038548071,2.7995197257903843,1.6089427471160889,0.9345343708992004
2000-02-29,7,ORCL,2.5177048735471743,2.1506907810913365,2.8847189660030126,0.9952563047409058,0.9646898508071899
2000-02-29,8,LRCX,2.5033220716405364,2.549976567405897,2.456667575875176,1.179906964302063,0.8131850361824036
2000-02-29,9,GLW,2.458854798502539,2.5135220923349664,2.4041875046701113,1.163048505783081,0.7946102023124695
2000-02-29,10,ADI,2.410168779278079,2.4747803676207463,2.345557190935412,1.145132303237915,0.7738585472106934
2000-02-29,11,CIEN,2.292856438754385,2.5477841794631293,2.0379286980456404,1.1788930892944336,0.6649762988090515
2000-02-29,12,CTSH,2.247454382215021,1.426742113622474,3.068166650807568,0.6604645252227783,1.0296194553375244
2000-02-29,13,TECH,2.0906455794492484,1.95409106675338,2.2272000921451167,0.9043383002281189,0.7319671511650085
2000-02-29,14,SWKS,2.016894185367167,2.473244020514468,1.5605443502198661,1.1444218158721924,0.49601054191589355
2000-02-29,15,AAPL,1.9567166352002836,1.9962814525013821,1.9171518178991853,0.92384934425354,0.6222284436225891
2000-02-29,16,INTU,1.9432156649893075,1.4847540390251799,2.401677290953435,0.6872922778129578,0.7937217354774475
2000-02-29,17,NKTR,1.9053072941442755,1.2098251110212495,2.6007894772673015,0.5601507425308228,0.8641956448554993
2000-02-29,18,AMAT,1.8301263333680784,1.6759202143564784,1.9843324523796786,0.7756975293159485,0.6460064053535461
2000-02-29,19,GEN,1.7591652340923303,1.9358459137608865,1.5824845544237742,0.8959007859230042,0.5037760734558105
2000-02-29,20,NVDA,1.663908070939558,1.4433973020257855,1.8844188398533301,0.6681667566299438,0.6106429100036621
2000-03-31,1,INCY,4.593559528515813,3.9304004902386054,5.256718566793021,2.2843804359436035,2.273305892944336
2000-03-31,2,VIAV,4.008149563461595,4.272429458200013,3.7438696687231783,2.4820656776428223,1.6036462783813477
2000-03-31,3,NTAP,3.9243975603204158,3.7773159287828557,4.071479191857976,2.1959009170532227,1.748661994934082
2000-03-31,4,VRSN,3.8104997345289604,4.017490099661105,3.6035093693968165,2.334716320037842,1.5415160655975342
2000-03-31,5,REGN,3.78201841475976,3.4150994009252367,4.148937428594284,1.9865477085113525,1.7829487323760986
2000-03-31,6,QCOM,3.654210928873676,4.7323427373336875,2.576079120413665,2.7478854656219482,1.0867260694503784
2000-03-31,7,CIEN,3.271592544631078,2.9993800024033557,3.5438050868588005,1.746271014213562,1.5150880813598633
2000-03-31,8,ADI,2.899109297707895,3.1554296465239324,2.642788948891857,1.836464285850525,1.1162550449371338
2000-03-31,9,ORCL,2.8309714050939156,2.3707434957806,3.2911993144072316,1.3829329013824463,1.4032726287841797
2000-03-31,10,SWKS,2.8056652998215608,3.3755992032713924,2.2357313963717296,1.9637174606323242,0.9360718131065369
2000-03-31,11,LRCX,2.638518918300875,2.8572971433978376,2.419740693203912,1.6641502380371094,1.017523169517517
2000-03-31,12,BIIB,2.568987640518528,3.217913978632446,1.92006130240461,1.8725788593292236,0.796341061592102
2000-03-31,13,CTSH,2.55996840893323,1.5893313936058167,3.5306054242606435,0.9312938451766968,1.5092452764511108
2000-03-31,14,NKTR,2.445566551921167,2.2331497174790305,2.6579833863633033,1.3034067153930664,1.1229808330535889
2000-03-31,15,GLW,2.322495737653381,2.165953964717161,2.4790375105896008,1.2645690441131592,1.0437707901000977
2000-03-31,16,ADBE,2.2660710181637382,2.790095203067803,1.7420468332596737,1.6253089904785156,0.7175433039665222
2000-03-31,17,TECH,2.2650730402750137,2.1105731671147203,2.4195729134353066,1.232560157775879,1.017448902130127
2000-03-31,18,TER,2.2238747553613774,2.206241427293908,2.2415080834288466,1.2878543138504028,0.9386288523674011
2000-03-31,19,GEN,2.219047260170063,2.356992244289967,2.0811022760501596,1.3749849796295166,0.8676255345344543
2000-03-31,20,AMAT,2.1475224223208613,2.037822421906289,2.2572224227354334,1.1905118227005005,0.945584774017334
2000-04-30,1,VIAV,3.7767999508798686,4.003953536724015,3.549646365035723,2.125591278076172,1.4439103603363037
2000-04-30,2,NTAP,3.6459839084251824,3.518045770747718,3.7739220461026464,1.8776729106903076,1.5306742191314697
2000-04-30,3,QCOM,3.5302705353558554,4.271664138730422,2.7888769319812883,2.2621817588806152,1.14959716796875
2000-04-30,4,ORCL,3.163742433793808,3.3231630393787017,3.0043218282089144,1.778240442276001,1.2329447269439697
2000-04-30,5,CIEN,3.119419564601748,3.216380573586133,3.022458555617364,1.7237582206726074,1.2399611473083496
2000-04-30,6,NVDA,3.0979695052126055,2.554968069256385,3.640970941168826,1.3862943649291992,1.4792404174804688
2000-04-30,7,CTSH,3.078829590385407,2.787778050236241,3.3698811305345737,1.5050779581069946,1.3743659257888794
2000-04-30,8,INCY,2.989156766498139,2.7230877777895364,3.255225755206742,1.472071886062622,1.3300100564956665
2000-04-30,9,REGN,2.9625754379382,2.769311971020619,3.155838904855781,1.4956562519073486,1.2915610074996948
2000-04-30,10,ADI,2.96180641669979,3.147423722123088,2.776189111276492,1.688575267791748,1.1446887254714966
2000-04-30,11,AMD,2.655694636129877,2.392317273435325,2.91907199882443,1.3033071756362915,1.1999647617340088
2000-04-30,12,VRSN,2.4912577515042695,2.4968434359826825,2.485672067025856,1.3566381931304932,1.0322985649108887
2000-04-30,13,LRCX,2.3646506777478904,2.8549825692628064,1.8743187862329742,1.5393668413162231,0.7957888841629028
2000-04-30,14,GLW,2.3339135343751947,2.1549717888212103,2.512855279929179,1.1822094917297363,1.0428147315979004
2000-04-30,15,KLAC,2.277884670345582,2.276243006487242,2.2795263342039216,1.244084119796753,0.9525485038757324
2000-04-30,16,GEN,2.238156714622076,2.7574876990279047,1.7188257302162475,1.4896233081817627,0.735634446144104
2000-04-30,17,AAPL,2.1168512827135846,2.4436421559225123,1.7900604095046568,1.3294939994812012,0.7631924748420715
2000-04-30,18,SWKS,2.1120461133131854,3.057874628088159,1.166217598538212,1.6428858041763306,0.5218510627746582
2000-04-30,19,BIIB,2.095250135639333,2.4671944384460973,1.723305832832569,1.3415107727050781,0.7373676300048828
2000-04-30,20,AMAT,2.067872641997713,2.0271968477282662,2.10854843626716,1.1170165538787842,0.8864035606384277
2000-05-31,1,AMD,3.562750517695549,3.237958538731072,3.887542496660026,1.668278455734253,1.4853256940841675
2000-05-31,2,NTAP,3.5265190815453105,3.438307488219616,3.6147306748710055,1.7712609767913818,1.3854494094848633
2000-05-31,3,NVDA,3.3569532998012743,3.0776452872575972,3.636261312344951,1.5858749151229858,1.39333176612854
2000-05-31,4,ORCL,3.2949520353790103,3.448000483015043,3.141903587742977,1.7762433290481567,1.2123476266860962
2000-05-31,5,CIEN,3.2400857563113723,3.2223439926469344,3.2578275199758107,1.660252332687378,1.2547873258590698
2000-05-31,6,INCY,3.215140266680434,2.8132418648052293,3.617038668555639,1.449967384338379,1.3862943649291992
2000-05-31,7,REGN,3.0709042081624203,2.8351805710778226,3.306627845247018,1.4612442255020142,1.2726531028747559
2000-05-31,8,VIAV,3.024331697752091,3.7314445697980574,2.3172188257061244,1.9219380617141724,0.910430908203125
2000-05-31,9,TER,2.842693481892966,2.987421467727887,2.6979654960580457,1.5394984483718872,1.0498220920562744
2000-05-31,10,ADI,2.795383399394037,2.863112259250371,2.7276545395377036,1.4756015539169312,1.060691237449646
2000-05-31,11,VRSN,2.5586888068968543,3.063356845832875,2.054020767960834,1.5785304307937622,0.8140742182731628
2000-05-31,12,GLW,2.385996322066488,2.4183892162366587,2.3536034278963176,1.247006893157959,0.9237512946128845
2000-05-31,13,AMAT,2.3272045779371067,2.588146383036478,2.066262772837735,1.3342647552490234,0.818556010723114
2000-05-31,14,QCOM,2.248828653640942,2.846958272900791,1.6506990343810923,1.467298150062561,0.6664183139801025
2000-05-31,15,APH,2.233865285749859,2.535409255521202,1.9323213159785166,1.307157039642334,0.769520103931427
2000-05-31,16,CTSH,2.2261175424577866,2.73224511767487,1.7199899672407035,1.4083337783813477,0.6917856931686401
2000-05-31,17,MU,2.1090508632378278,2.5585808355904813,1.6595208908851737,1.3190675973892212,0.6696479916572571
2000-05-31,18,PWR,2.020882699815079,1.7097655480601222,2.3319998515700355,0.882763147354126,0.9158422350883484
2000-05-31,19,LRCX,2.0129147609438984,2.861056773836521,1.1647727480512762,1.4745450019836426,0.48852092027664185
2000-05-31,20,ADBE,1.9646589188056212,2.601283353731226,1.3280344838800162,1.3410173654556274,0.5482909679412842
2000-06-30,1,NVDA,3.7001527172122888,3.886092135757255,3.514213298667323,1.9004113674163818,1.192718505859375
2000-06-30,2,AMD,3.065277326168853,3.028162047999965,3.102392604337741,1.4828323125839233,1.059509515762329
2000-06-30,3,CIEN,2.9184313288734685,2.9119044139073766,2.9249582438395603,1.4262464046478271,1.0021159648895264
2000-06-30,4,ORCL,2.8702656713648715,3.5908902218514513,2.1496411208782917,1.756728172302246,0.7513291239738464
2000-06-30,5,NTAP,2.8665770178066063,3.476650479182481,2.256503556430731,1.7011244297027588,0.7858952283859253
2000-06-30,6,ADI,2.8528608934371262,2.8331596238501158,2.8725621630241367,1.3879190683364868,0.9851677417755127
2000-06-30,7,VRTX,2.8244480626813675,2.6597632596246905,2.9891328657380445,1.3035221099853516,1.022874116897583
2000-06-30,8,TRMB,2.689370116091989,2.575920226106568,2.80282000607741,1.2627133131027222,0.9626086950302124
2000-06-30,9,REGN,2.5029040987751476,2.1403297434797732,2.865478454070522,1.05069899559021,0.9828764200210571
2000-06-30,10,CTSH,2.406054888573549,3.052412258404955,1.7596975187421429,1.4946355819702148,0.6251965761184692
2000-06-30,11,MU,2.3826687971802416,2.665794891144225,2.099542703216258,1.3064578771591187,0.7351241111755371
2000-06-30,12,GLW,2.3283415325677024,2.5927288036659197,2.063954261469485,1.2708945274353027,0.7236125469207764
2000-06-30,13,NKTR,2.2790948332033754,2.056474463988695,2.5017152024180556,1.009884238243103,0.8652122616767883
2000-06-30,14,VIAV,2.2746570458735538,3.3899781360727044,1.1593359556744034,1.6589385271072388,0.4310014843940735
2000-06-30,15,PWR,2.189883795414769,1.569304800491161,2.8104627903383776,0.7727648615837097,0.9650808572769165
2000-06-30,16,TER,2.1685533403334514,2.4075167899745864,1.9295898906923166,1.1807465553283691,0.68015056848526
2000-06-30,17,DGX,2.1185299840212073,1.9651420383304075,2.2719179297120067,0.9654301404953003,0.7908812165260315
2000-06-30,18,JKHY,2.0608448645685287,1.8496581048091516,2.2720316243279055,0.909220814704895,0.7909179925918579
2000-06-30,19,VRSN,2.047032608024063,3.1033533016249795,0.9907119144231458,1.5194300413131714,0.37645775079727173
2000-06-30,20,LH,2.020769892518863,2.203345071114527,1.8381947139231993,1.0813703536987305,0.6505875587463379
2000-07-31,1,NVDA,3.2660011446204895,3.6682338136827615,2.8637684755582176,1.8941744565963745,0.9963539242744446
2000-07-31,2,CIEN,3.1879419334977763,3.3152154718017712,3.060668395193782,1.7086929082870483,1.064335823059082
2000-07-31,3,SBAC,3.0940047151833614,3.2590919508899376,2.9289174794767847,1.6792047023773193,1.0188473463058472
2000-07-31,4,VRTX,3.0196666679233997,2.869062238284287,3.1702710975625124,1.4742767810821533,1.102177381515503
2000-07-31,5,AMD,2.8254472631888086,2.8289649984677103,2.821929527909907,1.4532090425491333,0.9819085597991943
2000-07-31,6,TECH,2.8193752498690277,3.1726181893666388,2.466132310371417,1.6337699890136719,0.859065592288971
2000-07-31,7,NKTR,2.658860625015852,2.822568416796628,2.495152833235076,1.4498481750488281,0.8690852522850037
2000-07-31,8,NTAP,2.6456881021193226,3.3965636639805012,1.894812540258144,1.751434564590454,0.6618110537528992
2000-07-31,9,MU,2.603513235495572,2.860716937428551,2.346309533562593,1.4698920249938965,0.8176954388618469
2000-07-31,10,REGN,2.5250547097536957,2.6119821847385416,2.43812723476885,1.3392027616500854,0.8493965268135071
2000-07-31,11,TRMB,2.4678025049682475,2.599603768010598,2.3360012419258966,1.332698941230774,0.8141363859176636
2000-07-31,12,GLW,2.3813929435229193,2.6402031053420933,2.1225827817037457,1.3540304899215698,0.7404512763023376
2000-07-31,13,DGX,2.2716982572659665,1.9749942325661596,2.5684022819657732,1.004518985748291,0.8943754434585571
2000-07-31,14,VIAV,2.2634622284311177,3.401262461781662,1.1256619950805735,1.7539033889770508,0.39625322818756104
2000-07-31,15,PWR,2.1707767333012558,1.259541688922621,3.0820117776798908,0.6286086440086365,1.0717048645019531
2000-07-31,16,APH,2.1610092808495422,2.352808885972444,1.9692096757266406,1.203028917312622,0.6874974966049194
2000-07-31,17,WAT,2.073796854656668,1.6888324549954432,2.458761254317892,0.8541649580001831,0.8565206527709961
2000-07-31,18,ADBE,2.0736344172596994,2.2589652041702895,1.8883036303491092,1.1537219285964966,0.6595637798309326
2000-07-31,19,ORCL,2.045363739309773,2.9378464214317725,1.1528810571877735,1.510417103767395,0.40565091371536255
2000-07-31,20,LH,2.028212937026737,1.9412509199548704,2.1151749540986033,0.9867897033691406,0.7378936409950256
2000-08-31,1,NVDA,3.539691272594329,3.583208920511877,3.496173624676781,1.7855288982391357,1.1748859882354736
2000-08-31,2,DGX,2.9767227388020725,2.7326705799374644,3.22077489766668,1.3660669326782227,1.0881410837173462
2000-08-31,3,LH,2.7118833003127953,2.2058937881634657,3.217872812462125,1.106275200843811,1.0872269868850708
2000-08-31,4,VRTX,2.6209368582640407,2.7112508619529176,2.5306228545751632,1.3555033206939697,0.8707574605941772
2000-08-31,5,NTAP,2.59298261732541,3.7030248485821162,1.4829403860687036,1.844618797302246,0.5407591462135315
2000-08-31,6,CIEN,2.5487211668987424,2.8779738791197915,2.219468454677693,1.4377264976501465,0.7727502584457397
2000-08-31,7,TRMB,2.4699960995097543,2.562392838091863,2.3775993609276456,1.282090663909912,0.8225582242012024
2000-08-31,8,AMD,2.4037841821639048,2.8435818090793994,1.9639865552484104,1.4207652807235718,0.6922787427902222
2000-08-31,9,REGN,2.39808069291126,2.4145589790930257,2.381602406729495,1.2091830968856812,0.823819100856781
2000-08-31,10,MU,2.3801889961811282,1.9350095545469905,2.825368437815266,0.9726825952529907,0.9635962247848511
2000-08-31,11,ADBE,2.0244653011852316,1.9570831233581358,2.091847479012327,0.9835686683654785,0.7325522899627686
2000-08-31,12,SBAC,1.9156400076011644,2.801965956431652,1.0293140587706766,1.400241494178772,0.39787623286247253
2000-08-31,13,ORCL,1.906932228083309,2.7485590341641357,1.0653054220024825,1.373902678489685,0.40921276807785034
2000-08-31,14,PWR,1.8423411760672808,1.5699709227600036,2.114711429374558,0.7926556468009949,0.7397539615631104
2000-08-31,15,TECH,1.83107405030841,2.40145803234596,1.2606900682708597,1.2027220726013184,0.4707548916339874
2000-08-31,16,SANM,1.8108464812095284,2.082089249191304,1.5396037132277531,1.0452182292938232,0.5586069226264954
2000-08-31,17,VIAV,1.7748625479777185,3.316651221440794,0.23307387451464318,1.6540700197219849,0.1470770388841629
2000-08-31,18,GLW,1.7581346249165213,2.4221153675182734,1.0941538823147692,1.2129096984863281,0.41829943656921387
2000-08-31,19,RHI,1.7486080140113622,1.9005606804606645,1.5966553475620597,0.9556933641433716,0.5765770077705383
2000-08-31,20,FHI,1.7016113614150044,1.4416689536659593,1.9615537691640494,0.7293806672096252,0.6915124654769897
2000-09-30,1,DGX,3.2101758884656855,2.9218120215816827,3.498539755349688,1.5434799194335938,1.2827537059783936
2000-09-30,2,NVDA,2.816969740308388,3.303309123164682,2.3306303574520943,1.730671763420105,0.9084475636482239
2000-09-30,3,VRTX,2.8099958400078426,3.47020291428686,2.149788765728825,1.8125627040863037,0.8504891991615295
2000-09-30,4,LH,2.769556133063267,2.6593327719838364,2.879779494142698,1.4146873950958252,1.0844457149505615
2000-09-30,5,CZR,2.1877856027137352,1.891176396736039,2.484394808691431,1.0377707481384277,0.9577279090881348
2000-09-30,6,GLW,2.1394095513540714,3.041022045917961,1.2377970567901821,1.601973533630371,0.5582027435302734
2000-09-30,7,CIEN,2.0240829701551317,3.5309254900645755,0.5172404502456877,1.842357873916626,0.3272697925567627
2000-09-30,8,AMD,1.9723569946280453,2.407841116257011,1.5368728729990793,1.2912862300872803,0.6540542840957642
2000-09-30,9,NTAP,1.9722760937368895,3.777934743922557,0.16661744355122196,1.963559627532959,0.2148977667093277
2000-09-30,10,SANM,1.8980937746425441,2.1124481606654792,1.683739388619609,1.14634370803833,0.7011238932609558
2000-09-30,11,TRMB,1.8188812192128192,2.428228877776233,1.2095335606494053,1.3012900352478027,0.5491445064544678
2000-09-30,12,PWR,1.6538029253239106,2.0985937731872846,1.2090120774605366,1.1395456790924072,0.5489773750305176
2000-09-30,13,JBL,1.6522256915553237,1.9091890926363007,1.3952622904743468,1.0466091632843018,0.6086691617965698
2000-09-30,14,KMX,1.6049503255895,0.4082949090486592,2.8016057421303406,0.3101549446582794,1.0593916177749634
2000-09-30,15,ORCL,1.5889546390551381,3.049242941009448,0.12866633710082828,1.6060073375701904,0.20273472368717194
2000-09-30,16,IVZ,1.587328371553014,1.696723001104489,1.477933742001539,0.9423569440841675,0.635164737701416
2000-09-30,17,EOG,1.5604754956201545,0.7481630698607062,2.3727879213796026,0.4769204258918762,0.9219587445259094
2000-09-30,18,ADI,1.406697140509373,2.55139167600986,0.2620026050088861,1.3617231845855713,0.24546799063682556
2000-09-30,19,APH,1.395610035076352,1.826183270278078,0.9650367998746263,1.0058801174163818,0.47078514099121094
2000-09-30,20,ATGE,1.36411082485954,0.9632318698597767,1.764989779859303,0.582449734210968,0.7271640300750732
2000-10-31,1,VRTX,3.35393468368315,3.1581817684574403,3.54968759890886,1.6938973665237427,1.2837483882904053
2000-10-31,2,NVDA,2.9052735959862757,4.060548499198884,1.7499986927736675,2.1408298015594482,0.6615892648696899
2000-10-31,3,DGX,2.8193048488846397,2.7357253914726662,2.9028843062966128,1.4846593141555786,1.0601460933685303
2000-10-31,4,LH,2.7706732073066336,2.708591385107777,2.8327550295054906,1.4712201356887817,1.0359021425247192
2000-10-31,5,CIEN,2.675848115091845,3.5874103347791513,1.7642858954045388,1.906489610671997,0.6665284037590027
2000-10-31,6,NTAP,2.3916718889063313,3.699458213478757,1.0838855643339054,1.96198570728302,0.4313114881515503
2000-10-31,7,CZR,2.1337882029749498,1.667363724431412,2.600212681518488,0.9555113911628723,0.9555113911628723
2000-10-31,8,COR,2.1307698721913986,1.121599082350689,3.1399406620321084,0.6852000951766968,1.1420973539352417
2000-10-31,9,BIIB,1.954304698534814,2.3965868962232824,1.5120225008463457,1.3166877031326294,0.5793200135231018
2000-10-31,10,GLW,1.8881099392798317,2.7053642637149613,1.070855614844702,1.4696217775344849,0.4268069863319397
2000-10-31,11,UHS,1.8025672853122818,2.1543291942252902,1.4508053763992734,1.196700096130371,0.5581570267677307
2000-10-31,12,WAT,1.7799263388987563,1.9148882435444312,1.6449644342530811,1.0781075954437256,0.6252785325050354
2000-10-31,13,TECH,1.7723878718353459,2.3073457255949035,1.2374300180757885,1.2724875211715698,0.484392374753952
2000-10-31,14,NKTR,1.7105553924575685,2.3862198168861153,1.0348909680290217,1.3115530014038086,0.41437387466430664
2000-10-31,15,VRSN,1.5752850103446965,2.4356762705643,0.714893750125093,1.3360482454299927,0.3037496507167816
2000-10-31,16,AJG,1.4965680454649062,1.3971353906239135,1.596000700305899,0.8216702342033386,0.6083515882492065
2000-10-31,17,IVZ,1.4601166924233413,1.7682585628072574,1.1519748220394253,1.0054835081100464,0.4548501968383789
2000-10-31,18,CB,1.4492540994780478,1.4765996446280714,1.4219085543280245,0.8610280156135559,0.5481672883033752
2000-10-31,19,AES,1.4384987228861323,1.4390770175056198,1.4379204282666447,0.8424434661865234,0.5537026524543762
2000-10-31,20,RVTY,1.4317499550469477,1.7103884394894064,1.1531114706044892,0.9768210649490356,0.45524314045906067
2000-11-30,1,VRTX,3.5235315715154716,3.6189611855971395,3.428101957433803,1.872641921043396,1.2708823680877686
2000-11-30,2,BIIB,2.627601042347206,2.2566856408030547,2.998516443891357,1.2166941165924072,1.1198691129684448
2000-11-30,3,LH,2.4992172988670527,2.8516005447630666,2.1468340529710392,1.5031509399414062,0.8204751014709473
2000-11-30,4,CIEN,2.3810839653239064,3.4386735288425747,1.3234944018052384,1.7858318090438843,0.5310444831848145
2000-11-30,5,NTAP,2.3810753081523037,3.595515640069008,1.1666349762355994,1.8613526821136475,0.47590330243110657
2000-11-30,6,DVA,2.159195596600798,0.6245014880606307,3.693889705140965,0.43078291416168213,1.364315390586853
2000-11-30,7,NVDA,2.036397868154629,3.314078976641086,0.7587167596681721,1.7258384227752686,0.33250680565834045
2000-11-30,8,RVTY,1.9918842682989952,1.9798959493137929,2.0038725872841976,1.0834174156188965,0.7702195048332214
2000-11-30,9,COR,1.9786060907046075,1.938059832846957,2.019152348562258,1.0632729530334473,0.7755908370018005
2000-11-30,10,CZR,1.8422272700407034,1.4776201763506562,2.2068343637307506,0.8415671586990356,0.8415671586990356
2000-11-30,11,NKTR,1.7800150010872429,2.395846729389995,1.1641832727844907,1.2837014198303223,0.4750414490699768
2000-11-30,12,SBAC,1.770357154631261,3.1301034512664745,0.4106108579960475,1.6372525691986084,0.210136279463768
2000-11-30,13,DGX,1.769340559196725,2.2941726173633143,1.2445085010301358,1.2347444295883179,0.503278374671936
2000-11-30,14,SANM,1.6540369518053182,1.6645483980932183,1.6435255055174183,0.9315747618675232,0.6435458064079285
2000-11-30,15,EG,1.627623825798909,1.4553129780241205,1.7999346735736979,0.8308260440826416,0.6985287070274353
2000-11-30,16,BLK,1.5418055164823357,1.8645168598972133,1.2190941730674583,1.0278613567352295,0.49434441328048706
2000-11-30,17,TECH,1.5191091763504971,1.9147351036377418,1.1234832490632527,1.0520418882369995,0.4607340693473816
2000-11-30,18,RRC,1.5144847889741149,0.04999046120217202,2.9789791167460575,0.15415073931217194,1.1130011081695557
2000-11-30,19,AJG,1.4865876228688886,1.6315933951516663,1.3415818505861108,0.9157066345214844,0.5374028086662292
2000-11-30,20,UHS,1.4675200164105862,1.908799011673264,1.026241021147908,1.0491836071014404,0.4265502691268921
2000-12-31,1,BIIB,2.3594037277357183,1.933980746157042,2.784826709314395,1.0103421211242676,1.003462553024292
2000-12-31,2,COR,2.3263295822070633,2.7011423135206094,1.9515168508935172,1.3812310695648193,0.708492636680603
2000-12-31,3,LH,2.236972880841691,2.5991508027519115,1.87479495893147,1.3319226503372192,0.6813350915908813
2000-12-31,4,UHS,1.9980205981249781,2.1910957452816415,1.8049454509683147,1.134645938873291,0.6566101908683777
2000-12-31,5,DGX,1.9757833201770498,2.5458748240373956,1.405691816316704,1.3061660528182983,0.5152848362922668
2000-12-31,6,VRTX,1.9676260998343613,2.816008363433724,1.1192438362349986,1.4367637634277344,0.41388973593711853
2000-12-31,7,EHC,1.917626435166634,1.6755106816298007,2.159742188703467,0.8853831887245178,0.782198965549469
2000-12-31,8,DVA,1.69807306693983,0.6584940897845211,2.737652044095139,0.3937003016471863,0.9867639541625977
2000-12-31,9,EG,1.6782694077966096,1.7810752203699265,1.5754635952232925,0.9364190101623535,0.5753796100616455
2000-12-31,10,BLK,1.6317137322961281,1.6326034005249284,1.6308240640673282,0.864639401435852,0.5949757695198059
2000-12-31,11,HUM,1.5247606377296272,0.9590304836277693,2.0904907918314852,0.5389964580535889,0.7576857805252075
2000-12-31,12,CIEN,1.51622376839534,2.409613510741179,0.622834026049501,1.2402896881103516,0.23817363381385803
2000-12-31,13,RVTY,1.4568297193001791,1.4612789223259763,1.452380516274382,0.781811535358429,0.5318114161491394
2000-12-31,14,PAYX,1.4323820980837971,1.4732419885815085,1.3915222075860856,0.7875951528549194,0.5102691650390625
2000-12-31,15,PPL,1.3875976969569015,1.1628732026969448,1.6123221912168584,0.6375454664230347,0.5884265899658203
2000-12-31,16,UNH,1.380457905367404,1.5306199035175962,1.230295907217212,0.8153348565101624,0.45319926738739014
2000-12-31,17,PHM,1.3696834896223204,1.2147152112815245,1.5246517679631164,0.662608802318573,0.5573935508728027
2000-12-31,18,REGN,1.3521524529079172,2.247935998474401,0.4563689073414336,1.1621257066726685,0.1792493313550949
2000-12-31,19,CB,1.3426726513815166,1.6306480427516683,1.0546972600113649,0.8636940717697144,0.39104193449020386
2000-12-31,20,AJG,1.3308213663430566,1.4913528426909883,1.1702898899951246,0.7963509559631348,0.43195870518684387
2001-01-31,1,LH,2.2900369530564646,2.7731554413524027,1.8069184647605263,1.5629502534866333,0.8250565528869629
2001-01-31,2,DGX,2.039882415549781,2.7222620962851916,1.35750273481437,1.5360532999038696,0.6416778564453125
2001-01-31,3,DVA,1.9751045638968172,1.595000036786342,2.3552090910072923,0.9402992725372314,1.0487799644470215
2001-01-31,4,EG,1.8672448182039805,2.0349928409090356,1.699496795498925,1.1728339195251465,0.7812244296073914
2001-01-31,5,EHC,1.8549727694365734,1.9164285438311297,1.7935169950420171,1.1101731061935425,0.8195882439613342
2001-01-31,6,HUM,1.7862822259412872,0.9926717445530358,2.5798927073295386,0.6219708919525146,1.140459418296814
2001-01-31,7,WRB,1.7327423261924757,1.4002530523511367,2.065231600033815,0.8373761773109436,0.930458128452301
2001-01-31,8,NVR,1.6485862739117647,1.615382818327877,1.6817897294956523,0.9510715007781982,0.7739992737770081
2001-01-31,9,CNX,1.6371883889916243,1.9098362374554392,1.3645405405278093,1.1066890954971313,0.644549548625946
2001-01-31,10,HSIC,1.5584858802805779,1.6244671455356563,1.4925046150254997,0.9558725357055664,0.6967637538909912
2001-01-31,11,COR,1.534420917547494,2.0892348953601343,0.9796069397348539,1.201500654220581,0.4874820113182068
2001-01-31,12,UHS,1.5266373563202034,1.9591389117308426,1.094135800909564,1.132745385169983,0.5342141389846802
2001-01-31,13,VRTX,1.5060916314407773,2.479012171450413,0.5331710914311415,1.4074965715408325,0.305319219827652
2001-01-31,14,RRC,1.4937220066693833,1.2702210158530811,1.7172229974856856,0.7686547040939331,0.7884573936462402
2001-01-31,15,EOG,1.480210836380991,1.9724595390153294,0.9879621337466525,1.1397852897644043,0.4908912479877472
2001-01-31,16,PPL,1.383983756747397,1.1780194029488165,1.5899481105459772,0.7199264764785767,0.7365244030952454
2001-01-31,17,LEN,1.2763258707499454,1.338469634894096,1.2141821066057945,0.804723858833313,0.5831975936889648
2001-01-31,18,DHI,1.2646256334256538,1.0791112359723143,1.4501400308789936,0.6676538586616516,0.6794773936271667
2001-01-31,19,RVTY,1.2535628436874326,1.5809020063702663,0.9262236810045988,0.9328485131263733,0.46569961309432983
2001-01-31,20,WAT,1.242980568394754,1.987438957139713,0.4985221796497946,1.1477018594741821,0.29118114709854126
2001-02-28,1,DVA,2.933567650156734,3.0050670801025134,2.862068220210954,1.4414987564086914,0.94154292345047
2001-02-28,2,EHC,2.3788397629764697,1.9569352157745166,2.8007443101784233,0.9999631643295288,0.923423171043396
2001-02-28,3,LH,1.860575792113516,2.9397489500811256,0.7814026341459064,1.41398286819458,0.3267558813095093
2001-02-28,4,HSIC,1.7956607280106656,1.4589431933285049,2.1323782626928263,0.7901792526245117,0.7259369492530823
2001-02-28,5,NVR,1.792130481855979,1.7973335259870729,1.7869274377248852,0.9327294230461121,0.623864471912384
2001-02-28,6,GCO,1.721054969570433,2.0828762223153654,1.3592337168255006,1.053017020225525,0.49749118089675903
2001-02-28,7,RRC,1.7169210977886986,1.4578650281981804,1.9759771673792166,0.7897250652313232,0.6797241568565369
2001-02-28,8,VTR,1.67541169666604,1.5910877526218397,1.75973564071024,0.84584641456604,0.6158299446105957
2001-02-28,9,KMX,1.6189637712659997,2.272010439727049,0.9659171028049505,1.1326916217803955,0.3812755048274994
2001-02-28,10,MO,1.5950417166369113,1.5275648665864827,1.6625185666873397,0.8190867900848389,0.5871046185493469
2001-02-28,11,VRTX,1.578906517012117,2.40548982970798,0.752323204316254,1.1889210939407349,0.31816360354423523
2001-02-28,12,EOG,1.5026016352787757,1.9985139041205982,1.006689366436953,1.017478585243225,0.39332273602485657
2001-02-28,13,CNX,1.4699869906037075,1.6550945395424603,1.2848794416649547,0.872809886932373,0.4755212664604187
2001-02-28,14,TJX,1.4489437924833202,1.1262841148390867,1.7716034701275536,0.6500434279441833,0.6193366050720215
2001-02-28,15,STE,1.4420414468889602,0.8626772682023415,2.021405625575579,0.5389965176582336,0.6931471824645996
2001-02-28,16,DHI,1.4413464537275544,1.487543433545434,1.395149473909675,0.8022273778915405,0.5081034302711487
2001-02-28,17,LEN,1.3502844246098755,1.575311027355886,1.1252578218638654,0.8392003178596497,0.4283568859100342
2001-02-28,18,COR,1.31260441046676,1.8866641762535215,0.7385446446799986,0.9703608155250549,0.31409236788749695
2001-02-28,19,BIO,1.293859240518451,0.9891948525523859,1.5985236284845161,0.5922932624816895,0.568195641040802
2001-02-28,20,EG,1.2434303181579311,1.554024765080785,0.9328358712350774,0.8302332758903503,0.37150079011917114
2001-03-31,1,DVA,2.6857105218410067,3.0194390131477102,2.351982030534303,1.7681496143341064,0.9208516478538513
2001-03-31,2,EHC,2.1791972231011187,1.919414274346726,2.4389801718555115,1.1834561824798584,0.9551974534988403
2001-03-31,3,NVR,1.851010143032342,1.944105355007096,1.7579149310575883,1.196580171585083,0.6863211989402771
2001-03-31,4,VTR,1.7779626121217975,1.7417211171624891,1.814204107081106,1.0890073776245117,0.7085434794425964
2001-03-31,5,COR,1.622189021544333,2.1487148671887315,1.095663175899935,1.3053357601165771,0.4248722791671753
2001-03-31,6,LH,1.5494223658886497,2.3068979619004346,0.7919467698768646,1.3894144296646118,0.3049687445163727
2001-03-31,7,SLM,1.4517172666098808,1.3102478916297757,1.5931866415899856,0.8596674799919128,0.6212884783744812
2001-03-31,8,WRB,1.4094743590605527,1.5727944912507563,1.2461542268703494,0.999218225479126,0.48428431153297424
2001-03-31,9,MO,1.3996862993056784,1.4676478117814198,1.331724786829937,0.9433298707008362,0.5180665254592896
2001-03-31,10,EG,1.3258388914193182,1.484732769294642,1.1669450135439945,0.9524109959602356,0.45301347970962524
2001-03-31,11,CNX,1.3037454547089216,1.598429328654748,1.0090615807630952,1.0128438472747803,0.39068302512168884
2001-03-31,12,THC,1.2718076889554553,1.5173466519334318,1.026268725977479,0.9697461724281311,0.3974761962890625
2001-03-31,13,STE,1.236333411455732,0.9302482085095976,1.5424186144018666,0.6576871871948242,0.6012458801269531
2001-03-31,14,PVH,1.2167622921964154,1.1639688483818558,1.269555736010975,0.7819161415100098,0.4935229420661926
2001-03-31,15,GCO,1.2007673321812944,1.3323123546326054,1.0692223097299836,0.8713953495025635,0.4144337475299835
2001-03-31,16,BRO,1.1610612833243774,1.3305246443181065,0.9915979223306483,0.8704451322555542,0.3837885856628418
2001-03-31,17,RRC,1.1205361750876903,1.7597915469027727,0.4812808032726079,1.0986123085021973,0.18232160806655884
2001-03-31,18,MAT,1.108787320643016,0.8055196979940674,1.4120549432919647,0.5913905501365662,0.5497798919677734
2001-03-31,19,TJX,1.0945945495210678,0.9324698944179435,1.2567192046241922,0.6588680744171143,0.48845523595809937
2001-03-31,20,L,1.0892295858250671,1.3989218892299224,0.7795372824202117,0.9068001508712769,0.3000696301460266
2001-04-30,1,DVA,2.630272260761277,3.1549380266768488,2.105606494845706,1.6926017999649048,0.8171331286430359
2001-04-30,2,CNX,2.169254266443115,2.30090399779514,2.03760453509109,1.2425540685653687,0.7895113825798035
2001-04-30,3,NVR,1.9274731897120225,2.0394304257447686,1.8155159536792764,1.1047661304473877,0.6993011236190796
2001-04-30,4,VTR,1.8004202975307364,2.060689465988785,1.5401511290726877,1.115968942642212,0.5874505639076233
2001-04-30,5,HSIC,1.5491490451149126,1.4988514169690121,1.5994466732608128,0.8198988437652588,0.6115358471870422
2001-04-30,6,DINO,1.5389446090817913,1.3761043029117572,1.7017849152518254,0.7552151679992676,0.6531046628952026
2001-04-30,7,MO,1.46101139104876,1.5925442529793166,1.3294785291182036,0.8692718744277954,0.5018773674964905
2001-04-30,8,KMX,1.4172346203787431,1.5038236833408887,1.3306455574165974,0.822519063949585,0.5023514032363892
2001-04-30,9,CAL,1.378928627025796,0.8610345136609455,1.8968227403906468,0.48379039764404297,0.7323271632194519
2001-04-30,10,EHC,1.3628402960190618,1.495591845260533,1.2300887467775905,0.8181811571121216,0.461506187915802
2001-04-30,11,ANF,1.36093029061034,1.2993845854584092,1.4224759957622706,0.7147864103317261,0.5396520495414734
2001-04-30,12,GCO,1.3088994295512855,1.3396865236574471,1.2781123354451238,0.7360242009162903,0.48101291060447693
2001-04-30,13,L,1.2957506506688712,1.612068089892783,0.9794332114449595,0.8795602917671204,0.3596923053264618
2001-04-30,14,SLM,1.284394593575443,1.4502402742155882,1.118548912935298,0.7942823767662048,0.41619977355003357
2001-04-30,15,SCI,1.2757089559875467,0.8150011788408305,1.7364167331342628,0.45953235030174255,0.6671717762947083
2001-04-30,16,DDS,1.2037975712965636,0.5147646280148912,1.8928305145782363,0.30131760239601135,0.7307055592536926
2001-04-30,17,COR,1.1951499781831665,2.1912879198535338,0.19901203651279908,1.184790015220642,0.04269268363714218
2001-04-30,18,PVH,1.1464568398832036,1.249275202478373,1.0436384772880338,0.6883804202079773,0.38577187061309814
2001-04-30,19,MAT,1.0981359374563469,0.9673680587914003,1.2289038161212935,0.5398246645927429,0.4610248804092407
2001-04-30,20,RRC,1.0851193791047256,1.7475908519642203,0.4226479062452309,0.9509763121604919,0.13353143632411957
2001-05-31,1,KMX,2.751318884338377,2.7046277278795405,2.7980100407972137,1.3715521097183228,1.0075867176055908
2001-05-31,2,DINO,2.6780356037296373,2.4592461781545714,2.8968250293047038,1.2570427656173706,1.0419337749481201
2001-05-31,3,CNX,2.5076032498308383,2.7003350949729885,2.3148714046886876,1.3695489168167114,0.8396527767181396
2001-05-31,4,DVA,2.4174426337629265,3.648131785201398,1.1867534823244548,1.811846137046814,0.4475307762622833
2001-05-31,5,NVR,1.9156587115459023,2.1723225993950623,1.658994823696742,1.1231474876403809,0.6116769313812256
2001-05-31,6,VTR,1.8450884833929457,1.9207358398430845,1.7694411269428072,1.0057424306869507,0.6500669121742249
2001-05-31,7,RRC,1.7966669180932626,2.809487114097889,0.7838467220886359,1.4204856157302856,0.30748459696769714
2001-05-31,8,CAL,1.5929153627523496,1.2378043582551186,1.9480263672495806,0.6870467662811279,0.7121412754058838
2001-05-31,9,HSIC,1.5685661392658024,1.9288324239881194,1.2082998545434853,1.0095207691192627,0.45502007007598877
2001-05-31,10,ANF,1.5167539066767044,2.139138993872923,0.8943688194804859,1.1076620817184448,0.34590092301368713
2001-05-31,11,PRGO,1.4743181800831975,1.3547562528175467,1.5938801073488484,0.7416233420372009,0.5890437364578247
2001-05-31,12,L,1.3764094659692936,1.7069678812482245,1.0458510506903624,0.9059858322143555,0.39855456352233887
2001-05-31,13,GCO,1.3685200626064145,1.4654439279004183,1.2715961973124104,0.7932766675949097,0.4770212173461914
2001-05-31,14,J,1.2999857402410555,1.3607587606562583,1.2392127198258527,0.7444244623184204,0.4657650589942932
2001-05-31,15,MO,1.2709693563639508,1.6704162551026365,0.8715224576252654,0.8889287114143372,0.33795976638793945
2001-05-31,16,DHI,1.25939783996667,1.538134368076801,0.9806613118565392,0.8271982669830322,0.37589529156684875
2001-05-31,17,COR,1.2096986472766376,1.893969597898781,0.5254276966544944,0.9932517409324646,0.2176608443260193
2001-05-31,18,LEN,1.195939059912729,1.6006665903380741,0.7912115294873842,0.8563794493675232,0.310044527053833
2001-05-31,19,PPL,1.193284076105022,1.6205069894257698,0.7660611627842742,0.8656381368637085,0.3013025224208832
2001-05-31,20,PHM,1.1623324091929352,1.442489939418441,0.8821748789674296,0.7825649976730347,0.3416624367237091
2001-06-30,1,KMX,3.8445777838241497,3.734628753764897,3.954526813883403,1.7100615501403809,1.3123786449432373
2001-06-30,2,DINO,3.384325880557734,3.2416743074933434,3.526977453622124,1.502823829650879,1.1832423210144043
2001-06-30,3,SCI,2.802331483725842,1.6055796495087211,3.9990833179429632,0.8150107264518738,1.325836420059204
2001-06-30,4,ANF,2.4722047525284334,3.0815530658648176,1.862856439192049,1.4355089664459229,0.6806138753890991
2001-06-30,5,DVA,2.4670224660138866,3.398173327713274,1.535871604314499,1.5686159133911133,0.5818518996238708
2001-06-30,6,VTR,2.2554726634862954,2.2465439776394867,2.2644013493331046,1.0844717025756836,0.8018958568572998
2001-06-30,7,NVR,2.056553344074053,2.386054796466827,1.7270518916812787,1.1431219577789307,0.6395956873893738
2001-06-30,8,CZR,1.961482429688851,2.1185832075372835,1.8043816518404185,1.030677080154419,0.6629522442817688
2001-06-30,9,TTWO,1.885762603285111,1.6385776214992906,2.132947585070931,0.8288830518722534,0.7621917724609375
2001-06-30,10,PRGO,1.7791070379455656,1.6704575083940332,1.8877565674970982,0.8422853350639343,0.6881346702575684
2001-06-30,11,CNX,1.552247206063551,1.8943268977686947,1.2101675143584074,0.9363998770713806,0.48347675800323486
2001-06-30,12,NC,1.521964073189142,1.279509682913009,1.7644184634652749,0.6779311299324036,0.650881826877594
2001-06-30,13,J,1.4993307709798185,1.5891071056730068,1.4095544362866301,0.8080856800079346,0.5436992645263672
2001-06-30,14,URBN,1.4413526019143241,1.0116279215028379,1.8710772823258104,0.5653138160705566,0.6830968856811523
2001-06-30,15,EME,1.427791750167676,1.322433034961067,1.5331504653742851,0.6959760785102844,0.581030011177063
2001-06-30,16,PPL,1.3903202715363343,1.9464935214040378,0.834147021668631,0.9583306908607483,0.36990413069725037
2001-06-30,17,FCX,1.3732506055016849,0.9369142881624419,1.809586922840928,0.5339042544364929,0.6645244359970093
2001-06-30,18,NVDA,1.359732903377497,0.6318488955936822,2.087616911161312,0.4056549668312073,0.7485001683235168
2001-06-30,19,CAL,1.3572828863382003,0.9769046163229309,1.7376611563534698,0.5507161617279053,0.6428000926971436
2001-06-30,20,HRB,1.3540851540181191,1.306086818011021,1.4020834900252173,0.6891041398048401,0.5414427518844604
2001-07-31,1,KMX,3.6345545716948173,3.1099829234926633,4.159126219896971,1.5536903142929077,1.399539589881897
2001-07-31,2,SCI,2.523474038397027,1.2221269963429355,3.824821080451119,0.6907915472984314,1.2904125452041626
2001-07-31,3,CZR,2.477735098423203,1.88385164313166,3.0716185537147456,0.9932518005371094,1.04454505443573
2001-07-31,4,ANF,2.434136228335763,2.545173212835988,2.3230992438355376,1.2955278158187866,0.8002063035964966
2001-07-31,5,VTR,2.415865394220569,2.844263972858951,1.9874668155821864,1.432235836982727,0.6906459927558899
2001-07-31,6,DINO,2.115797518195122,2.262317683161589,1.9692773532286552,1.1662405729293823,0.6847084164619446
2001-07-31,7,PRGO,1.928293279152824,1.8379648836076146,2.0186216746980334,0.9722779393196106,0.7008158564567566
2001-07-31,8,PENN,1.8719526284601224,1.0734680990295227,2.6704371578907224,0.6228427290916443,0.9135876297950745
2001-07-31,9,NVDA,1.7984298883031566,0.537545622889109,3.0593141537172044,0.3778839707374573,1.0405285358428955
2001-07-31,10,NC,1.5800795823927078,1.4933365845174214,1.6668225802679941,0.8147556781768799,0.5859782695770264
2001-07-31,11,FICO,1.5250492260125283,1.3450408608306812,1.7050575911943753,0.7469728589057922,0.5984593033790588
2001-07-31,12,AN,1.4557888506687142,1.0203041746090789,1.8912735267283496,0.5985426306724548,0.6592456698417664
2001-07-31,13,DVA,1.3889702101108932,2.3806726428060756,0.3972677774157108,1.2203381061553955,0.1715581864118576
2001-07-31,14,HRB,1.27293313316993,1.2794127132200654,1.2664535531197947,0.7169756293296814,0.45528602600097656
2001-07-31,15,URI,1.2539818877257205,0.6201316316031205,1.8878321438483203,0.4156322777271271,0.6581223011016846
2001-07-31,16,CAR,1.235206010685719,0.4357540538917579,2.03465796747968,0.3313572108745575,0.7060505747795105
2001-07-31,17,BIO,1.2321630121742975,1.2185118213151989,1.245814203033396,0.6891391277313232,0.44854873418807983
2001-07-31,18,BKNG,1.1792034376616125,-3.4283037298003913,5.786710605123616,-1.434821367263794,1.9308310747146606
2001-07-31,19,LOW,1.1678821340105698,0.9624834123494579,1.3732808556716816,0.5721139907836914,0.4901576042175293
2001-07-31,20,EBAY,1.1634056645876403,0.21823365526096106,2.1085776739143194,0.23193326592445374,0.7301801443099976
2001-08-31,1,KMX,3.5421259444886237,3.214228098092775,3.870023790884472,1.5597718954086304,1.1784963607788086
2001-08-31,2,SCI,2.3067634611118235,2.2577028277602627,2.3558240944633844,1.1258795261383057,0.7187896370887756
2001-08-31,3,DINO,2.02980823763067,2.066188480171564,1.993427995089776,1.0390061140060425,0.6087672114372253
2001-08-31,4,VTR,1.8825520104946918,2.1932044719522814,1.5718995490371024,1.0966222286224365,0.480792373418808
2001-08-31,5,NVR,1.743444583453699,2.0922673886033856,1.3946217783040122,1.0508358478546143,0.42697134613990784
2001-08-31,6,PRGO,1.7035573089926783,1.7554504087913863,1.6516642091939704,0.8980512619018555,0.5050086975097656
2001-08-31,7,AZO,1.6680997813698955,1.378583967701394,1.9576155950383969,0.7270997166633606,0.5978946685791016
2001-08-31,8,HRB,1.6342425992900877,1.6033658412585088,1.6651193573216667,0.8290637135505676,0.5090936422348022
2001-08-31,9,ORLY,1.5778317601445582,1.7215151092922067,1.4341484109969098,0.8826577663421631,0.43897151947021484
2001-08-31,10,CZR,1.458701579725127,1.2036246746465051,1.7137784848037492,0.6477358937263489,0.5238664150238037
2001-08-31,11,TTWO,1.4493441796283104,1.302070418730689,1.5966179405259315,0.6923921704292297,0.4882968068122864
2001-08-31,12,CPRT,1.3986923271601441,1.4548326147755979,1.3425520395446904,0.7616870999336243,0.4111631214618683
2001-08-31,13,DLX,1.380874157377514,1.3353799926191852,1.4263683221358432,0.7075018286705017,0.43660950660705566
2001-08-31,14,HSIC,1.3459763952511778,1.9083450557845456,0.78360773471781,0.9674062728881836,0.24146921932697296
2001-08-31,15,FICO,1.3398676309267663,1.169452198598127,1.5102830632554056,0.6322348117828369,0.4620857834815979
2001-08-31,16,EME,1.2938150409425553,1.137991287795877,1.4496387940892335,0.6179637312889099,0.44367435574531555
2001-08-31,17,ANF,1.289587722286773,1.721053107770333,0.8581223368032134,0.8824481964111328,0.2640916407108307
2001-08-31,18,EHC,1.2692146330213463,2.107598585863381,0.4308306801793119,1.0577902793884277,0.13436710834503174
2001-08-31,19,PGR,1.2484335113630172,1.3151167057336126,1.1817503169924215,0.698310136795044,0.3623441755771637
2001-08-31,20,BRO,1.2284010766966578,1.3390976857529662,1.1177044676403494,0.7091882228851318,0.34290003776550293
2001-09-30,1,KMX,2.941743299602802,2.1806023289886793,3.7028842702169245,1.155118703842163,1.061021327972412
2001-09-30,2,DINO,2.405472952298116,2.314824035333125,2.496121869263107,1.2260373830795288,0.7191970348358154
2001-09-30,3,TYL,2.1886155680185873,0.9891160596959477,3.3881150763412267,0.5255734920501709,0.9718606472015381
2001-09-30,4,SCI,2.1851876339349925,2.0716102666939413,2.298765001176043,1.0975306034088135,0.66329425573349
2001-09-30,5,AZO,1.7223282213754008,1.356076917469886,2.088579525280916,0.7194644808769226,0.6037576794624329
2001-09-30,6,VTR,1.6659773006215133,2.047173892740176,1.2847807085028504,1.084619164466858,0.37607577443122864
2001-09-30,7,BIO,1.568218143064065,1.540892154151258,1.5955441319768722,0.8171152472496033,0.46410179138183594
2001-09-30,8,HRB,1.5583435938469687,1.5109217285625873,1.6057654591313504,0.8012797832489014,0.46699705719947815
2001-09-30,9,PRGO,1.5359948936087795,1.4687098774248266,1.6032799097927326,0.778976321220398,0.46629300713539124
2001-09-30,10,ORLY,1.534464672381435,1.3492144317266448,1.7197149130362253,0.7158385515213013,0.4992740750312805
2001-09-30,11,TSCO,1.4417250434907212,1.1468760707060761,1.736574016275366,0.6089290976524353,0.50404953956604
2001-09-30,12,FICO,1.322910130183876,1.3011561619324112,1.3446640984353404,0.6904460191726685,0.39303818345069885
2001-09-30,13,CZR,1.311083485387039,0.4824554534140231,2.139711517360055,0.2578693926334381,0.6182411909103394
2001-09-30,14,DVA,1.2835846825703285,2.0418479729777133,0.5253213921629439,1.0818051099777222,0.1609533578157425
2001-09-30,15,MHK,1.274972212252844,1.1870414609777258,1.3629029635279621,0.6301512718200684,0.3982044756412506
2001-09-30,16,DLX,1.226762217940605,1.356330736826523,1.097193699054687,0.7195985913276672,0.3229403793811798
2001-09-30,17,EHC,1.2246463143729291,2.04302614602692,0.40626648271893806,1.0824276208877563,0.1272301822900772
2001-09-30,18,ROST,1.2045518555660122,1.2647345507668544,1.1443691603651702,0.6712019443511963,0.336303174495697
2001-09-30,19,URBN,1.1972523182068433,1.1764807708039835,1.218023865609703,0.6245713233947754,0.3571664094924927
2001-09-30,20,NVDA,1.1662132161880292,0.1175230494329501,2.2149033829431084,0.06505017727613449,0.6395398378372192
2001-10-31,1,AZO,2.0348550119145545,1.7091613625248974,2.360548661304212,0.8267337083816528,0.6156291961669922
2001-10-31,2,DINO,1.9951010406971665,2.2106409656679262,1.779561115726407,1.100226640701294,0.4471220076084137
2001-10-31,3,KMX,1.7328384971631232,1.848082398603293,1.6175945957229532,0.9024973511695862,0.40014591813087463
2001-10-31,4,DLX,1.68894193428836,1.7527112722728113,1.6251725963039088,0.8504846096038818,0.4023438096046448
2001-10-31,5,PRGO,1.6819852589523623,1.6503592464727577,1.7136112714319671,0.7946646809577942,0.4279941916465759
2001-10-31,6,HRB,1.668533362586561,1.5784784085975796,1.7585883165755425,0.7554628849029541,0.44103914499282837
2001-10-31,7,ROST,1.646044820925423,1.5097633147502632,1.782326327100583,0.717987596988678,0.44792401790618896
2001-10-31,8,VTR,1.5754390217325227,1.8406563539488325,1.3102216895162129,0.8984473943710327,0.31099677085876465
2001-10-31,9,ORLY,1.4570924704778796,1.4262119788937575,1.4879729620620015,0.6724210381507874,0.3625510036945343
2001-10-31,10,SCI,1.4529705628289393,1.8510472644455849,1.0548938612122938,0.904114305973053,0.23694255948066711
2001-10-31,11,DVA,1.4428452014719615,2.0235234822684443,0.8621669206754785,0.9981780052185059,0.18104484677314758
2001-10-31,12,BRO,1.413852150369948,1.111922866020701,1.715781434719195,0.5010165572166443,0.42862361669540405
2001-10-31,13,CPRT,1.3985749313267377,1.4813154444801482,1.3158344181733272,0.7024729251861572,0.31262466311454773
2001-10-31,14,BIO,1.3499634267442446,1.54267968637794,1.157247167110549,0.7359392642974854,0.2666286826133728
2001-10-31,15,CZR,1.3166188212920142,0.4349925342180291,2.1982451083659993,0.13183771073818207,0.5685553550720215
2001-10-31,16,TYL,1.2852274917014048,0.8745564367555196,1.6958985466472902,0.37156355381011963,0.422856867313385
2001-10-31,17,BALL,1.2824350714733717,1.3859776521249652,1.1788924908217784,0.6504783630371094,0.2729066014289856
2001-10-31,18,EHC,1.2520399959573871,1.4653438800598075,1.0387361118549665,0.693762481212616,0.2322562336921692
2001-10-31,19,TSCO,1.241741631704027,1.1944366955575045,1.2890465678505496,0.5460172891616821,0.30485522747039795
2001-10-31,20,STE,1.2412626199273702,1.0984696014653739,1.3840556383893665,0.4936795234680176,0.3324112594127655
2001-11-30,1,KMX,2.8796454002849865,3.369680689120025,2.3896101114499486,1.601952314376831,0.5943655967712402
2001-11-30,2,TSCO,2.330799698861872,2.3398476292655843,2.32175176845816,1.0916918516159058,0.574541449546814
2001-11-30,3,AZO,2.1026922533545482,1.7121302299562804,2.4932542767528156,0.7806711792945862,0.6246442198753357
2001-11-30,4,TYL,1.9657957253700986,0.8376834996096274,3.09390795113057,0.34740135073661804,0.8001192808151245
2001-11-30,5,VTR,1.9518028581511844,2.227453363947667,1.676152352354702,1.0360028743743896,0.3859359323978424
2001-11-30,6,SCI,1.7996514227546032,2.1815730274860243,1.4177298180231823,1.0132701396942139,0.310440331697464
2001-11-30,7,ROST,1.7362527088982547,1.8963480957825896,1.57615732201392,0.8719472289085388,0.3567233681678772
2001-11-30,8,BIO,1.6893505458591052,1.6079832905055476,1.770717801212663,0.7290685772895813,0.4135622978210449
2001-11-30,9,DLX,1.5626246452669297,1.6677098186197024,1.457539471914157,0.7586618065834045,0.32207033038139343
2001-11-30,10,DINO,1.4777153793554758,2.3732940615638585,0.5821366971470929,1.1082638502120972,0.06633002310991287
2001-11-30,11,PRGO,1.422603990712096,1.7573990964598887,1.087808884964303,0.8031009435653687,0.21405717730522156
2001-11-30,12,MHK,1.4140978875739747,1.5157266328022168,1.3124691423457329,0.6833573579788208,0.2796894609928131
2001-11-30,13,RMD,1.411844032125686,1.7170229519970361,1.1066651122543356,0.7830954194068909,0.21956583857536316
2001-11-30,14,HOLX,1.3768239706606247,0.7323299204945111,2.021318020826738,0.2952008843421936,0.48677268624305725
2001-11-30,15,BRO,1.3516273079719472,1.3000924678690131,1.4031621480748815,0.5765151977539062,0.3061845302581787
2001-11-30,16,CPRT,1.342958887660131,1.4828836105589296,1.2030341647613323,0.6670843362808228,0.24771910905838013
2001-11-30,17,ACGL,1.3398167866597517,0.9764564441844269,1.7031771291350764,0.4161604046821594,0.39383095502853394
2001-11-30,18,BALL,1.3340222689706545,1.2960220965331797,1.3720224414081292,0.5744984149932861,0.2970873713493347
2001-11-30,19,HRB,1.3040804096928107,1.4882904822358525,1.1198703371497691,0.6697633266448975,0.22342361509799957
2001-11-30,20,CZR,1.2395849015532934,0.9031781514730987,1.5759916516334882,0.3798525631427765,0.3566749691963196
2001-12-31,1,TSCO,2.965071527716359,3.2302233495513377,2.6999197058813804,1.3727577924728394,0.6358752846717834
2001-12-31,2,AZO,2.5997699360294275,2.209527183381018,2.9900126886778366,0.9583014249801636,0.7105337977409363
2001-12-31,3,KMX,2.5903150496310032,3.8069392069626313,1.3736908922993754,1.6069347858428955,0.294556200504303
2001-12-31,4,HOLX,2.2611500510445546,1.685246045343283,2.8370540567458264,0.7454156875610352,0.6711682677268982
2001-12-31,5,VTR,2.039892011578364,2.6104042410162926,1.4693797821404355,1.121078610420227,0.31918275356292725
2001-12-31,6,CZR,1.9985268834141645,2.3688729029366207,1.6281808638917081,1.023004174232483,0.3600519001483917
2001-12-31,7,BBY,1.868181152728111,2.3607926763945586,1.3755696290616632,1.0197231769561768,0.29503971338272095
2001-12-31,8,DLX,1.8039104739738192,1.9182545837052882,1.6895663642423502,0.8400294184684753,0.375850111246109
2001-12-31,9,BSX,1.7663904783498836,1.636503986270057,1.8962769704297104,0.7256238460540771,0.4290492832660675
2001-12-31,10,NVDA,1.7358527241663926,2.294023577006368,1.1776818713264168,0.9926114082336426,0.24411119520664215
2001-12-31,11,HRB,1.6538162941018437,1.9182647122456253,1.389367875958062,0.8400335311889648,0.29859083890914917
2001-12-31,12,OI,1.6284462423482526,2.4366310763073065,0.8202614083891988,1.0505175590515137,0.15212523937225342
2001-12-31,13,CPRT,1.5955660475318232,1.5767206439057504,1.6144114511578962,0.7013486623764038,0.35650819540023804
2001-12-31,14,BIO,1.578103796943205,1.4458621046055404,1.7103454892808696,0.6482132077217102,0.38119783997535706
2001-12-31,15,LOW,1.5643472540509382,1.8657997540414948,1.2628947540603814,0.8187299966812134,0.26604163646698
2001-12-31,16,MHK,1.5501322084350755,1.4764802416736194,1.6237841751965314,0.6606457829475403,0.3589203655719757
2001-12-31,17,BRO,1.4927993703480622,1.37079831784293,1.6148004228531947,0.617733359336853,0.3566083014011383
2001-12-31,18,BALL,1.4715984752309552,1.2708642672583896,1.6723326832035206,0.5771548748016357,0.37141484022140503
2001-12-31,19,MCHP,1.4554267726514223,0.9205349378947186,1.9903186074081258,0.43490272760391235,0.4532518982887268
2001-12-31,20,ORLY,1.4487239409353179,1.5705552986491804,1.3268925832214555,0.6988452076911926,0.2825121581554413
2002-01-31,1,TSCO,3.2936972501786936,3.273823962571442,3.313570537785945,1.3886445760726929,0.7567471861839294
2002-01-31,2,URBN,3.071695430444544,2.5999892080420874,3.5434016528470007,1.111443042755127,0.8090663552284241
2002-01-31,3,KMX,2.852728202478157,4.160925235593048,1.544531169363266,1.7535794973373413,0.35403987765312195
2002-01-31,4,TYL,2.554281625894963,2.309347611882092,2.799215639907834,0.9918791651725769,0.639658510684967
2002-01-31,5,AZO,2.4934677613342675,2.1442960798895783,2.842639442778957,0.9239804148674011,0.6495435833930969
2002-01-31,6,NVDA,2.4586796982766335,3.3183630942540434,1.5989963022992235,1.406967043876648,0.3664384186267853
2002-01-31,7,WDC,2.1069830822963502,2.194913484549463,2.0190526800432376,0.9448033571243286,0.462060809135437
2002-01-31,8,CZR,1.7929971524342312,2.8503692547727844,0.7356250500956781,1.2144441604614258,0.16989903151988983
2002-01-31,9,DLX,1.7732932656432996,1.8677463230539753,1.678840208232624,0.8102136254310608,0.3846142292022705
2002-01-31,10,MHK,1.7645532722422197,1.588940631669582,1.9401659128148574,0.6955187916755676,0.4441028833389282
2002-01-31,11,GEN,1.6956183733442485,1.567832067982389,1.823404678706108,0.6868351697921753,0.4175231456756592
2002-01-31,12,ACGL,1.6803107922255704,1.2118325560992007,2.14878902835194,0.5403844118118286,0.49159422516822815
2002-01-31,13,PENN,1.6605048511512053,2.551037891460336,0.7699718108420743,1.0913054943084717,0.17771779000759125
2002-01-31,14,HRB,1.635678216195751,1.8161559832306273,1.4552004491608748,0.7889904379844666,0.33370447158813477
2002-01-31,15,EQIX,1.63394178937773,-1.1013142025482188,4.369197781303678,-0.4111958146095276,0.9970520734786987
2002-01-31,16,OI,1.4797794467778436,1.267570367114528,1.6919885264411592,0.5633137822151184,0.3876073360443115
2002-01-31,17,BBY,1.4164607881611269,2.144401994350411,0.6885195819718425,0.9240239858627319,0.15917585790157318
2002-01-31,18,BSX,1.4007434132692846,1.2754575895357187,1.5260292370028505,0.5665584206581116,0.3498280644416809
2002-01-31,19,FFIV,1.3861859711522861,1.888180859283174,0.8841910830213985,0.818619966506958,0.2037188708782196
2002-01-31,20,LOW,1.3839826011164502,1.6914006293351806,1.0765645728977198,0.7376686930656433,0.2475111186504364
2002-02-28,1,URBN,3.035688981482428,2.5399088563973597,3.5314691065674966,1.080228328704834,0.831609308719635
2002-02-28,2,HOLX,2.4328592806489646,1.408780897324602,3.456937663973327,0.6051784157752991,0.814384400844574
2002-02-28,3,KMX,2.3274338841828124,3.465296096940829,1.1895716714247953,1.4688714742660522,0.29037508368492126
2002-02-28,4,TSCO,2.1908996766919335,2.172374993032251,2.2094243603516164,0.9258718490600586,0.5260725021362305
2002-02-28,5,PENN,2.1763601506971817,2.2341412756638466,2.1185790257305173,0.9518123865127563,0.5050773024559021
2002-02-28,6,TYL,2.145110962508838,2.1631291392729155,2.1270927857447606,0.9219887852668762,0.5070449113845825
2002-02-28,7,NVDA,2.114113825031298,2.1937494393041983,2.0344782107583983,0.9348486661911011,0.48564082384109497
2002-02-28,8,CZR,1.9841096396360287,2.216124726147635,1.7520945531244223,0.9442458152770996,0.4203793406486511
2002-02-28,9,OI,1.9839519447968472,1.0355545048440014,2.932349384749693,0.44843119382858276,0.6931471824645996
2002-02-28,10,AZO,1.8603483225163875,2.2419637842599,1.4787328607728754,0.9550976753234863,0.3572029173374176
2002-02-28,11,DLX,1.806638165548125,1.956117642740632,1.6571586883556177,0.8350483179092407,0.39843878149986267
2002-02-28,12,BALL,1.7887040277798487,1.6101547889190972,1.9672532666406002,0.6897512078285217,0.47010451555252075
2002-02-28,13,BRO,1.5863625108382324,1.6558126759601302,1.5169123457163347,0.7089265584945679,0.36602655053138733
2002-02-28,14,GEN,1.5167884288000022,0.9821042678316234,2.051472589768381,0.4259832203388214,0.4895683825016022
2002-02-28,15,NVR,1.4938782108851516,1.7192807565629016,1.2684756652074016,0.7355818152427673,0.3086105287075043
2002-02-28,16,DINO,1.4560813089965126,1.9716667200254316,0.9404958979675935,0.8415786027908325,0.2328113615512848
2002-02-28,17,ROST,1.4558472291276265,1.0849671051804584,1.8267273530747947,0.46918344497680664,0.4376276731491089
2002-02-28,18,HRB,1.4540006174624032,1.8171018524367102,1.0908993824880964,0.7766646146774292,0.26757100224494934
2002-02-28,19,ACGL,1.4457096556921059,1.1646840850841969,1.7267352263000149,0.5026628971099854,0.4145185649394989
2002-02-28,20,DRI,1.4188250125570652,1.511476620411819,1.3261734047023115,0.6483084559440613,0.3219450116157532
2002-03-31,1,KMX,3.052067337340709,3.8811871485382747,2.222947526143143,1.6471638679504395,0.5861425399780273
2002-03-31,2,OI,2.609676610803068,1.3985597855147136,3.8207934360914226,0.6259725093841553,0.9762982726097107
2002-03-31,3,TSCO,2.402326902868511,2.5474583219314613,2.2571954838055603,1.0985546112060547,0.5945050716400146
2002-03-31,4,HOLX,2.334947197754366,1.8718672719155223,2.7980271235932097,0.820660412311554,0.7265632152557373
2002-03-31,5,PENN,2.2827057301322506,2.011941361846279,2.5534700984182224,0.8782777786254883,0.6668482422828674
2002-03-31,6,NVR,1.9140538101146443,1.5639492800847206,2.264158340144568,0.6940029859542847,0.5962052345275879
2002-03-31,7,FFIV,1.8999538570716699,2.6549386997856583,1.1449690143576814,1.1427650451660156,0.32292598485946655
2002-03-31,8,AZO,1.7651777936782016,2.224893149363408,1.305462437992995,0.9658722877502441,0.36211463809013367
2002-03-31,9,BALL,1.7100544869364913,1.6387084291277711,1.7814005447452115,0.7247540354728699,0.47832733392715454
2002-03-31,10,DHI,1.6116393617132725,1.5100921525157907,1.7131865709107545,0.6718496680259705,0.4616711139678955
2002-03-31,11,URBN,1.567888996619243,1.701732415954319,1.4340455772841672,0.7506780028343201,0.393511563539505
2002-03-31,12,BRO,1.5116371157023476,1.3119496948563705,1.7113245365483247,0.5903467535972595,0.46121644973754883
2002-03-31,13,WDC,1.5015728994982673,0.7123912223647886,2.290754576631746,0.3437274098396301,0.6026993989944458
2002-03-31,14,DLX,1.4988586292708086,1.5980924653918915,1.3996247931497254,0.7080472707748413,0.3851068317890167
2002-03-31,15,GEN,1.4672507587645396,0.993230383531845,1.9412711339972344,0.45924636721611023,0.5173639059066772
2002-03-31,16,DRI,1.4642068735963303,1.5023053720993158,1.426108375093345,0.6686466932296753,0.3915734887123108
2002-03-31,17,MHK,1.45714759443011,1.6818354581973518,1.2324597306628684,0.7424936890602112,0.3442891240119934
2002-03-31,18,TYL,1.4445770453563287,2.547598590339507,0.3415555003731506,1.0986123085021973,0.1267516314983368
2002-03-31,19,ACGL,1.3382202601850908,1.1398048563662408,1.5366356640039407,0.5195375680923462,0.4185616075992584
2002-03-31,20,HRB,1.291019258444409,1.6630155821315034,0.9190229347573142,0.7347524166107178,0.2677553594112396
2002-04-30,1,HOLX,3.4339261607937526,3.523132191087634,3.344720130499871,1.351314663887024,1.1182206869125366
2002-04-30,2,FFIV,3.2294603572045006,3.876431424193053,2.5824892902159484,1.4699472188949585,0.9180133938789368
2002-04-30,3,CCK,3.068630677831966,1.860228154001936,4.277033201661996,0.7929365634918213,1.3631017208099365
2002-04-30,4,OI,3.0653705038152657,1.5630457171352277,4.567695290495304,0.6931471824645996,1.4394469261169434
2002-04-30,5,TSCO,2.7486256742937094,3.0414830226520198,2.4557683259353986,1.1895841360092163,0.8847289085388184
2002-04-30,6,KMX,2.712744327723934,3.169216648809768,2.2562720066381,1.2324751615524292,0.832329273223877
2002-04-30,7,PENN,2.271254020495899,2.5667939586667683,1.9757140823250294,1.0301907062530518,0.7586380243301392
2002-04-30,8,TYL,2.239086254153464,2.7913861095367594,1.6867863987701688,1.1056053638458252,0.6827483773231506
2002-04-30,9,GEN,1.9520531468579376,1.5198202910980767,2.3842860026177988,0.6786327362060547,0.8659533858299255
2002-04-30,10,CZR,1.868369279177386,2.709429415189422,1.0273091431653503,1.0780855417251587,0.5095303058624268
2002-04-30,11,URBN,1.855374039511195,1.8262349399633404,1.8845131390590497,0.7815221548080444,0.7346832156181335
2002-04-30,12,NVR,1.8162713013774119,1.4655467421078379,2.1669958606469857,0.6604084968566895,0.8088800311088562
2002-04-30,13,TTWO,1.792650549050784,0.5198826224366189,3.065418475664949,0.34286874532699585,1.0448594093322754
2002-04-30,14,WDC,1.7014837014385171,0.3002774813723075,3.102689921504727,0.2691286504268646,1.0546491146087646
2002-04-30,15,NTAP,1.6690988106287525,0.07186543844111801,3.266332182816387,0.19243133068084717,1.0976313352584839
2002-04-30,16,JBHT,1.6681210061662402,1.2813938453940261,2.054848166938454,0.5985727310180664,0.7794233560562134
2002-04-30,17,BBY,1.5260025767916665,1.8501998168195022,1.201805336763831,0.7895691990852356,0.5553634166717529
2002-04-30,18,KLAC,1.4910426364861165,1.059520058195365,1.922565214776868,0.5240708589553833,0.7446779608726501
2002-04-30,19,AMZN,1.4546604400704717,0.4962552778072453,2.413065602333698,0.3349350392818451,0.8735126256942749
2002-04-30,20,EME,1.3818511967842602,1.4001911660596909,1.3635112275088292,0.6384630799293518,0.5978370308876038
2002-05-31,1,CCK,4.072916001642935,2.184038969999886,5.961793033285984,0.9603186845779419,1.8224201202392578
2002-05-31,2,TSCO,2.474596823034582,2.9824562189190726,1.9667374271500913,1.2887613773345947,0.7142199873924255
2002-05-31,3,OI,2.2235610367365943,1.5743438416633804,2.872778231809808,0.709510087966919,0.9655492901802063
2002-05-31,4,URBN,2.1667196409976386,1.8980663129183568,2.4353729690769206,0.8426789045333862,0.8442161679267883
2002-05-31,5,HOLX,2.025651541973633,2.4934076617432503,1.5578954222040156,1.0875828266143799,0.6008101105690002
2002-05-31,6,TYL,1.9621317712381887,2.897186387950964,1.0270771545254134,1.253684163093567,0.4535648822784424
2002-05-31,7,NVR,1.9551989637069087,1.460176060952126,2.4502218664616917,0.6625452041625977,0.8483351469039917
2002-05-31,8,WSM,1.8520455097783508,1.4300885314444813,2.2740024881122203,0.6501681804656982,0.7994531393051147
2002-05-31,9,PENN,1.798505509904952,1.9351490351020655,1.6618619847078386,0.857933521270752,0.6296496987342834
2002-05-31,10,KMX,1.7842491068766682,2.4551739015998364,1.1133243121535,1.0718547105789185,0.4774892330169678
2002-05-31,11,FIX,1.6942251764239296,2.129290336290353,1.259160016557506,0.9377968907356262,0.5179430246353149
2002-05-31,12,TPR,1.540216919462749,1.1767657094193664,1.9036681295061317,0.54595947265625,0.6967250108718872
2002-05-31,13,AOS,1.4811767892009637,1.093152596481377,1.8692009819205506,0.511563777923584,0.6871640682220459
2002-05-31,14,TKR,1.4687195193098104,1.0233767883813634,1.9140622502382572,0.4828602969646454,0.6996082663536072
2002-05-31,15,BIO,1.4617441696959304,1.9328957884616604,0.9905925509302004,0.8570066094398499,0.44344431161880493
2002-05-31,16,CZR,1.436954131801893,1.8303340173894287,1.0435742462143576,0.8148160576820374,0.4581410586833954
2002-05-31,17,SIG,1.4055137770294872,1.080196464522549,1.7308310895364254,0.5062340497970581,0.6487812399864197
2002-05-31,18,TTWO,1.3969505278378902,1.2792192446713695,1.514681811004411,0.5881054997444153,0.5888229608535767
2002-05-31,19,BIGGQ,1.3442592857191946,0.6792304207007622,2.009288150737627,0.341289758682251,0.726023256778717
2002-05-31,20,BALL,1.3083823350088812,1.6402571378788469,0.9765075321389155,0.7366246581077576,0.4395372271537781
2002-06-30,1,CCK,3.8576278980091514,1.1208884069086738,6.594367389109629,0.4831012189388275,2.1063051223754883
2002-06-30,2,TSCO,2.4303547632693716,3.010232844245645,1.8504766822930985,1.2797892093658447,0.643913984298706
2002-06-30,3,OI,2.170416790128825,2.127956265246572,2.212877315011078,0.9077558517456055,0.755630612373352
2002-06-30,4,HOLX,1.8542265908616429,2.5719640070531593,1.1364891746701264,1.0949825048446655,0.4238142669200897
2002-06-30,5,NVR,1.6157272216517282,1.5206328679463792,1.7108215753570775,0.6516631841659546,0.6008627414703369
2002-06-30,6,LII,1.5907154516171171,1.465148261752799,1.7162826414814352,0.6282667517662048,0.602546215057373
2002-06-30,7,DDS,1.5762381079075038,1.444496544929528,1.7079796708854798,0.6195584535598755,0.5999866724014282
2002-06-30,8,WSM,1.4397697616703353,1.4984071929241418,1.3811323304165286,0.6422911882400513,0.4992299973964691
2002-06-30,9,TYL,1.4394981691575186,1.6922690870164492,1.186727251298588,0.724037766456604,0.439301073551178
2002-06-30,10,AOS,1.4189616714475959,1.386845996977281,1.4510773459179107,0.5952486991882324,0.5207918286323547
2002-06-30,11,KBH,1.414743237276265,1.6716620375295832,1.1578244370229465,0.7153483033180237,0.43039125204086304
2002-06-30,12,URBN,1.3588870629148593,1.4563578430300965,1.261416282799622,0.6245600581169128,0.4623253345489502
2002-06-30,13,MHK,1.2957157241907793,1.672454600046117,0.9189768483354417,0.7156825065612793,0.3567621111869812
2002-06-30,14,BIGGQ,1.2953233947500018,0.7395956550239472,1.8510511344760563,0.3223198652267456,0.6440910696983337
2002-06-30,15,BIO,1.2708780647790898,1.6819950342339038,0.8597610953242757,0.7197054624557495,0.3385077714920044
2002-06-30,16,AZO,1.2605034396557915,2.124412986380521,0.3965938929310621,0.9062617421150208,0.19572800397872925
2002-06-30,17,ROST,1.2041886231853653,1.3344384896641042,1.0739387567066263,0.5731498003005981,0.40453195571899414
2002-06-30,18,CLF,1.1403504761832823,0.8154800175118666,1.4652209348546983,0.3543183505535126,0.5251518487930298
2002-06-30,19,NEM,1.1273016188065403,0.9865002231260683,1.2681030144870125,0.42643317580223083,0.46438664197921753
2002-06-30,20,PENN,1.1143189411593502,1.3491271170772652,0.8795107652414352,0.5793436169624329,0.3445959687232971
2002-07-31,1,TSCO,2.7953605495555216,3.3578579644744506,2.232863134636593,1.4905754327774048,0.7338282465934753
2002-07-31,2,CCK,2.1936239251946175,1.4055044759485513,2.9817433744406836,0.6024928092956543,0.9920846223831177
2002-07-31,3,URBN,1.9108500063870144,2.660452230032785,1.1612477827412435,1.173340916633606,0.3642745018005371
2002-07-31,4,NVR,1.6170871960592321,1.7967021784771668,1.4374722136412974,0.7804400324821472,0.45953235030174255
2002-07-31,5,LII,1.5890612386403622,1.2441461471797464,1.9339763301009778,0.5290944576263428,0.6307551264762878
2002-07-31,6,HOLX,1.565525521971504,1.7411155694564184,1.3899354744865897,0.7551549077033997,0.443138986825943
2002-07-31,7,AOS,1.4279916051544852,1.3583182175317485,1.4976649927772216,0.5810288190841675,0.4802902340888977
2002-07-31,8,DDS,1.424470484695962,1.2946226783185975,1.5543182910733266,0.5520551204681396,0.49982750415802
2002-07-31,9,BIGGQ,1.418456232015075,0.8825160853992292,1.954396378630921,0.3645969033241272,0.6377971172332764
2002-07-31,10,CAL,1.4149906598490305,1.1077524842414725,1.7222288354565882,0.46705198287963867,0.5577325820922852
2002-07-31,11,LMT,1.3769066524413907,1.4834063671213324,1.2704069377614486,0.6379286646842957,0.40191876888275146
2002-07-31,12,OI,1.33147941900894,1.6337884718823676,1.0291703661355125,0.7063341736793518,0.31872671842575073
2002-07-31,13,BIO,1.2824374149543645,1.4067607023358981,1.1581141275728306,0.603064239025116,0.3631938397884369
2002-07-31,14,WTW,1.256801603498476,1.4382567757263853,1.0753464312705665,0.6173911094665527,0.33465084433555603
2002-07-31,15,TYL,1.194612627827358,1.830919180305461,0.5583060753492551,0.796004593372345,0.15634600818157196
2002-07-31,16,STZ,1.1641073785983704,1.0599572436472218,1.2682575135495193,0.4453109800815582,0.4011775255203247
2002-07-31,17,BSET,1.1419070005838692,1.1541008434579114,1.1297131577098272,0.48813483119010925,0.3533995747566223
2002-07-31,18,CLF,1.1415299919134405,0.98656673437597,1.296493249450911,0.4119272530078888,0.410914808511734
2002-07-31,19,TSN,1.116669484938817,1.256109190935415,0.9772297789422193,0.5345361828804016,0.3008146584033966
2002-07-31,20,WSM,1.1134307857817431,1.0860290842832068,1.1408324872802795,0.4571704864501953,0.3572341501712799
2002-08-31,1,TSCO,2.077105692700804,2.368339241899607,1.7858721435020004,0.9996287226676941,0.47355616092681885
2002-08-31,2,LII,1.705134317204895,1.5493286315189112,1.8609400028908787,0.6034407615661621,0.5000799298286438
2002-08-31,3,DDS,1.5575334937877519,1.2702320048938338,1.84483498268167,0.46843063831329346,0.49438953399658203
2002-08-31,4,BIO,1.427649651208198,1.3762720000876498,1.4790273023287461,0.5197263956069946,0.3651385009288788
2002-08-31,5,CTSH,1.3225436073922627,0.8796965968683231,1.7653906179162024,0.2795131504535675,0.46631941199302673
2002-08-31,6,BSX,1.3093384016119463,1.3560346994943164,1.262642103729576,0.5099368095397949,0.2886829972267151
2002-08-31,7,CLF,1.2533206037771425,1.104102165688709,1.4025390418655763,0.3880670368671417,0.33811286091804504
2002-08-31,8,WTW,1.2367367459688876,1.5558801683356094,0.9175933236021656,0.6066100001335144,0.1667667180299759
2002-08-31,9,BIGGQ,1.2359031383468544,0.7885706784909847,1.6832355982027238,0.23543192446231842,0.43729153275489807
2002-08-31,10,CAL,1.2278908756662048,1.0960796104167223,1.359702140915687,0.3841862082481384,0.3229772746562958
2002-08-31,11,MCO,1.189638656069552,1.1377498415050429,1.241527470634061,0.40434375405311584,0.28122255206108093
2002-08-31,12,TYL,1.1713641086714632,1.5809740415649691,0.7617541757779572,0.6187489032745361,0.11170398443937302
2002-08-31,13,HOLX,1.1662234291701523,1.9437951957455153,0.3886516625947893,0.7942599058151245,-0.020124536007642746
2002-08-31,14,LMT,1.1556905583841681,1.315103520103849,0.9962775966644872,0.4901367723941803,0.19456827640533447
2002-08-31,15,NVR,1.143735763097173,1.3205917613842644,0.9668797648100814,0.49279165267944336,0.1841811239719391
2002-08-31,16,AOS,1.1326118427635787,1.3717052323188044,0.893518453208353,0.5175172686576843,0.15826033055782318
2002-08-31,17,ALB,1.1017210046395116,1.076625842625431,1.1268161666535923,0.37477564811706543,0.24069154262542725
2002-08-31,18,BALL,1.088284842766635,1.4667073832069533,0.7098623023263165,0.5634735822677612,0.0933689996600151
2002-08-31,19,SITC,1.0449525038488003,1.018659755710521,1.0712452519870794,0.3467351496219635,0.22105664014816284
2002-08-31,20,ITT,1.029575449095952,1.0767263871711876,0.9824245110207164,0.37482428550720215,0.1896735578775406
2002-09-30,1,TSCO,2.2738315443880217,2.615701745922369,1.9319613428536748,1.022721767425537,0.4282166659832001
2002-09-30,2,CLF,1.6577038130545887,1.2995530892102358,2.0158545368989413,0.4548119306564331,0.45312559604644775
2002-09-30,3,AOS,1.5714827617250473,1.6697012765032613,1.4732642469468333,0.6145285367965698,0.29202380776405334
2002-09-30,4,CTSH,1.5331905553610035,0.9539068443225277,2.112474266399479,0.3056677579879761,0.4818131923675537
2002-09-30,5,BALL,1.3985445224132094,1.742637984995654,1.0544510598307646,0.6460002660751343,0.16767297685146332
2002-09-30,6,BIGGQ,1.3941650433802986,1.3196801386316162,1.4686499481289812,0.4634966254234314,0.2906537652015686
2002-09-30,7,LII,1.3894162608803124,1.2667788956495065,1.5120536261111184,0.44067007303237915,0.3035408556461334
2002-09-30,8,TTWO,1.3487206720917464,1.2037304868433296,1.4937108573401632,0.41346508264541626,0.29809466004371643
2002-09-30,9,FOSL,1.328826420413134,1.3329234760745765,1.3247293647516913,0.46921104192733765,0.24792195856571198
2002-09-30,10,BSX,1.3040727211243353,1.2252869635830066,1.382858478665664,0.4227665662765503,0.26518121361732483
2002-09-30,11,ALB,1.287219230464761,1.1695188540987775,1.4049196068307443,0.3987029790878296,0.271731436252594
2002-09-30,12,BIO,1.2594668794649477,1.1927990560792128,1.326134702850683,0.40874823927879333,0.2483392208814621
2002-09-30,13,WTW,1.2243897172455767,1.439692911326395,1.0090865231647583,0.5152813792228699,0.15420368313789368
2002-09-30,14,MCO,1.2192072878032643,1.0435960182903852,1.3948185573161431,0.3443680703639984,0.26873230934143066
2002-09-30,15,PENN,1.2151030925887527,1.8519024256807037,0.5783037594968019,0.6931471824645996,0.02629893645644188
2002-09-30,16,LMT,1.1136122192977769,1.3364021452045214,0.8908222933910325,0.4707120656967163,0.11908956617116928
2002-09-30,17,ITT,1.1034867456870627,1.2169293446190605,0.990044146755065,0.41916030645370483,0.14854976534843445
2002-09-30,18,NVR,1.0995255418973946,1.660696215923461,0.5383548678713281,0.6106429100036621,0.014437614940106869
2002-09-30,19,NOC,1.0947508306775164,1.2150759791059575,0.9744256822490754,0.4183605909347534,0.1439124494791031
2002-09-30,20,DDS,1.0872134301122487,0.9988834544181169,1.1755434058063805,0.3250748813152313,0.20362679660320282
2002-10-31,1,TTWO,2.5280015709831827,3.233367442753851,1.8226356992125143,1.4114354848861694,0.36657607555389404
2002-10-31,2,TSCO,2.2463422317805413,2.78815267946828,1.7045317840928025,1.2080718278884888,0.3233429491519928
2002-10-31,3,CTSH,1.9387491168416655,2.2060964726181544,1.6714017610651766,0.9422022104263306,0.3112153708934784
2002-10-31,4,AMZN,1.7040719736261694,2.2920357010520847,1.116108246200254,0.9814572334289551,0.10794459283351898
2002-10-31,5,PENN,1.4980804170963244,1.9691464432672545,1.0270143909253946,0.833968997001648,0.07533089071512222
2002-10-31,6,URBN,1.3836166929164297,1.8381895643718513,0.9290438214610082,0.7741509675979614,0.03946777805685997
2002-10-31,7,WOR,1.3795423502797828,1.347315663133377,1.4117690374261889,0.5499312877655029,0.2161742001771927
2002-10-31,8,FOSL,1.3613710143301094,1.5650710453062966,1.1576709833539223,0.6493968367576599,0.12315905094146729
2002-10-31,9,BIGGQ,1.3532984545110516,1.5595104866260023,1.1470864223961008,0.6468569040298462,0.11928446590900421
2002-10-31,10,ODFL,1.3268689673359155,1.0911244017724304,1.5626135328994009,0.43290913105010986,0.2713923454284668
2002-10-31,11,WTW,1.2910432491359423,0.9291836509429897,1.6529028473288947,0.35893839597702026,0.3044436573982239
2002-10-31,12,WSM,1.2699394815004337,1.6442383789364685,0.8956405840643991,0.6855586171150208,0.02724018692970276
2002-10-31,13,BSX,1.267960507924516,1.0879641363511103,1.4479568794979216,0.43146559596061707,0.22942112386226654
2002-10-31,14,KBH,1.2488177875987607,1.345489328932795,1.1521462462647267,0.5490970611572266,0.12113666534423828
2002-10-31,15,NVR,1.242376557456178,1.8026929662547095,0.6820601486576465,0.757936954498291,-0.050943080335855484
2002-10-31,16,TPR,1.2159387610899635,1.5843815673606783,0.8474959548192486,0.6582174301147461,0.009616360999643803
2002-10-31,17,AOS,1.1989346826793628,1.2498304427920521,1.1480389225666734,0.5054023265838623,0.11963313817977905
2002-10-31,18,CLF,1.1718504121518325,1.2790923723060494,1.0646084519976156,0.5187684893608093,0.08909257501363754
2002-10-31,19,BALL,1.1551084914575354,1.3005435783101702,1.0096734046049003,0.5285668969154358,0.0689830482006073
2002-10-31,20,ACGL,1.147166061434443,1.2603959349007061,1.0339361879681799,0.5102283954620361,0.07786468416452408
2002-11-30,1,TSCO,2.0886730361324926,2.4399093054878684,1.7374367667771162,1.0346333980560303,0.3204134404659271
2002-11-30,2,ODFL,1.9238254800391061,1.583398157546785,2.264252802531427,0.6458877325057983,0.49033743143081665
2002-11-30,3,CTSH,1.9212797821755918,2.037951178162603,1.8046083861885807,0.852196216583252,0.3420795798301697
2002-11-30,4,AMZN,1.8060809925483126,2.4080209576254483,1.2041410274711768,1.02016019821167,0.14839942753314972
2002-11-30,5,BSX,1.6459284601221045,1.2700678898512983,2.0217890303929105,0.503676176071167,0.4121309816837311
2002-11-30,6,BIGGQ,1.4406737263652594,1.9167134708633204,0.9646339818671984,0.7971699237823486,0.07114666700363159
2002-11-30,7,TPR,1.3804957053364786,1.828978621551738,0.9320127891212192,0.7573496103286743,0.060624733567237854
2002-11-30,8,PENN,1.3476744783071488,1.7153185007774925,0.980030455836805,0.7057625651359558,0.0761127844452858
2002-11-30,9,WOR,1.3111968864134327,1.0698625277018499,1.5525312451250153,0.41280874609947205,0.26077234745025635
2002-11-30,10,JBHT,1.3105109267028356,1.7042969149002933,0.9167249385053778,0.7007601857185364,0.05569365248084068
2002-11-30,11,TTWO,1.171748916567439,1.5165651340079176,0.8269326991269604,0.61555415391922,0.026731254532933235
2002-11-30,12,INTU,1.1699129043115737,0.7229158058531864,1.616910002769961,0.255339652299881,0.28153765201568604
2002-11-30,13,NVR,1.1565042879713054,1.8381409074164334,0.4748676685261776,0.7615081071853638,-0.08682697266340256
2002-11-30,14,YELLQ,1.138423328533408,0.9928300787412349,1.284016578325581,0.3778459429740906,0.17416320741176605
2002-11-30,15,ROL,1.129572138793172,1.0105021619756316,1.2486421156107126,0.38586679100990295,0.16275320947170258
2002-11-30,16,WDC,1.1285714171428496,1.5130851515929342,0.7440576826927647,0.6139746904373169,0.0
2002-11-30,17,BG,1.1022740991600553,1.006281309309162,1.1982668890109487,0.3839510679244995,0.1465047299861908
2002-11-30,18,IDXX,1.0954888414979493,0.8524141869084031,1.3385634960874955,0.3141152262687683,0.19175726175308228
2002-11-30,19,GHC,1.079764745698387,0.962487361017052,1.197042130379722,0.3640742599964142,0.1461096853017807
2002-11-30,20,CHD,1.078921621200188,0.8106895273786197,1.3471537150217563,0.2951776087284088,0.1945280283689499
2002-12-31,1,CCK,3.137335157198305,5.509782360673372,0.7648879537232379,2.1464521884918213,0.04014710336923599
2002-12-31,2,TSCO,2.731997961406477,2.9305197578175433,2.5334761649954105,1.1088942289352417,0.46498024463653564
2002-12-31,3,ODFL,2.4304146005325533,1.8680100485062567,2.9928191525588494,0.681479275226593,0.5753191709518433
2002-12-31,4,WDC,2.3781021709933983,1.6268760702833203,3.1293282717034763,0.584478497505188,0.6081100702285767
2002-12-31,5,CTSH,2.1759631161273383,2.167884653395572,2.1840415788591048,0.8021095991134644,0.3810424506664276
2002-12-31,6,TPR,1.8344580570734141,1.9726884358480266,1.6962276782988015,0.7235881686210632,0.26386451721191406
2002-12-31,7,BSX,1.8087260843158868,1.3093769659260284,2.308075202705745,0.45675837993621826,0.4108366072177887
2002-12-31,8,AMZN,1.8009985067416772,1.973776752061065,1.6282202614222894,0.7240259647369385,0.24752843379974365
2002-12-31,9,TTWO,1.655165938660656,2.073394209712904,1.2369376676084083,0.7640990018844604,0.153538316488266
2002-12-31,10,DINO,1.424275083290458,0.6147685147718428,2.2337816518090734,0.17733877897262573,0.3929905295372009
2002-12-31,11,YELLQ,1.2860038848054818,1.026602705487178,1.5454050641237853,0.34300699830055237,0.22763536870479584
2002-12-31,12,GEN,1.256644523240867,0.9128701051199439,1.60041894136179,0.29725587368011475,0.2408502697944641
2002-12-31,13,BALL,1.2227255305714393,1.1076461096273018,1.337804951515577,0.37560826539993286,0.17776767909526825
2002-12-31,14,ROST,1.2045017018383506,1.4157280560219152,0.9932753476547858,0.49954015016555786,0.09500811249017715
2002-12-31,15,GHC,1.1738411741905668,1.0680544400678171,1.2796279083133162,0.35968175530433655,0.1637929528951645
2002-12-31,16,JEF,1.1733678692291942,1.160934338743321,1.1858013997150672,0.39704447984695435,0.14125485718250275
2002-12-31,17,NVR,1.1326802201904258,1.667605619265273,0.5977548211155785,0.6008627414703369,0.0
2002-12-31,18,OI,1.1227478206808863,1.9010701168206692,0.34442552454110326,0.694778323173523,-0.06085231155157089
2002-12-31,19,ORCL,1.0977741016553715,-0.18372034864374212,2.379268551954485,-0.14386871457099915,0.42793798446655273
2002-12-31,20,INTU,1.0786135307257139,0.6859129458035091,1.4713141156479186,0.20595799386501312,0.20983795821666718
2003-01-31,1,ODFL,2.7563597391064625,2.260221394537086,3.252498083675839,0.806363046169281,0.6350111365318298
2003-01-31,2,CCK,2.1144476479542758,3.0375098971974897,1.1913853987110616,1.1410077810287476,0.14892320334911346
2003-01-31,3,NEU,2.0362292838515628,1.1867569081168838,2.8857016595862417,0.34420615434646606,0.5485067367553711
2003-01-31,4,WDC,1.928964723683773,0.43129402823140084,3.4266354191361454,0.018957968801259995,0.676079273223877
2003-01-31,5,BSX,1.920057732080342,1.7040910205427793,2.136024443617905,0.5669331550598145,0.371704638004303
2003-01-31,6,CTSH,1.7583331187343036,1.7037152798819721,1.8129509575866352,0.566771388053894,0.29551175236701965
2003-01-31,7,GHC,1.5211875704680735,1.1778417894793205,1.8645333514568265,0.3403679430484772,0.3076768219470978
2003-01-31,8,TSCO,1.5148842403441867,2.225560495363041,0.8042079853253323,0.7914405465126038,0.05761219933629036
2003-01-31,9,TPR,1.4676047352924857,1.6047841760339456,1.3304252945510255,0.5241787433624268,0.1817140430212021
2003-01-31,10,GRMN,1.4455283863308095,1.1257523521927622,1.7653044204688568,0.31794196367263794,0.2842749059200287
2003-01-31,11,AMZN,1.4399039073645945,1.6815679014771665,1.1982399132520225,0.5572363138198853,0.15053975582122803
2003-01-31,12,NL,1.4315507673330607,1.0999351338593102,1.763166400806811,0.3068269193172455,0.28377068042755127
2003-01-31,13,BALL,1.36691506430019,1.2658642309737587,1.4679658976266212,0.37826409935951233,0.2141512930393219
2003-01-31,14,STE,1.3074561371593347,1.044954473252941,1.5699578010657287,0.2831561863422394,0.23820482194423676
2003-01-31,15,HAL,1.2929698544683559,1.2833997181137125,1.3025399908229993,0.3858136236667633,0.17513763904571533
2003-01-31,16,ROL,1.2496374908810501,0.9694726878149634,1.529802293947137,0.25065913796424866,0.22873464226722717
2003-01-31,17,DINO,1.2381716718948665,0.7387771979173469,1.7375661458723863,0.15133818984031677,0.27773317694664
2003-01-31,18,OI,1.194954205413624,1.3761702810904801,1.013738129736768,0.42575398087501526,0.10702729225158691
2003-01-31,19,TTWO,1.1866276645054121,1.2546061325745264,1.118649196436298,0.3734171688556671,0.13176926970481873
2003-01-31,20,NEM,1.1764006143381627,1.368977145628716,0.9838240830476095,0.4226571321487427,0.0999724343419075
2003-02-28,1,ODFL,2.8906959631164,2.5631175911950654,3.2182743350377345,0.8190196752548218,0.7269042730331421
2003-02-28,2,SEE,2.2182237889879697,0.2688257641319886,4.167621813843951,-0.09598477184772491,0.9553523659706116
2003-02-28,3,NEU,2.191032181166556,0.9342998351241928,3.4477645272089186,0.16941814124584198,0.782128095626831
2003-02-28,4,CCK,2.1508282540533834,1.205635656827058,3.0960208512797087,0.2776317000389099,0.6974855661392212
2003-02-28,5,AMT,2.0353133652527426,0.4703200426883279,3.6003066878171577,-0.01562526449561119,0.8188353776931763
2003-02-28,6,WDC,1.865506611600968,1.1127579679255122,2.618255255276424,0.2405904233455658,0.5825175046920776
2003-02-28,7,AMZN,1.7524444035090265,1.5918565045772113,1.9130323024408418,0.431663453578949,0.41281479597091675
2003-02-28,8,BSX,1.712235556752482,1.9835694628073859,1.4409016506975785,0.5878855586051941,0.29920271039009094
2003-02-28,9,GRMN,1.6543529617078068,1.5844661127958406,1.724239810619773,0.4287160336971283,0.3673843443393707
2003-02-28,10,TSCO,1.650024673552445,2.225858546697276,1.0741908004076142,0.6845147609710693,0.21095852553844452
2003-02-28,11,ROL,1.6013381260962243,1.4828610227422294,1.7198152294502194,0.38819411396980286,0.3663196265697479
2003-02-28,12,HAL,1.5411979201730583,1.3621584142545995,1.7202374260915172,0.34005576372146606,0.3664212226867676
2003-02-28,13,NL,1.5070115450990182,1.5162790832503859,1.4977440069476504,0.40152183175086975,0.31288108229637146
2003-02-28,14,TPR,1.462575238773969,1.3254663546653889,1.5996841228825491,0.3254223167896271,0.33741164207458496
2003-02-28,15,GLW,1.4590781638626713,-1.1694319141856733,4.087588241911016,-0.6695875525474548,0.9360933303833008
2003-02-28,16,CAL,1.40251043165777,1.8040912737566444,1.0009295895588957,0.516306459903717,0.19332917034626007
2003-02-28,17,FICO,1.3857215032732706,1.1849054356353657,1.5865375709111755,0.2693641185760498,0.3342480957508087
2003-02-28,18,BG,1.2628581167012571,1.2953409749028675,1.2303752584996466,0.3134077787399292,0.24854227900505066
2003-02-28,19,GEN,1.2551854053253977,0.9390889172027223,1.571281893448073,0.1713281124830246,0.33057701587677
2003-02-28,20,CNC,1.2388556951979672,1.5665010021420307,0.9112103882539037,0.4215512275695801,0.17173941433429718
2003-03-31,1,NEU,3.0297974053987193,1.8040265264899134,4.255568284307525,0.44357043504714966,0.9689947366714478
2003-03-31,2,ODFL,2.7049492265179707,2.6781717308251727,2.731726722210769,0.7656480669975281,0.5950224995613098
2003-03-31,3,WDC,2.3293208758378787,1.5120181951717038,3.1466235565040535,0.3359803557395935,0.6968440413475037
2003-03-31,4,BSX,2.2241999635440184,2.4478114397951876,2.0005884872928497,0.6807721257209778,0.4155908524990082
2003-03-31,5,GRMN,2.1609065758784562,1.9676397265602008,2.3541734251967115,0.5038534998893738,0.5023655891418457
2003-03-31,6,ROL,2.0376819967604183,1.8618873245424192,2.2134766689784175,0.46488916873931885,0.4678366184234619
2003-03-31,7,SEE,1.894968033614163,0.015996119622208566,3.7739399476061175,-0.21522697806358337,0.8507963418960571
2003-03-31,8,GLW,1.8624991705093954,-0.2500915790955966,3.9750899201143874,-0.3132666349411011,0.9001613855361938
2003-03-31,9,AMZN,1.8473607750208192,1.8087805176727358,1.8859410323689025,0.44532203674316406,0.3874547481536865
2003-03-31,10,CTSH,1.7902091449997721,2.4537036581520106,1.1267146318475336,0.6829431056976318,0.20112986862659454
2003-03-31,11,AMT,1.7255860599289923,0.514694579104607,2.9364775407533776,-0.03148219734430313,0.6452712416648865
2003-03-31,12,TPR,1.7000297621519773,1.5769890305358183,1.8230704937681363,0.3599187731742859,0.37202543020248413
2003-03-31,13,CAL,1.699309935098726,1.8728214880857201,1.525798382111732,0.4689178466796875,0.29907065629959106
2003-03-31,14,EBAY,1.677074759192736,1.7125722540429689,1.6415772643425028,0.40987423062324524,0.3274844288825989
2003-03-31,15,ALGN,1.5121217166945773,0.8790633451842513,2.1451800882049032,0.10276898741722107,0.4510756731033325
2003-03-31,16,VTRS,1.4850308108492902,1.5465355489565222,1.4235260727420582,0.348698228597641,0.2739715874195099
2003-03-31,17,HAL,1.37758123191343,1.2163507854151894,1.5388116784116703,0.227042093873024,0.3022643029689789
2003-03-31,18,IDXX,1.3684054581785108,1.5094849279131402,1.2273259884438812,0.3350469768047333,0.22582131624221802
2003-03-31,19,FICO,1.3517550273810226,1.0870402273592978,1.6164698274027471,0.1793977916240692,0.3213227093219757
2003-03-31,20,GEN,1.31750436930157,0.9132819264687883,1.7217268121343519,0.115376777946949,0.34715425968170166
2003-04-30,1,NEU,2.8527867122981014,1.8679066242357503,3.8376668003604526,0.5392863154411316,1.2169026136398315
2003-04-30,2,AMT,2.287605439220679,0.6485856566604418,3.9266252217809163,0.0036297643091529608,1.2446438074111938
2003-04-30,3,GLW,2.0609748380100785,0.03472069165327731,4.08722898436688,-0.26604557037353516,1.2947272062301636
2003-04-30,4,ODFL,2.060276614807657,2.4732819901869294,1.6472712394283842,0.8052321076393127,0.5338398218154907
2003-04-30,5,GRMN,1.8495811753061622,1.6554167949503917,2.043745555661933,0.44593799114227295,0.6574781537055969
2003-04-30,6,ROL,1.7922566019175004,1.7843654397158586,1.800147764119142,0.5025860667228699,0.581513524055481
2003-04-30,7,WDC,1.7663871694760744,1.4927853661929655,2.039988972759183,0.3744928240776062,0.6563066840171814
2003-04-30,8,AMZN,1.756926598197995,2.00381124541932,1.5100419509766696,0.5989902019500732,0.49104562401771545
2003-04-30,9,ALGN,1.6968582906711904,0.9415962126171953,2.452120368725186,0.13235142827033997,0.7848275899887085
2003-04-30,10,DINO,1.6642493311116295,1.6836787393578017,1.6448199228654572,0.4583536684513092,0.5330753922462463
2003-04-30,11,CCI,1.605498437218233,0.2932811787486116,2.9177156956878543,-0.1524580717086792,0.9300209283828735
2003-04-30,12,EBAY,1.5229781025039726,1.5726460620199947,1.4733101429879503,0.4095762073993683,0.4795910120010376
2003-04-30,13,SEE,1.493621749155296,0.27674136661889037,2.710502131691702,-0.1597241312265396,0.8654025197029114
2003-04-30,14,TRMB,1.480402545659826,0.9400008005140048,2.020804290805647,0.13165055215358734,0.6503240466117859
2003-04-30,15,TPR,1.4053911201471185,1.5810244940979126,1.2297577461963245,0.4132569134235382,0.4036405384540558
2003-04-30,16,CAL,1.358935956638533,1.4307046198806848,1.2871672933963816,0.3472203016281128,0.4215433895587921
2003-04-30,17,HAL,1.3204704840158943,1.1459589885659291,1.4949819794658596,0.2221294790506363,0.4863492548465729
2003-04-30,18,BSX,1.2502847568392226,1.7448616996055082,0.7557078140729367,0.48523178696632385,0.2558106780052185
2003-04-30,19,FICO,1.2084248206873953,1.0646892014326232,1.3521604399421672,0.1864270716905594,0.44181114435195923
2003-04-30,20,IRM,1.18341673688084,1.0664399656657726,1.3003935080959073,0.18719619512557983,0.4256679117679596
2003-05-31,1,ALGN,3.3760246772601463,2.2217072474975996,4.530342107022693,0.6694930195808411,1.4465866088867188
2003-05-31,2,AMT,3.039903506560738,1.2113857387756939,4.868421274345782,0.2856760323047638,1.5495222806930542
2003-05-31,3,GRMN,2.111392635065456,2.124901447436099,2.097883822694813,0.6327168941497803,0.7059709429740906
2003-05-31,4,NEU,2.0152043861059155,1.774293295070818,2.256115477141013,0.49952229857444763,0.7541480660438538
2003-05-31,5,SBAC,1.8723860475742784,-0.984239440785341,4.729011535933898,-0.5484329462051392,1.5070759057998657
2003-05-31,6,ODFL,1.8022926011846223,2.673388257743368,0.9311969446258764,0.8410847783088684,0.35074734687805176
2003-05-31,7,SEE,1.7536242096994716,0.3499062208744968,3.1573421985244465,-0.04159649461507797,1.0285464525222778
2003-05-31,8,AES,1.7470619412825321,-0.3000539473211714,3.7941778298862356,-0.2885136902332306,1.2224451303482056
2003-05-31,9,TRMB,1.7415365235431424,1.5577276962572195,1.9253453508290652,0.4172499179840088,0.6534377932548523
2003-05-31,10,AKAM,1.6933094772915798,0.6047452623790146,2.781873692204145,0.05521580949425697,0.914226770401001
2003-05-31,11,ROL,1.6168530764748206,2.029719063889704,1.2039870890599376,0.5965574979782104,0.43380433320999146
2003-05-31,12,DINO,1.6012639645059537,1.8205683537197324,1.3819595752921752,0.5171020030975342,0.48799198865890503
2003-05-31,13,GLW,1.5897779225126216,-0.0947458877339481,3.2743017327591915,-0.2105180025100708,1.0641573667526245
2003-05-31,14,EBAY,1.487372107927442,1.9320526820571249,1.0426915337977591,0.5594544410705566,0.38469433784484863
2003-05-31,15,AMZN,1.478253052479842,1.8854202897740022,1.071085815185682,0.5417389869689941,0.393339604139328
2003-05-31,16,WDC,1.3331115399838946,1.5394332340183075,1.126789845949482,0.4102999269962311,0.4102999269962311
2003-05-31,17,TPR,1.323743497785551,1.6196825233957248,1.027804472175377,0.44078630208969116,0.3801616430282593
2003-05-31,18,CAL,1.3088921215386313,1.4577528057849383,1.1600314372923242,0.37926986813545227,0.4204210638999939
2003-05-31,19,ANF,1.2458644771536518,0.7006964329613123,1.7910325213459912,0.09166726469993591,0.6125432848930359
2003-05-31,20,VTRS,1.2399317931054736,1.7125687931902787,0.7672947930206684,0.47607341408729553,0.3008437156677246
2003-06-30,1,SBAC,3.9158691620345625,2.4478835737025535,5.383854750366572,0.7298791408538818,1.4028236865997314
2003-06-30,2,ALGN,3.5390178914998573,3.179149957976211,3.8988858250235037,0.9674282073974609,1.0373491048812866
2003-06-30,3,AMT,2.9578490306971545,2.8415779783846618,3.0741200830096473,0.857769250869751,0.8343610763549805
2003-06-30,4,AES,2.912403618934754,0.7857026466840454,5.039104591185462,0.18992607295513153,1.3179751634597778
2003-06-30,5,ODFL,2.500349357204595,3.413796329577226,1.5869023848319646,1.0436521768569946,0.46833303570747375
2003-06-30,6,GRMN,2.4550550710694043,2.3546509684133774,2.5554591737254317,0.6995928883552551,0.7067103385925293
2003-06-30,7,CCI,2.4010435066695575,2.0966615373225794,2.705425476016536,0.6157860159873962,0.743619441986084
2003-06-30,8,WDC,2.282400292009771,3.2833313425675006,1.2814692414520412,1.00127112865448,0.3931610584259033
2003-06-30,9,NFLX,2.04116488616413,1.4348814888716708,2.6474482834565887,0.40080931782722473,0.7293503284454346
2003-06-30,10,AKAM,2.0403347999589445,2.0613524534291954,2.0193171464886936,0.604315996170044,0.5747572183609009
2003-06-30,11,NEU,2.0191295948704937,2.153675152791553,1.8845840369494344,0.6343066692352295,0.5415972471237183
2003-06-30,12,TRMB,1.8941970896895726,1.4463576062729322,2.342036573106213,0.40453729033470154,0.6541836261749268
2003-06-30,13,AMZN,1.8584453963314709,2.286302519585016,1.4305882730779256,0.6773901581764221,0.4298616349697113
2003-06-30,14,BKNG,1.6986417070619915,0.2540491973479284,3.1432342167760545,0.017220498993992805,0.851371169090271
2003-06-30,15,EBAY,1.671474250777059,2.080055157829396,1.2628933437247218,0.6103914976119995,0.3885892331600189
2003-06-30,16,TPR,1.6609875675818278,2.144683616183808,1.1772915189798472,0.6313858032226562,0.3675212562084198
2003-06-30,17,DINO,1.6081867750064796,2.3253185664627747,0.8910549835501843,0.6900643706321716,0.2970738708972931
2003-06-30,18,GLW,1.6074429831917787,1.4958886720956759,1.7189972942878815,0.42062726616859436,0.5008437037467957
2003-06-30,19,DECK,1.4444140748714382,1.1886514772089558,1.7001766725339207,0.32082244753837585,0.4962116479873657
2003-06-30,20,BSX,1.34435846018584,2.129125857858555,0.559591062513125,0.6263319253921509,0.215495303273201
2003-07-31,1,SBAC,4.931609339711439,2.3715748006303645,7.491643878792514,0.7583503723144531,1.9935382604599
2003-07-31,2,ALGN,4.618635295387949,3.669527440047625,5.567743150728273,1.1676051616668701,1.5184662342071533
2003-07-31,3,AKAM,3.8151000563942676,4.096003134462752,3.5341969783257836,1.3020763397216797,1.0163192749023438
2003-07-31,4,AMT,3.047362176600414,2.9541572283455637,3.140567124855264,0.9420432448387146,0.9191195964813232
2003-07-31,5,WDC,2.4882654697561954,3.6247579760865394,1.3517729634258513,1.1534889936447144,0.4774096608161926
2003-07-31,6,GLW,2.4813959331117723,2.291747233904296,2.6710446323192487,0.7331801056861877,0.8031796216964722
2003-07-31,7,NFLX,2.3521117748526392,1.8766430173618165,2.827580532343462,0.6022944450378418,0.8418332934379578
2003-07-31,8,WMB,2.3318387550405033,0.8816883255306279,3.781989184550379,0.2885773181915283,1.0775070190429688
2003-07-31,9,AMZN,2.2915343461348305,2.51722688205201,2.065841810217651,0.804275631904602,0.653735876083374
2003-07-31,10,CCI,2.248465273730373,2.128258255506017,2.3686722919547294,0.6816307306289673,0.7285143136978149
2003-07-31,11,AXON,2.185816635382808,0.22032034636495637,4.15131292440066,0.08004273474216461,1.1687047481536865
2003-07-31,12,NEU,2.105076884241627,3.061269725695925,1.1488840427873295,0.9758166670799255,0.42730996012687683
2003-07-31,13,BKNG,1.8505586619360916,0.8731602369759328,2.8279570868962502,0.28588834404945374,0.8419262766838074
2003-07-31,14,VRSN,1.8226397685862779,2.0319136431624174,1.6133658940101383,0.6512525081634521,0.5420052409172058
2003-07-31,15,DECK,1.6502423118951999,1.1918946993485795,2.1085899244418203,0.3863878548145294,0.6642917394638062
2003-07-31,16,IAC,1.605829147141187,1.606502979190886,1.605155315091488,0.5171171426773071,0.5399777889251709
2003-07-31,17,BSX,1.5908443817799298,2.2951149153655415,0.8865738481943181,0.7342419624328613,0.3625372648239136
2003-07-31,18,TRMB,1.5671005714271038,1.2291235058025598,1.9050776370516476,0.39812639355659485,0.6140381097793579
2003-07-31,19,NVDA,1.5426792158738296,0.8793101545161346,2.206048277231525,0.2878274619579315,0.6883572936058044
2003-07-31,20,GILD,1.5180789333232754,1.6296603024783112,1.4064975641682396,0.524418830871582,0.4909228980541229
2003-08-31,1,AXON,4.785783877118621,3.8888760813798164,5.682691672857425,1.4337060451507568,1.5899250507354736
2003-08-31,2,ALGN,4.757852862128345,4.739065634170069,4.776640090086622,1.7105340957641602,1.371026873588562
2003-08-31,3,SBAC,4.503744136459414,1.9151661392980803,7.092322133620747,0.7910513877868652,1.930485725402832
2003-08-31,4,AKAM,4.100030236634473,3.9801642913852047,4.219896181883741,1.4634301662445068,1.2365199327468872
2003-08-31,5,BKNG,3.934450278504475,2.8170212661857663,5.051879290823184,1.0847021341323853,1.4375234842300415
2003-08-31,6,CCI,3.4366832323198917,3.9684801444471915,2.9048863201925923,1.4596257209777832,0.9188191890716553
2003-08-31,7,GLW,3.2212507255575202,4.481861732195145,1.9606397189198954,1.6267865896224976,0.6906932592391968
2003-08-31,8,EQIX,3.1308309493895594,0.14692953994369692,6.114732358835422,0.21530038118362427,1.6943042278289795
2003-08-31,9,PWR,3.0012935936494634,3.706872629030818,2.295714558268109,1.3744443655014038,0.7716459035873413
2003-08-31,10,AMT,2.6528059302578697,3.790882502220774,1.5147293582949655,1.4017986059188843,0.582963228225708
2003-08-31,11,NEU,2.351944064469232,3.469866843945762,1.234021284992703,1.2972735166549683,0.5151453614234924
2003-08-31,12,AMZN,2.2524731346217224,2.734016008499912,1.7709302607435327,1.0576750040054321,0.6448602676391602
2003-08-31,13,AES,2.246310935578741,2.928871509921794,1.5637503612356882,1.1211214065551758,0.5948064923286438
2003-08-31,14,KMX,1.9835246303610883,1.6231475872415926,2.343901673480584,0.695967972278595,0.7832877039909363
2003-08-31,15,ODFL,1.9826993558469888,3.057951422112101,0.9074472895818765,1.1631507873535156,0.43624648451805115
2003-08-31,16,SANM,1.9362979734804164,1.5496645761469143,2.3229313708139183,0.6720413565635681,0.7782213687896729
2003-08-31,17,GILD,1.9190722013828494,1.9615117178087407,1.8766326849569581,0.8061418533325195,0.6703975200653076
2003-08-31,18,WMB,1.8897611303335076,1.8764814862332406,1.9030407744337745,0.778455376625061,0.6767776012420654
2003-08-31,19,ON,1.858583816449525,1.20175696440432,2.51541066849473,0.5587600469589233,0.8247235417366028
2003-08-31,20,NFLX,1.7478734458897212,1.5564263267829412,1.939320564996501,0.6742430329322815,0.685542643070221
2003-09-30,1,AXON,4.98820917214675,3.681482420645125,6.294935923648374,1.3742411136627197,1.8246301412582397
2003-09-30,2,BKNG,4.004437127156452,2.60098905129001,5.407885203022894,1.0298726558685303,1.6066561937332153
2003-09-30,3,SBAC,3.79159376744106,2.0406538522259505,5.5425336826561695,0.8512859344482422,1.6397432088851929
2003-09-30,4,CCI,3.612261605395293,4.207833439910212,3.0166897708803746,1.5419965982437134,1.0190705060958862
2003-09-30,5,EQIX,3.5222677361252157,1.3318421348053207,5.712693337445111,0.6253776550292969,1.6815563440322876
2003-09-30,6,AKAM,3.471693055535494,4.003298117079341,2.9400879939916473,1.4768083095550537,1.0002472400665283
2003-09-30,7,AMT,3.3261999022030238,4.175514824916541,2.4768849794895065,1.5316962003707886,0.8864248991012573
2003-09-30,8,PWR,3.2778338238456275,3.378838485995167,3.176829161696088,1.2777842283248901,1.0584213733673096
2003-09-30,9,ON,3.034057833572228,2.221770840171961,3.8463448269724947,0.9090104699134827,1.2229406833648682
2003-09-30,10,ALGN,2.9066844721348657,3.4661962940417945,2.3471726502279373,1.305626392364502,0.854550838470459
2003-09-30,11,WMB,2.5580714705374223,2.6693063828087595,2.4468365582660856,1.05164635181427,0.8790411353111267
2003-09-30,12,ODFL,2.4253080120837778,3.302088975502534,1.5485270486650218,1.2533230781555176,0.6583005785942078
2003-09-30,13,AMZN,2.408775725180092,2.919955371419088,1.897596078941096,1.1315317153930664,0.7440769076347351
2003-09-30,14,KMX,2.3983737388597106,2.0994846083670122,2.6972628693524086,0.8700361251831055,0.9405781030654907
2003-09-30,15,GLW,2.394481459773015,3.815850075309633,0.9731128442363968,1.417065978050232,0.5169047117233276
2003-09-30,16,RVTY,2.2309623796786338,2.8221553360573046,1.639769423299963,1.1003614664077759,0.6807214617729187
2003-09-30,17,SANM,2.0903487933674914,2.30083186885385,1.879865717881133,0.934208333492279,0.7397200465202332
2003-09-30,18,URBN,2.0703289264523157,1.3841121814320376,2.756545671472594,0.6420368552207947,0.9551455974578857
2003-09-30,19,NTAP,1.9708316534419963,2.042204589185927,1.8994587176980655,0.8517801761627197,0.7445346117019653
2003-09-30,20,NFLX,1.9401972417512938,2.297300071037984,1.5830944124646038,0.9330826997756958,0.6667947769165039
2003-10-31,1,EHC,4.9900421343393955,-1.8387562605272558,11.818840529206048,-0.34130313992500305,3.489750623703003
2003-10-31,2,AXON,4.864059554569607,4.048360498206717,5.679758610932496,1.6317551136016846,1.8101930618286133
2003-10-31,3,AKAM,3.6055270999010163,4.0807678582781834,3.130286341523849,1.6426163911819458,1.1126970052719116
2003-10-31,4,EQIX,3.2937646055201366,0.7860107513533442,5.801518459686929,0.5383835434913635,1.8435046672821045
2003-10-31,5,AMT,3.0001206006168455,4.710706883203918,1.2895343180297731,1.8537395000457764,0.6090958118438721
2003-10-31,6,ON,2.9534227282146555,2.650161343498626,3.256684112930685,1.1631507873535156,1.1472774744033813
2003-10-31,7,PWR,2.915847076181043,3.2979813092345003,2.5337128431275864,1.3802666664123535,0.9494837522506714
2003-10-31,8,BKNG,2.8872258656728245,2.7555696514137935,3.0188820799318554,1.1984782218933105,1.0822185277938843
2003-10-31,9,ALGN,2.703751755082344,3.6889454425996626,1.718558067565026,1.5112977027893066,0.7264700531959534
2003-10-31,10,GLW,2.640017087055766,4.469297286945897,0.8107368871656349,1.7728314399719238,0.47810426354408264
2003-10-31,11,WMB,2.5874422748847543,3.467057233910676,1.7078273158588322,1.4369322061538696,0.7235342860221863
2003-10-31,12,SANM,2.578164594019127,2.906750763331955,2.2495784247062987,1.2491463422775269,0.8717489838600159
2003-10-31,13,SBAC,2.2941932043443085,2.346039160737106,2.2423472479515114,1.0612246990203857,0.8697706460952759
2003-10-31,14,CCI,2.291505304699884,3.556908685821128,1.0261019235786395,1.467045783996582,0.5370247960090637
2003-10-31,15,AES,2.050103194703338,2.413685892392249,1.6865204970144263,1.0838963985443115,0.7177050709724426
2003-10-31,16,DECK,1.9181285751508108,1.6022075311616202,2.2340496191400017,0.8119306564331055,0.8675005435943604
2003-10-31,17,AMZN,1.9149286208735674,2.497287498248813,1.3325697434983221,1.1119153499603271,0.6208696365356445
2003-10-31,18,NFLX,1.8873830183920821,2.8830677914005918,0.8916982453835725,1.2412090301513672,0.5002540349960327
2003-10-31,19,NKTR,1.8046209277441068,1.9665071130298446,1.6427347424583691,0.9340251088142395,0.7057259678840637
2003-10-31,20,URBN,1.7948414676838054,1.4576545426451528,2.132028392722458,0.7634839415550232,0.8395891189575195
2003-11-30,1,AXON,6.825426739417071,6.917799982432189,6.733053496401952,2.8730075359344482,2.0443942546844482
2003-11-30,2,AKAM,4.16659264310985,4.822929727832847,3.5102555583868544,2.0973219871520996,1.1830952167510986
2003-11-30,3,EHC,4.165188373903729,-2.002258933725511,10.332635681532969,-0.42989906668663025,3.006389617919922
2003-11-30,4,SBAC,4.025650335810376,5.6346789851598515,2.416621686460899,2.397895336151123,0.8908194303512573
2003-11-30,5,ALGN,3.3855088786467444,5.003105538799386,1.7679122184941023,2.1640372276306152,0.7174505591392517
2003-11-30,6,NFLX,3.349244961395663,4.166918089146406,2.53157183364492,1.854414939880371,0.9215400815010071
2003-11-30,7,EQIX,3.301090365107923,1.0725894169183814,5.529591313297464,0.7086513638496399,1.722766637802124
2003-11-30,8,AMT,3.010535678286682,4.850188801240662,1.1708825553327011,2.1074154376983643,0.5578932166099548
2003-11-30,9,ON,2.9004693146031415,2.4102889256722757,3.3906497035340073,1.2039728164672852,1.1511303186416626
2003-11-30,10,GLW,2.8321507383907307,3.9393114260612916,1.7249900507201696,1.770137071609497,0.7059795260429382
2003-11-30,11,DECK,2.568708166049616,2.7990792270715863,2.338337105027645,1.3479335308074951,0.869897723197937
2003-11-30,12,SANM,2.250822624738582,2.478686116477641,2.0229591329995236,1.2292988300323486,0.7856123447418213
2003-11-30,13,FCX,2.2155700346760168,2.3095568784031415,2.121583190948892,1.1666738986968994,0.8119698166847229
2003-11-30,14,CCI,2.1421843738978468,2.6309650812193,1.6534036665763934,1.2856844663619995,0.6868479251861572
2003-11-30,15,WMB,2.1396581888231765,3.751455297919639,0.5278610797267143,1.700577974319458,0.3860444724559784
2003-11-30,16,LPX,2.123610661806511,1.9605151802779832,2.286706143335039,1.037431240081787,0.8560992479324341
2003-11-30,17,PWR,2.012047772995543,1.7103784921999285,2.3137170537911578,0.9448109865188599,0.8633179664611816
2003-11-30,18,URBN,2.0041306396630376,1.9178085474010083,2.0904527319250668,1.0216178894042969,0.8036501407623291
2003-11-30,19,AES,1.98175749731374,3.474626481376148,0.48888851325133176,1.598074197769165,0.3756289780139923
2003-11-30,20,CTSH,1.8301552089902995,1.1077670467161647,2.5525433712644343,0.7216768860816956,0.9271447658538818
2003-12-31,1,AXON,8.098887774739618,8.451944490807128,7.745831058672109,2.95147442817688,2.0800790786743164
2003-12-31,2,AKAM,4.815826192283637,5.070205364324254,4.561447020243022,1.8725486993789673,1.2977914810180664
2003-12-31,3,EHC,4.6517761982833346,-0.7079546599554947,10.011507056522163,0.029057737439870834,2.6366734504699707
2003-12-31,4,DECK,3.5280798804802695,3.8107045111046167,3.2454552498559224,1.4707117080688477,0.9745000600814819
2003-12-31,5,NFLX,3.1866607003005587,3.926498825456809,2.446822575144308,1.5076552629470825,0.7783049941062927
2003-12-31,6,EQIX,2.975809931205869,1.9251143874010055,4.026505475010732,0.8691242933273315,1.166375756263733
2003-12-31,7,ALGN,2.924452704597054,4.243775732519732,1.6051296766743761,1.6088807582855225,0.5715315937995911
2003-12-31,8,ON,2.7639242652838156,2.644411906462301,2.8834366241053297,1.0986123085021973,0.8855652213096619
2003-12-31,9,NEU,2.6931832220038316,3.1646682263043466,2.221698217703317,1.2645972967147827,0.7230001091957092
2003-12-31,10,URBN,2.671832343984618,2.5985844023713813,2.7450802855978544,1.083991289138794,0.8515760898590088
2003-12-31,11,FCX,2.281300651510765,2.471950285971234,2.090651017050296,1.0435893535614014,0.6908065676689148
2003-12-31,12,SANM,2.2404255797522117,2.1221892821744466,2.358661877329977,0.9319999814033508,0.7566471099853516
2003-12-31,13,AMD,2.1625245667035258,1.368310773163158,2.9567383602438935,0.6914790868759155,0.9035727977752686
2003-12-31,14,CLF,2.1228149857335072,1.1464826742232657,3.099147297243749,0.6207060217857361,0.938557505607605
2003-12-31,15,MNST,1.9013067436775737,1.5582864214814223,2.2443270658737253,0.75208979845047,0.7285591959953308
2003-12-31,16,CTSH,1.8828291647349968,1.2579395358136203,2.507718793656373,0.6562657356262207,0.7932649850845337
2003-12-31,17,SBAC,1.882228257042542,3.9841745982368693,-0.21971808415178531,1.5260564088821411,0.12323272228240967
2003-12-31,18,CCI,1.8412838146749435,2.781214759298114,0.901352870051773,1.1422585248947144,0.39863917231559753
2003-12-31,19,AES,1.7134137035936936,3.687044605324638,-0.26021719813725097,1.4312586784362793,0.11328355967998505
2003-12-31,20,GLW,1.647608822728685,2.1827934941172673,1.1124241513401025,0.9513354301452637,0.450491726398468
2004-01-31,1,AXON,7.880608873285447,8.21975777435567,7.541459972215224,3.014976739883423,1.8462719917297363
2004-01-31,2,DECK,4.427368450592845,4.515917891249775,4.338819009935915,1.8144540786743164,1.1501624584197998
2004-01-31,3,EQIX,4.392085675714209,3.8518503014307623,4.932321049997655,1.5992103815078735,1.2791630029678345
2004-01-31,4,EHC,4.129354760680814,-0.8080655295122321,9.06677505087386,0.08879558742046356,2.1778066158294678
2004-01-31,5,AKAM,3.6685275785564024,4.556827892820409,2.780227264292396,1.827714204788208,0.811394989490509
2004-01-31,6,ON,3.393552498543982,3.7120893579525553,3.075015639135409,1.5539097785949707,0.8754686713218689
2004-01-31,7,NFLX,3.205866951387023,3.86316184294061,2.5485720598334356,1.6028767824172974,0.7610436081886292
2004-01-31,8,SBAC,2.9127875934006924,5.754816350810405,0.07075883599098012,2.216017246246338,0.22247889637947083
2004-01-31,9,CLF,2.8494359486151737,1.8262086792596077,3.87266321797074,0.9426407814025879,1.0488412380218506
2004-01-31,10,NEU,2.6682634554934532,2.6660358366621697,2.6704910743247368,1.214853286743164,0.7875432968139648
2004-01-31,11,URBN,2.4165740741568165,2.4518852149589216,2.3812629333547117,1.1454408168792725,0.7246781587600708
2004-01-31,12,ALGN,2.3636016148221226,4.436571230436956,0.2906319992072895,1.7887355089187622,0.27026939392089844
2004-01-31,13,ILMN,2.237190357597605,1.195207745509895,3.2791729696853147,0.7381149530410767,0.9198432564735413
2004-01-31,14,AMD,2.2121591775683593,1.4963744120520017,2.927943943084717,0.8357318639755249,0.8435019254684448
2004-01-31,15,SANM,2.1615160536365723,2.1014183076582453,2.2216137996148997,1.0318442583084106,0.6899776458740234
2004-01-31,16,TYL,2.155318307197225,1.5001853820456628,2.810451232348787,0.8369671106338501,0.8179643154144287
2004-01-31,17,LRCX,1.984563855199805,2.2978734062699075,1.6712543041297026,1.095521092414856,0.5703543424606323
2004-01-31,18,ATI,1.8476801846326634,1.3805254479786266,2.3148349212867,0.7981818318367004,0.7102397084236145
2004-01-31,19,TRMB,1.7683430795872215,2.288414388969486,1.2482717702049568,1.0924551486968994,0.4784170389175415
2004-01-31,20,FCX,1.6806852773099354,1.7919958267045668,1.5693747279153039,0.9315513968467712,0.5482103228569031
2004-02-29,1,AXON,8.761795979786015,9.067294372167904,8.456297587404125,3.473630428314209,1.8837053775787354
2004-02-29,2,AKAM,4.8816148300995605,5.52463064281089,4.238599017388231,2.275916814804077,1.0393967628479004
2004-02-29,3,NFLX,4.030587729833896,3.8680145607220013,4.1931608989457905,1.7158434391021729,1.0303008556365967
2004-02-29,4,DECK,3.6516353526481318,3.4752776977938376,3.8279930075024264,1.5830658674240112,0.9572007060050964
2004-02-29,5,ON,3.616170688291513,3.818342199152232,3.4139991774307936,1.6990500688552856,0.8743264675140381
2004-02-29,6,EQIX,3.599398887269424,5.421391762798305,1.7774060117405426,2.241013526916504,0.5467094779014587
2004-02-29,7,ILMN,3.1268837301744252,1.9590088770536596,4.294758583295191,1.070441484451294,1.0506389141082764
2004-02-29,8,ALGN,2.8066921531179805,4.23118100732961,1.382203298906351,1.8386237621307373,0.4675968885421753
2004-02-29,9,URBN,2.731980548551654,2.8591197548419913,2.604841342261316,1.374753475189209,0.7123473882675171
2004-02-29,10,NEU,2.597431262463262,2.485456996952527,2.7094055279739973,1.2484245300292969,0.733279287815094
2004-02-29,11,SBAC,2.340248460863461,4.923611745978585,-0.2431148242516626,2.0727226734161377,0.14223696291446686
2004-02-29,12,AMD,2.236513963310364,1.8759230698479306,2.5971048567727975,1.0423516035079956,0.7107986807823181
2004-02-29,13,EHC,2.1680335153231844,-0.4010233165001885,4.737090347146557,0.27255523204803467,1.139185905456543
2004-02-29,14,NKTR,2.1303910509415624,1.9448416071331514,2.3159404947499738,1.065651774406433,0.6545145511627197
2004-02-29,15,CLF,2.092037755315579,1.0794488092102492,3.1046267014209086,0.7730773687362671,0.8123955726623535
2004-02-29,16,TYL,2.0685367776282697,1.5779394990811857,2.559134056175354,0.9416084885597229,0.7031975984573364
2004-02-29,17,SANM,2.031407190602392,2.5531932535427706,1.5096211276620133,1.2713249921798706,0.49310368299484253
2004-02-29,18,LPX,1.8998189193348272,1.9559969350028126,1.843640903666842,1.0694231986999512,0.5599685311317444
2004-02-29,19,FIX,1.8652136053103954,1.0775718989390413,2.6528553116817495,0.7724428176879883,0.7219589352607727
2004-02-29,20,FFIV,1.8325499824406364,1.6456279778503236,2.019471987030949,0.9644927978515625,0.595166802406311
2004-03-31,1,AXON,9.297686994219822,9.732971347025234,8.862402641414409,3.712103843688965,1.8874738216400146
2004-03-31,2,AKAM,5.621671943076816,5.482252306508459,5.761091579645172,2.2881016731262207,1.2878543138504028
2004-03-31,3,DECK,4.183478039042196,3.856626264104292,4.510329813980101,1.7435126304626465,1.0460271835327148
2004-03-31,4,EQIX,3.138166255739716,4.954128738740894,1.3222037727385378,2.1111788749694824,0.4296225309371948
2004-03-31,5,ON,3.02621357127071,4.0041720330888975,2.0482551094525228,1.7929408550262451,0.5700001120567322
2004-03-31,6,NFLX,2.8272960979167463,2.8059719570664168,2.848620238767076,1.3915406465530396,0.7247458100318909
2004-03-31,7,URBN,2.6368820192313542,3.2123720624429914,2.0613919760197166,1.5276857614517212,0.5725400447845459
2004-03-31,8,CLF,2.5517220675103194,1.7319841289862279,3.3714600060344107,1.0317518711090088,0.8258336782455444
2004-03-31,9,ALGN,2.496187124032275,2.9190042415470576,2.073370006517493,1.429406762123108,0.5748559236526489
2004-03-31,10,SBAC,2.48159481078673,4.394455882014451,0.5687337395590096,1.9236869812011719,0.28394371271133423
2004-03-31,11,ATI,2.473419366115473,3.0470058914532916,1.899832840777654,1.472287654876709,0.5413035750389099
2004-03-31,12,WYNN,2.294984892481933,1.4529350094637634,3.1370347755001027,0.9382696747779846,0.7805089950561523
2004-03-31,13,INCY,2.2944626520126326,1.453702924708217,3.1352223793170477,0.9385269284248352,0.7801585793495178
2004-03-31,14,MNST,2.2901041660426946,1.8820197510595462,2.6981885810258426,1.0820142030715942,0.6956607699394226
2004-03-31,15,NKTR,2.169734613306412,2.61534108985755,1.7241281367552734,1.3276787996292114,0.5073321461677551
2004-03-31,16,LPX,2.075856324171546,1.7736618570567286,2.3780507912863635,1.045714020729065,0.6337640881538391
2004-03-31,17,ILMN,2.063042908555737,1.744140177487516,2.381945639623958,1.035824179649353,0.6345171332359314
2004-03-31,18,CPRT,1.9851509168475625,1.4048568608444376,2.5654449728506874,0.9221633672714233,0.6699956059455872
2004-03-31,19,FIX,1.6133376675548823,1.2480437995932399,1.9786315355165247,0.8696305751800537,0.5565388202667236
2004-03-31,20,RCL,1.6045238470365282,2.2364282935902526,0.9726194004828037,1.2007420063018799,0.36203253269195557
2004-04-30,1,AXON,9.720896830856756,9.463705382867168,9.978088278846341,4.001183032989502,2.1909899711608887
2004-04-30,2,EHC,4.828629085217775,8.984014151485457,0.6732440189500942,3.82136869430542,0.33161792159080505
2004-04-30,3,AKAM,4.679824759512911,4.744241161936901,4.6154083570889215,2.2320713996887207,1.1193742752075195
2004-04-30,4,EQIX,3.9100144549692253,5.480556478643157,2.3394724312952935,2.508082389831543,0.6645776629447937
2004-04-30,5,DECK,3.7168076039104303,3.6478572155659648,3.7857579922548963,1.821087121963501,0.9535865783691406
2004-04-30,6,CLF,2.923883549236631,2.138064625225585,3.7097024732476767,1.2551348209381104,0.9383885264396667
2004-04-30,7,ON,2.86886224874135,3.5450000448689947,2.192724452613706,1.782530665397644,0.6352532505989075
2004-04-30,8,MNST,2.645800509173186,1.90605998654929,3.3855410317970827,1.1681668758392334,0.8736118674278259
2004-04-30,9,ATI,2.4173183526901383,2.6837560467292922,2.1508806586509843,1.4596896171569824,0.6268916726112366
2004-04-30,10,URBN,2.3694390162211874,2.6622760438305453,2.0766019886118294,1.4516377449035645,0.6120486855506897
2004-04-30,11,NFLX,2.2913911979163037,2.0175248683451046,2.5652575274875034,1.2099499702453613,0.7096959352493286
2004-04-30,12,TEX,2.091429100676146,1.712583497097041,2.470274704255251,1.0956413745880127,0.6907156705856323
2004-04-30,13,FIX,2.080267486512636,1.9479311091014129,2.212603863923859,1.1838624477386475,0.6392257213592529
2004-04-30,14,LPX,2.0528634301809143,1.94266955148031,2.1630573088815184,1.1818901300430298,0.6293249130249023
2004-04-30,15,CPRT,2.0245464394081853,1.5643468627372803,2.48474601607909,1.0400742292404175,0.6936074495315552
2004-04-30,16,NKTR,1.8360132671748937,2.0583770709444917,1.6136494634052956,1.2252635955810547,0.519537627696991
2004-04-30,17,INCY,1.7286914709791108,1.5166271269358556,1.9407558150223658,1.022186279296875,0.5849027633666992
2004-04-30,18,WYNN,1.635771765750278,0.9798703359165776,2.291673195583978,0.8209806680679321,0.6550260186195374
2004-04-30,19,FFIV,1.6269109672114093,1.4173647974204477,1.8364571370023706,0.9849773645401001,0.5640609264373779
2004-04-30,20,FMC,1.56828836863479,1.4697634874243073,1.6668132498452726,1.0046192407608032,0.5301612615585327
2004-05-31,1,AXON,7.287901898043257,8.699444345272239,5.8763594508142765,3.1728124618530273,1.1284183263778687
2004-05-31,2,EHC,5.6548857630241285,9.473137744175052,1.8366337818732053,3.4247279167175293,0.41833826899528503
2004-05-31,3,EQIX,3.920547269507546,5.696871635528287,2.1442229034868054,2.195171356201172,0.4724045395851135
2004-05-31,4,DECK,3.280358511825261,3.5469326881219208,3.013784335528601,1.495148777961731,0.6252511143684387
2004-05-31,5,MNST,3.1848470056239284,2.7489596347384397,3.620734376509417,1.2353278398513794,0.7319373488426208
2004-05-31,6,AKAM,2.7949117048933303,3.8312293703771627,1.758594039409498,1.5877161026000977,0.404620885848999
2004-05-31,7,FIX,2.5395668960475435,2.7689168692782378,2.310216922816849,1.2418259382247925,0.5015820264816284
2004-05-31,8,WYNN,2.461151828303036,1.5775472187013395,3.3447564379047328,0.8539146184921265,0.6834275126457214
2004-05-31,9,CLF,1.99200231182432,1.9274040205188276,2.0566006031298123,0.9678283929824829,0.45700278878211975
2004-05-31,10,ADSK,1.9668353334808566,1.3287274406524667,2.6049432263092465,0.7728986144065857,0.5533873438835144
2004-05-31,11,CME,1.9107623366813473,1.226641115210928,2.594883558151767,0.7396591901779175,0.5516191124916077
2004-05-31,12,NKTR,1.8703870844708967,1.8179918046989345,1.922782364242859,0.9322036504745483,0.43348097801208496
2004-05-31,13,URBN,1.8633541421205881,2.4212425124266597,1.3054657718145166,1.1286227703094482,0.32497256994247437
2004-05-31,14,ILMN,1.860202107459226,3.0338878750487384,0.686516339869714,1.3281008005142212,0.21617715060710907
2004-05-31,15,RRC,1.7604899769386462,1.2609301410928726,2.2600498127844197,0.7508237361907959,0.4927639365196228
2004-05-31,16,FMC,1.7409402572847115,1.6012196621476247,1.880660852421798,0.8616223931312561,0.42607709765434265
2004-05-31,17,DVA,1.66779384116202,1.7421912916294757,1.593396390694564,0.9075229167938232,0.37558338046073914
2004-05-31,18,INCY,1.6607979109254356,1.536690355167415,1.7849054666834565,0.8406115770339966,0.4092457592487335
2004-05-31,19,CPRT,1.6455382406727663,1.453646328857218,1.8374301524883148,0.813572347164154,0.41847825050354004
2004-05-31,20,SCI,1.6050392092202044,1.3574538130216536,1.852624605418755,0.7822519540786743,0.42114904522895813
2004-06-30,1,AXON,6.455632726067295,8.74407385109088,4.167191601043709,2.8568220138549805,0.7767429351806641
2004-06-30,2,MNST,5.629888569945572,5.214142892016328,6.0456342478748155,1.812853217124939,1.084294080734253
2004-06-30,3,EHC,4.405386861254572,8.494298680660494,0.31647504184864944,2.782951593399048,0.14627796411514282
2004-06-30,4,CPRT,3.130321209936563,2.4780944614997296,3.7825479583733967,1.0036733150482178,0.7137665152549744
2004-06-30,5,DECK,2.7871741789681264,3.7234929621657002,1.8508553957705527,1.3719969987869263,0.39749693870544434
2004-06-30,6,CME,2.4823447525600932,1.6288877020933619,3.3358018030268246,0.7525224089622498,0.6406222581863403
2004-06-30,7,URBN,2.3118211356053684,3.117191921155474,1.5064503500552628,1.1926848888397217,0.34110864996910095
2004-06-30,8,ADSK,2.084185620152981,2.0644490519089085,2.1039221883970542,0.8813386559486389,0.4389307200908661
2004-06-30,9,EQIX,2.015768664515854,3.5913342579688017,0.4402030710629058,1.3329113721847534,0.16653554141521454
2004-06-30,10,FIX,1.982460353018923,2.2066973960409797,1.7582233099968663,0.9234082698822021,0.38233059644699097
2004-06-30,11,NFLX,1.9711157528749488,2.714913907870578,1.2273175978793194,1.0737121105194092,0.29540717601776123
2004-06-30,12,AKAM,1.9384844716056306,3.8222691727129563,0.05469977049830506,1.401209831237793,0.10341837257146835
2004-06-30,13,TSN,1.833706691881503,1.7263936132076756,1.9410197705553303,0.7813595533370972,0.4122592508792877
2004-06-30,14,NKTR,1.8184940550947615,1.2878928191228185,2.3490952910667047,0.6516739726066589,0.47907209396362305
2004-06-30,15,WYNN,1.8146312717470554,1.5167367681971688,2.112525775296942,0.7193540334701538,0.4403393566608429
2004-06-30,16,CLF,1.7635370377415738,2.9157526216120133,0.611321453871134,1.13310968875885,0.19455218315124512
2004-06-30,17,MSI,1.7626024908742925,1.9778141468889798,1.5473908348596053,0.8557165861129761,0.3478116989135742
2004-06-30,18,QCOM,1.6923932345354644,1.4467717468829289,1.9380147221879997,0.6986620426177979,0.41176724433898926
2004-06-30,19,RRC,1.6591912183370436,1.3974469248112593,1.920935511862828,0.684074342250824,0.4089709222316742
2004-06-30,20,EBAY,1.611044653911085,0.9711509209945477,2.2509383868276225,0.5579982995986938,0.46300119161605835
2004-07-31,1,AXON,7.627975094852875,8.999013010489552,6.256937179216198,2.993344783782959,1.1470727920532227
2004-07-31,2,MNST,5.438927483076716,4.891108316936624,5.986746649216809,1.7618135213851929,1.101379632949829
2004-07-31,3,EHC,4.1151859896279515,7.172237907162189,1.0581340720937136,2.445685863494873,0.2678793668746948
2004-07-31,4,AKAM,2.9640512431597794,3.427897602636799,2.50020488368276,1.323149561882019,0.51175457239151
2004-07-31,5,DECK,2.844047598049405,4.063794907550717,1.624300288548093,1.5137887001037598,0.3636263310909271
2004-07-31,6,URBN,2.751790788772755,3.0898594167530558,2.413722160792454,1.2218072414398193,0.49712908267974854
2004-07-31,7,CME,2.532930431527319,1.4791556007441566,3.5867052623104816,0.7389255166053772,0.6954976320266724
2004-07-31,8,ADSK,2.5252245766855337,2.2856309281026372,2.76481822526843,0.9807031750679016,0.5565045475959778
2004-07-31,9,CPRT,2.3588765845831645,2.4333411387285513,2.284412030437778,1.0249860286712646,0.475260853767395
2004-07-31,10,EQIX,2.2327785995455387,3.8979881120166984,0.5675690870743793,1.464080572128296,0.18491767346858978
2004-07-31,11,RRC,1.9485042882942452,1.8398655642047865,2.057143012383704,0.847064733505249,0.43682634830474854
2004-07-31,12,ATI,1.9119321301705985,2.4532698286446006,1.3705944316965961,1.0309605598449707,0.32072097063064575
2004-07-31,13,BCO,1.9107765794891491,1.8809643616895821,1.9405887972887161,0.8593859672546387,0.41711533069610596
2004-07-31,14,BIIB,1.890801620430541,1.0888436715067547,2.692759569354327,0.6219117641448975,0.5443183779716492
2004-07-31,15,VLO,1.8296499196943423,1.409755105171353,2.2495447342173316,0.7181195616722107,0.4693642854690552
2004-07-31,16,NFLX,1.7851639729615085,2.470175694410807,1.1001522515122102,1.0360288619995117,0.27498525381088257
2004-07-31,17,TSN,1.7664845614278468,1.3181309670936008,2.214838155762093,0.6906510591506958,0.4634948968887329
2004-07-31,18,NKTR,1.6736104603666466,1.6088020313807205,1.7384188893525725,0.7777929306030273,0.38292545080184937
2004-07-31,19,WYNN,1.4973035565112411,1.619598229551251,1.3750088834712313,0.7810295820236206,0.3214675188064575
2004-07-31,20,BFH,1.480027711112763,0.9852952436887398,1.9747601785367865,0.5908684134483337,0.4228942096233368
2004-08-31,1,AXON,4.605881050717728,7.461542838021522,1.7502192634139337,2.2244372367858887,0.34073182940483093
2004-08-31,2,MNST,4.387269924284279,4.370524223424032,4.4040156251445275,1.3911844491958618,0.8232003450393677
2004-08-31,3,ATI,3.50956633726919,2.925203707933346,4.093928966605033,1.0015661716461182,0.7668256163597107
2004-08-31,4,CLF,2.8440784152003955,3.668884948210913,2.0192718821898774,1.2020419836044312,0.3896464407444
2004-08-31,5,DECK,2.7724365049787156,3.931982540526379,1.6128904694310526,1.2729657888412476,0.31576502323150635
2004-08-31,6,RRC,2.653213202408913,2.750935913246557,2.5554904915712684,0.9545884132385254,0.4871326684951782
2004-08-31,7,URBN,2.6352022162683713,3.27897248739194,1.9914319451448022,1.0969324111938477,0.38458505272865295
2004-08-31,8,ADSK,2.627221319386356,2.906328138760718,2.348114500011994,0.9964778423309326,0.44943106174468994
2004-08-31,9,AKAM,2.12597685653082,3.5933269522411457,0.6586267608204945,1.1816736459732056,0.14227688312530518
2004-08-31,10,CNX,2.0393275173650385,1.725832734350676,2.352822300379401,0.6782490611076355,0.45028695464134216
2004-08-31,11,STLD,2.0174419943880926,2.0906664340148016,1.944217554761384,0.7765980958938599,0.3760013282299042
2004-08-31,12,EHC,1.9827362613368842,3.6990171384427026,0.26645538423106574,1.2101647853851318,0.07097889482975006
2004-08-31,13,CPRT,1.9095634446695837,2.414008949267757,1.4051179400714104,0.8637622594833374,0.27799132466316223
2004-08-31,14,VLO,1.8688691283719518,1.9244794825778497,1.8132587741660542,0.7317987084388733,0.35219261050224304
2004-08-31,15,BCO,1.6666293700505355,1.738117066560554,1.595141673540517,0.6815605759620667,0.3125382363796234
2004-08-31,16,NUE,1.6544021869190404,1.221941402324356,2.086862971513725,0.5424139499664307,0.4019347131252289
2004-08-31,17,CTRA,1.609517007357038,1.317715325684403,1.9013186890296727,0.5682319402694702,0.36820217967033386
2004-08-31,18,CME,1.557119343288207,1.2230885119306205,1.891150174645793,0.5427231788635254,0.36635351181030273
2004-08-31,19,PENN,1.5395188842671588,1.1219759298498222,1.9570618386844953,0.515466034412384,0.37833645939826965
2004-08-31,20,BIIB,1.527059435521415,1.3430742309932857,1.7110446400495445,0.5750679969787598,0.33360975980758667
2004-09-30,1,MNST,4.077035130701624,4.407896745877651,3.746173515525597,1.3820908069610596,0.6864300966262817
2004-09-30,2,AXON,3.194949302297571,6.291517495597501,0.09838110899764116,1.9007915258407593,0.013317677192389965
2004-09-30,3,ADSK,2.5476754330853186,2.705545365159066,2.3898055010115713,0.9133070111274719,0.43614497780799866
2004-09-30,4,ATI,2.510040086155068,2.814812785906524,2.205267386403612,0.9433964490890503,0.40209290385246277
2004-09-30,5,URBN,2.2300450337789646,2.658047888763855,1.8020421787940746,0.900227427482605,0.3276873826980591
2004-09-30,6,DECK,2.1049384989519373,3.5871979120370865,0.6226790858667882,1.1560914516448975,0.11006426811218262
2004-09-30,7,RRC,1.9925063098226783,2.3222677284041233,1.662744891241233,0.8077622056007385,0.30198341608047485
2004-09-30,8,MOS,1.9351545363993503,1.9797075018273402,1.8906015709713604,0.7134299278259277,0.34402889013290405
2004-09-30,9,TPL,1.896442202440939,1.431461096465078,2.3614233084168,0.5624569654464722,0.4309077262878418
2004-09-30,10,CME,1.8600483847439429,1.7385322521394286,1.981564517348457,0.6470164656639099,0.3608139157295227
2004-09-30,11,PENN,1.7956026225401023,1.4424708036586142,2.1487344414215905,0.5654887557029724,0.3916611075401306
2004-09-30,12,CLF,1.754065401473132,2.82685062854033,0.6812801744059342,0.9467113614082336,0.1208776906132698
2004-09-30,13,STLD,1.6188912229933128,1.805232701164074,1.4325497448225513,0.66538405418396,0.2595064342021942
2004-09-30,14,DINO,1.5981463340950193,1.302556721707609,1.8937359464824295,0.526960015296936,0.34460726380348206
2004-09-30,15,AKAM,1.5282897853602493,3.6502851684502766,-0.5937055977297783,1.173464059829712,-0.1143902912735939
2004-09-30,16,AAPL,1.465915862693072,0.9224089456824123,2.0094227797037316,0.4222770929336548,0.3659544885158539
2004-09-30,17,FMC,1.4025076981636344,1.6373838546266022,1.1676315417006666,0.6191627979278564,0.2106221467256546
2004-09-30,18,WYNN,1.397783111041346,2.4423948567956217,0.3531713652870701,0.8408421277999878,0.060333095490932465
2004-09-30,19,ISRG,1.382893460819802,1.0972216241187858,1.6685652975208183,0.47041600942611694,0.3030574321746826
2004-09-30,20,CPRT,1.3796398641077847,2.1875367477694736,0.5717429804460958,0.7706607580184937,0.10066523402929306
2004-10-31,1,MNST,3.5369268526562134,4.178714064443165,2.895139640869262,1.4183106422424316,0.5446987152099609
2004-10-31,2,AXON,3.1781566401569252,6.725240661022693,-0.3689273807088423,2.1486246585845947,-0.0423654168844223
2004-10-31,3,ADSK,2.5986130782383756,2.9122864592860056,2.2849396971907456,1.0551140308380127,0.43495020270347595
2004-10-31,4,SBAC,2.5824791427171916,2.0175274818280133,3.14743080360637,0.7985076308250427,0.5900749564170837
2004-10-31,5,ATI,2.5341393860002035,2.8770043897757924,2.1912743822246146,1.0449955463409424,0.4181038737297058
2004-10-31,6,CME,2.483907716626584,2.2370608899143387,2.7307545433388296,0.8614672422409058,0.5151329636573792
2004-10-31,7,WYNN,2.4556850117247953,2.8768185852862653,2.0345514381633247,1.0449422597885132,0.38991621136665344
2004-10-31,8,DECK,2.434630222737503,3.5003909222393808,1.3688695232356254,1.2237755060195923,0.2701888978481293
2004-10-31,9,STLD,2.4282608853272043,2.4979287305304747,2.358593040123934,0.9362810850143433,0.44819724559783936
2004-10-31,10,URBN,2.239793966982009,2.61830031933915,1.8612876146248676,0.9708022475242615,0.3587535619735718
2004-10-31,11,RRC,2.212510477370084,2.515378972756067,1.9096419819841008,0.9412856101989746,0.36745041608810425
2004-10-31,12,DINO,2.163752892504304,1.8041969093009032,2.5233088757077047,0.7373269200325012,0.477822482585907
2004-10-31,13,CLF,2.1442953969601803,3.244017305651808,1.044573488268553,1.1502505540847778,0.21186210215091705
2004-10-31,14,TPL,2.0445782671329615,1.6496663913191567,2.4394901429467666,0.6930093765258789,0.46274712681770325
2004-10-31,15,NL,1.9789908996177106,2.2387329224850836,1.7192488767503378,0.8619467616081238,0.3332069516181946
2004-10-31,16,NUE,1.8906615165807046,1.6796617619478236,2.101661271213586,0.7016116976737976,0.40198636054992676
2004-10-31,17,MOS,1.8338081013263139,2.7132613776074903,0.9543548250451372,0.9980359673500061,0.19563567638397217
2004-10-31,18,AKAM,1.8043850066156923,3.3698422770116045,0.23892773621978033,1.1863356828689575,0.0669613629579544
2004-10-31,19,TRMB,1.692387976703376,1.7471148188611672,1.6376611345455847,0.7209564447402954,0.3185328543186188
2004-10-31,20,VLO,1.6780759274906298,1.8467421885376327,1.5094096664436267,0.7495284080505371,0.29546597599983215
2004-11-30,1,MNST,3.753739084478581,4.38488793213947,3.1225902368176923,1.3750371932983398,0.6430999636650085
2004-11-30,2,AAPL,2.9427184370918713,2.4011254461885736,3.4843114279951686,0.8282065987586975,0.7093076109886169
2004-11-30,3,SBAC,2.848205670948664,2.012246334325381,3.6841650075719463,0.7210108041763306,0.745887815952301
2004-11-30,4,URBN,2.70322526467742,2.6592579692356746,2.7471925601191662,0.8993616700172424,0.5743890404701233
2004-11-30,5,AXON,2.615650669290413,4.340982327101445,0.8903190114793805,1.3629344701766968,0.23451614379882812
2004-11-30,6,ADSK,2.575081944448536,3.054963045835831,2.095200843061242,1.008439064025879,0.4550517201423645
2004-11-30,7,WYNN,2.4511578778935434,3.2395659515256776,1.6627498042614093,1.0593254566192627,0.3758980333805084
2004-11-30,8,NL,2.4057100618300127,2.5517289151910822,2.259691208468943,0.8697209358215332,0.4851592183113098
2004-11-30,9,ISRG,2.377188378471452,1.9336119470900779,2.8207648098528253,0.699334979057312,0.587855339050293
2004-11-30,10,CME,2.358486617589891,2.8782473642256052,1.8387258709541765,0.9597268104553223,0.40810781717300415
2004-11-30,11,ATI,2.346540719845692,2.326238982381609,2.366842457309775,0.8075639009475708,0.5047716498374939
2004-11-30,12,CLF,2.290416352112413,2.6176463536773267,1.9631863505474991,0.8878912925720215,0.43088844418525696
2004-11-30,13,DECK,2.21421532901076,2.9236350131785804,1.5047956448429394,0.9722380638122559,0.34698688983917236
2004-11-30,14,VRSN,1.8283417936566972,1.2946447358401119,2.3620388514732826,0.523201584815979,0.5038924217224121
2004-11-30,15,DINO,1.8182769841704556,1.913265737259726,1.7232882310811852,0.6937264800071716,0.3869786858558655
2004-11-30,16,TPL,1.6511081414375317,1.4573778715267527,1.844838411348311,0.568059504032135,0.4092266261577606
2004-11-30,17,VLO,1.6166211676386197,1.9686631289776373,1.264579206299602,0.7089969515800476,0.30301886796951294
2004-11-30,18,FFIV,1.579838314431291,1.0956677988884813,2.064008829974101,0.46835294365882874,0.4493424892425537
2004-11-30,19,EQIX,1.5214206929688698,2.037504003957918,1.0053373819798217,0.7279731631278992,0.2555685341358185
2004-11-30,20,CTSH,1.4715244850514708,0.8629949047701772,2.0800540653327646,0.40421590209007263,0.45227932929992676
2004-12-31,1,AAPL,3.621118244250278,3.4007396560526835,3.841496832447872,1.1652112007141113,0.8710935711860657
2004-12-31,2,AXON,3.558241334862535,4.353194597821338,2.7632880719037307,1.4344470500946045,0.6577041149139404
2004-12-31,3,SBAC,3.471322822982798,2.899025686344001,4.043619959621595,1.0233888626098633,0.9110959768295288
2004-12-31,4,ISRG,2.832848630477858,2.3057437679924635,3.359953492963253,0.8556824922561646,0.775790810585022
2004-12-31,5,CLF,2.8313212227008964,2.5430701568092435,3.119572288592549,0.9227688908576965,0.7282167077064514
2004-12-31,6,NL,2.7293373588210272,2.7372084535502035,2.721466264091851,0.977647066116333,0.6494271159172058
2004-12-31,7,ADSK,2.7231068040261053,2.962442724818541,2.4837708832336696,1.0413153171539307,0.6023845672607422
2004-12-31,8,ATI,2.6741906283048293,2.813767053642424,2.5346142029672345,0.9992883205413818,0.6124470233917236
2004-12-31,9,RRC,2.4823696953385106,2.7018261420649257,2.262913248612096,0.9676453471183777,0.5586743950843811
2004-12-31,10,DECK,2.4434782547123732,2.6459192601935713,2.241037249231175,0.9518418312072754,0.554344892501831
2004-12-31,11,MNST,2.3467438540782966,3.9953267901543885,0.6981609180022043,1.3332865238189697,0.24899257719516754
2004-12-31,12,CME,2.2929021727837164,3.02779418159551,1.5580101639719228,1.0597885847091675,0.4191662669181824
2004-12-31,13,PENN,2.2096676126727264,2.122376347783702,2.2969588775617513,0.8038489818572998,0.5654124021530151
2004-12-31,14,VRSN,2.1154959797480553,1.7827484557931246,2.4482435037029857,0.7078444361686707,0.5953533053398132
2004-12-31,15,DINO,1.9563653457066663,1.9939169714804557,1.9188137199328767,0.7675366401672363,0.49057328701019287
2004-12-31,16,WYNN,1.8871906751653116,2.2768940718797124,1.4974872784509108,0.8475273847579956,0.4071881175041199
2004-12-31,17,URBN,1.83952836462927,2.031160322418234,1.647896406840306,0.7780644297599792,0.4369557499885559
2004-12-31,18,STLD,1.7868430329390899,1.7895762734354794,1.7841097924427003,0.7097744941711426,0.4639138877391815
2004-12-31,19,MOS,1.7437932315798323,2.36192582055105,1.1256606426086144,0.8715637922286987,0.3335995078086853
2004-12-31,20,NUE,1.7162553657074966,1.5673631865400666,1.8651475448749264,0.6469602584838867,0.4799521565437317
2005-01-31,1,AAPL,3.2527748166978143,3.4012728114678867,3.104276821927742,1.1031255722045898,0.6826435923576355
2005-01-31,2,AXON,3.23120481794184,5.0105114876924315,1.4518981481912483,1.5284234285354614,0.381350576877594
2005-01-31,3,MNST,3.0590441883592323,4.767630659934635,1.3504577167838288,1.464233636856079,0.3628540337085724
2005-01-31,4,TPL,3.046240863266946,2.645680882502535,3.4468008440313573,0.9034338593482971,0.7450990676879883
2005-01-31,5,SBAC,3.0184472759309875,2.6457135845823667,3.3911809672796087,0.9034425020217896,0.7349573969841003
2005-01-31,6,ADSK,3.0050679546539154,3.5035721341923027,2.506563775115528,1.1301617622375488,0.573657214641571
2005-01-31,7,ISRG,2.946390210580551,2.4468497562780978,3.445930664883004,0.8508857488632202,0.7449404001235962
2005-01-31,8,PENN,2.7631400980467733,2.8702018605164503,2.656078335577096,0.9627714157104492,0.6009195446968079
2005-01-31,9,CME,2.7554315056948937,3.6109468197066055,1.8999161916831824,1.1585392951965332,0.4630417227745056
2005-01-31,10,WYNN,2.448311722149526,2.5227165517034775,2.373906892595574,0.8709362149238586,0.5494686961174011
2005-01-31,11,CLF,2.326896383396809,1.9309482852684743,2.7228444815251436,0.7145406603813171,0.6130936145782471
2005-01-31,12,FFIV,2.2205005064306644,1.736768296922451,2.7042327159388777,0.6632217764854431,0.6096999645233154
2005-01-31,13,DECK,2.1407349920660215,2.3659680405276236,1.9155019436044198,0.8295099139213562,0.46588361263275146
2005-01-31,14,VRSN,2.098744734570501,1.9643224492236568,2.2331670199173446,0.7233609557151794,0.5238063335418701
2005-01-31,15,URBN,1.981368334584589,2.5347570064343556,1.4279796627348222,0.8741183280944824,0.37698930501937866
2005-01-31,16,NL,1.9307983100853665,1.9959124328095361,1.865684187361197,0.7317097187042236,0.4567998945713043
2005-01-31,17,CTSH,1.8622555691479805,1.565124326680615,2.159386811615346,0.6178588271141052,0.5103533267974854
2005-01-31,18,GT,1.783757203212554,1.5858491006252937,1.9816653057998144,0.6233360767364502,0.47794777154922485
2005-01-31,19,DINO,1.7698765078331078,1.955119858427419,1.5846331572387966,0.7209288477897644,0.40555334091186523
2005-01-31,20,MGM,1.7429209381276598,1.7231452870593016,1.762696589196018,0.6596214175224304,0.4380212426185608
2005-02-28,1,AAPL,4.089688818960408,3.847515619836909,4.331862018083907,1.2263274192810059,0.8662010431289673
2005-02-28,2,MNST,4.088627947685034,4.873268981637419,3.30398691373265,1.5139055252075195,0.6907052397727966
2005-02-28,3,CLF,3.333637689320903,3.3406351642030345,3.326640214438771,1.0842194557189941,0.6945729851722717
2005-02-28,4,PENN,2.867395083758396,2.962622739931403,2.7721674275853885,0.9782406687736511,0.5999042391777039
2005-02-28,5,WYNN,2.561772666228265,2.3181548093510402,2.80539052310549,0.7975589632987976,0.6055766344070435
2005-02-28,6,CME,2.5591139948734525,2.702693475538786,2.415534514208119,0.9053674340248108,0.5390139818191528
2005-02-28,7,ISRG,2.43607963071649,2.356474396581138,2.5156848648518424,0.8083021640777588,0.5561133027076721
2005-02-28,8,HOLX,2.3439743590042292,2.0122911938520693,2.675657524156389,0.7118076682090759,0.5834264755249023
2005-02-28,9,TPL,2.3107164437003975,2.399334310955925,2.22209857644487,0.8203182816505432,0.5059874057769775
2005-02-28,10,CNC,2.2861789602754703,2.1356894023645943,2.436668518186346,0.7464033365249634,0.5426223278045654
2005-02-28,11,SBAC,2.089689762655283,1.80679865756386,2.372580867746706,0.6541962027549744,0.5316802263259888
2005-02-28,12,DINO,2.0479620629478053,2.2867843293063386,1.8091397965892724,0.7887639999389648,0.4354802668094635
2005-02-28,13,NVR,1.9854016726762582,1.6114119421454611,2.3593914032070553,0.5994179844856262,0.5294283032417297
2005-02-28,14,ADSK,1.9592705675253344,2.4327882900649622,1.4857528449857067,0.8296973705291748,0.38026630878448486
2005-02-28,15,HUM,1.9195467815348655,0.8449360071731545,2.9941575558965763,0.38453036546707153,0.6378060579299927
2005-02-28,16,OI,1.9056800642299225,2.0027015705055455,1.8086585579542995,0.7091191411018372,0.4353981018066406
2005-02-28,17,NL,1.8683383771076714,1.419775737644812,2.316901016570531,0.5456912517547607,0.5221736431121826
2005-02-28,18,MGM,1.8158402136517577,1.5241250244567832,2.107555402846732,0.574946403503418,0.48643070459365845
2005-02-28,19,KBH,1.807522013321044,1.2208781137010616,2.3941659129410264,0.4899287223815918,0.5353655815124512
2005-02-28,20,FFIV,1.7492077674085398,0.6989060026762268,2.7995095321408527,0.3435896933078766,0.6045725345611572
2005-03-31,1,AAPL,4.248409196074675,4.217771157311563,4.279047234837787,1.3219788074493408,0.9560243487358093
2005-03-31,2,CLF,3.480390967206049,3.0741656628794973,3.8866162715326005,1.0032761096954346,0.8823983669281006
2005-03-31,3,MNST,3.2934662751790906,4.136604473928496,2.450328076429685,1.2993590831756592,0.6129289865493774
2005-03-31,4,VLO,2.952328383967159,2.605017288014962,3.299639479919356,0.8725327253341675,0.7722726464271545
2005-03-31,5,ISRG,2.8374618390368007,2.9474938264603474,2.727429851613254,0.9679749011993408,0.6649174690246582
2005-03-31,6,DINO,2.6971642218026326,2.923701792131837,2.4706266514734283,0.9613444805145264,0.6167373061180115
2005-03-31,7,FFIV,2.4000299417979543,1.3129652409562942,3.487094642639614,0.5124605894088745,0.8074420690536499
2005-03-31,8,HOLX,2.264787833627968,1.6718639295258406,2.8577117377300953,0.6124793291091919,0.6893603205680847
2005-03-31,9,TPL,2.231733226509463,2.7342449929187014,1.729221460100225,0.9085462093353271,0.47763848304748535
2005-03-31,10,RRC,2.198379633580984,2.430920082053064,1.9658391851089045,0.8240149021148682,0.5220315456390381
2005-03-31,11,WYNN,2.1901929804171556,1.9061004001098099,2.474285560724501,0.6777569055557251,0.6174237728118896
2005-03-31,12,CNC,2.141660596976479,2.311297095646182,1.972024098306776,0.790678083896637,0.5231919288635254
2005-03-31,13,ANF,2.063004211677824,1.4448837727558175,2.68112465059983,0.5492239594459534,0.6562299132347107
2005-03-31,14,NVDA,2.0539119162294663,0.42359540676964075,3.684228425689292,0.26460888981819153,0.8444273471832275
2005-03-31,15,CTSH,2.0057770099275123,1.9468734535457644,2.0646805663092604,0.6891196370124817,0.5405756831169128
2005-03-31,16,PENN,1.9962404351437075,2.4605771394430307,1.5319037308443846,0.8322798013687134,0.44061869382858276
2005-03-31,17,CME,1.94957535763846,2.3568719736300454,1.5422787416468748,0.8033789992332458,0.4425652027130127
2005-03-31,18,KBH,1.9370666632576792,1.4812622295597342,2.392871096955624,0.55936199426651,0.6021491885185242
2005-03-31,19,SBAC,1.9031707598984648,1.8797696077133434,1.9265719120835865,0.6704189777374268,0.5146644115447998
2005-03-31,20,ROK,1.8960097495303967,2.0902495480833165,1.7017699509774766,0.7290760278701782,0.4724881649017334
2005-04-30,1,MNST,4.713581700039741,4.841286887836435,4.585876512243049,1.4551681280136108,0.9104694724082947
2005-04-30,2,AAPL,3.7035937784257458,3.641983150333784,3.7652044065177077,1.125611424446106,0.7657978534698486
2005-04-30,3,ISRG,3.001921924280522,3.1324826751090136,2.871361173452031,0.985605776309967,0.6082273125648499
2005-04-30,4,VLO,2.8417167422491416,2.825668992054981,2.857764492443302,0.9012964367866516,0.6058304309844971
2005-04-30,5,CLF,2.62889994672335,2.4739831820695706,2.7838167113771295,0.8046566843986511,0.5927945971488953
2005-04-30,6,TPL,2.5063712891259398,2.93440673420806,2.0783358440438198,0.931176483631134,0.4684293866157532
2005-04-30,7,ANF,2.171266687872129,1.5048712649360734,2.837662110808185,0.5383543968200684,0.602286696434021
2005-04-30,8,DINO,2.1433066697271066,2.684049245078059,1.6025640943761545,0.8623807430267334,0.3845582902431488
2005-04-30,9,AES,2.0731259966720854,1.9201602293050408,2.2260917640391296,0.652471661567688,0.49447643756866455
2005-04-30,10,WMB,1.9948920214930503,2.03255225058227,1.9572317924038307,0.6833558678627014,0.4470806419849396
2005-04-30,11,EOG,1.9792245713974905,2.302070248535959,1.656378894259022,0.7574167251586914,0.39404499530792236
2005-04-30,12,CTSH,1.9593106027711436,2.1437955176456036,1.7748256878966835,0.7139244079589844,0.41492530703544617
2005-04-30,13,PENN,1.8453947546443938,2.1445366983761325,1.546252810912655,0.7141280770301819,0.37463149428367615
2005-04-30,14,OI,1.827650347834926,1.6708922780180149,1.984408417651837,0.5839753150939941,0.45187145471572876
2005-04-30,15,SBAC,1.799055582044746,2.663831734878934,0.9342794292105577,0.8568251729011536,0.26675018668174744
2005-04-30,16,HUM,1.7572169523877612,1.4321383777611905,2.082295527014332,0.518368124961853,0.4691274166107178
2005-04-30,17,HOLX,1.737065643247869,1.1972530634947036,2.2768782230010345,0.453823983669281,0.5034292936325073
2005-04-30,18,URBN,1.6843638748799272,2.061363075677902,1.3073646740819527,0.6912727952003479,0.3325192630290985
2005-04-30,19,CNC,1.6803976974245183,1.9960957894346383,1.3646996054143983,0.673337996006012,0.34262651205062866
2005-04-30,20,FFIV,1.645923653996947,1.0040110655759575,2.287836242417937,0.40072301030158997,0.505361020565033
2005-05-31,1,MNST,4.452159174383168,4.904704016183987,3.9996143325823494,1.403376579284668,0.7602766752243042
2005-05-31,2,TPL,3.449009245412909,3.5607991492216655,3.3372193416041522,1.0516078472137451,0.6423811912536621
2005-05-31,3,NDAQ,3.178991741636985,2.188780376303427,4.169203106970543,0.6924802660942078,0.7904607057571411
2005-05-31,4,HUM,2.743203284358387,2.4266629462709037,3.0597436224458705,0.7547463178634644,0.5929950475692749
2005-05-31,5,CLF,2.669702883538287,2.9792083039952657,2.3601974630813087,0.8993757367134094,0.4684872627258301
2005-05-31,6,ISRG,2.5817586869338567,3.26497498520691,1.8985423886608037,0.9741755127906799,0.38632020354270935
2005-05-31,7,AAPL,2.4980479004019385,3.473404913479128,1.5226908873247496,1.0287322998046875,0.3194247782230377
2005-05-31,8,VLO,2.432346152083523,2.4962790264356447,2.3684132777314013,0.7729684114456177,0.46994954347610474
2005-05-31,9,HOLX,2.328772156784148,1.7154271923050455,2.9421171212632506,0.5685794949531555,0.5720594525337219
2005-05-31,10,PENN,2.2556368177063826,2.4419373768182426,2.069336258594522,0.7587444186210632,0.4167187213897705
2005-05-31,11,ATI,1.9804403555636299,2.5892648008887678,1.371615910238492,0.797307550907135,0.2925359010696411
2005-05-31,12,DINO,1.972858918271326,2.3152550385786714,1.630462797963981,0.7255851626396179,0.33860641717910767
2005-05-31,13,AES,1.9078336942203578,1.9031166222144535,1.9125507662262617,0.6177074313163757,0.38881346583366394
2005-05-31,14,EOG,1.906731799284196,2.0708570906601764,1.7426065079082154,0.6616137027740479,0.35856616497039795
2005-05-31,15,RRC,1.8109864993828024,1.8241298473040686,1.797843151461536,0.5970325469970703,0.36839738488197327
2005-05-31,16,WDC,1.6804759438593309,1.2678375551992005,2.093114332519461,0.4514223635196686,0.42095082998275757
2005-05-31,17,ELV,1.6359222650419525,0.9421341256743102,2.3297104044095946,0.3661690950393677,0.46306106448173523
2005-05-31,18,ANF,1.6035767571407442,1.6536287914509575,1.5535247228305311,0.5524036884307861,0.3249126970767975
2005-05-31,19,KBH,1.5581735727222181,1.519410684913712,1.5969364605307244,0.5172719359397888,0.33263927698135376
2005-05-31,20,CCK,1.5331247782829012,1.75292932705184,1.313320229513962,0.5783957242965698,0.282160222530365
2005-06-30,1,MNST,3.896821588804007,3.391694725160331,4.401948452447683,1.039867639541626,0.7908751964569092
2005-06-30,2,NDAQ,3.8667553530527243,2.715418357032683,5.018092349072766,0.8615795373916626,0.8966708779335022
2005-06-30,3,TPL,3.4632131376308384,3.48629272054394,3.440133554717737,1.0648066997528076,0.6257256865501404
2005-06-30,4,ISRG,2.633642530663587,3.6053383135758263,1.661946747751347,1.0961909294128418,0.3204001188278198
2005-06-30,5,KBH,2.278799780660514,2.2213587978222487,2.336240763498779,0.731329619884491,0.4361805319786072
2005-06-30,6,HUM,2.1675706716313545,2.31549443851723,2.019646904745479,0.7561467885971069,0.3818194270133972
2005-06-30,7,VLO,2.143762030964921,2.2444882889498894,2.0430357729799526,0.737427294254303,0.3858354389667511
2005-06-30,8,SBAC,2.107986439271472,3.501484180807165,0.7144886977357788,1.0688116550445557,0.15771576762199402
2005-06-30,9,AAPL,2.0939279260746675,3.3985063740889303,0.7893494780604042,1.041663408279419,0.17056982219219208
2005-06-30,10,DINO,2.0446703089239384,2.485570197664602,1.603770420183275,0.8009842038154602,0.31041088700294495
2005-06-30,11,CLF,1.9357637196851234,2.9455425726720668,0.9259848666981799,0.9222476482391357,0.19403095543384552
2005-06-30,12,HOLX,1.8540289548805686,1.6565279968789408,2.0515299128821964,0.582422137260437,0.3872939348220825
2005-06-30,13,WDC,1.8128401380022692,1.3289276561805272,2.2967526198240114,0.4960561990737915,0.42940017580986023
2005-06-30,14,GME,1.7490390225440509,1.8151721776564302,1.6829058674316713,0.624245822429657,0.32399892807006836
2005-06-30,15,STX,1.7282386841613482,1.5853204008433526,1.871156967479344,0.5636495351791382,0.3563227951526642
2005-06-30,16,PENN,1.702214206626189,2.387337348330346,1.017091064922032,0.7750868797302246,0.20967444777488708
2005-06-30,17,ADSK,1.685924429722211,2.4594147137973046,0.9124341456471173,0.7940887808799744,0.19170421361923218
2005-06-30,18,CTSH,1.6774253555277725,2.2182229251908203,1.1366277858647245,0.7305029034614563,0.2301996350288391
2005-06-30,19,EOG,1.6467057016355158,1.830131443168936,1.4632799601020954,0.6281895637512207,0.2862878143787384
2005-06-30,20,URBN,1.5427735220969951,1.9664908062254904,1.1190562379684998,0.6641382575035095,0.22718249261379242
2005-07-31,1,MNST,4.2289726127320435,3.9086946958239928,4.549250529640095,1.2073622941970825,0.8445082306861877
2005-07-31,2,NDAQ,3.397783366345184,3.5061660165853867,3.2894007161049816,1.0964936017990112,0.6146555542945862
2005-07-31,3,DINO,2.828026176920243,2.885510259513804,2.770542094326682,0.9255460500717163,0.5199926495552063
2005-07-31,4,SBAC,2.7646519458548084,3.554425276776372,1.9748786149332445,1.1097856760025024,0.3748282194137573
2005-07-31,5,VLO,2.6508363706312403,2.321447965734834,2.9802247755276468,0.7701860666275024,0.5582481026649475
2005-07-31,6,TPL,2.3259027419370857,3.2269273644202316,1.4248781194539395,1.019582748413086,0.27448365092277527
2005-07-31,7,KBH,2.251181190976451,2.4713365916196706,2.0310257903332314,0.8114699721336365,0.3850719630718231
2005-07-31,8,EOG,2.1758803722433973,1.8733934423671619,2.478367302119633,0.6467781662940979,0.4666869640350342
2005-07-31,9,GME,2.1541663618182403,2.3028749759862586,2.0054577476502216,0.7650704979896545,0.3804072141647339
2005-07-31,10,HUM,2.073975686439214,2.6295421081775894,1.5184092647008387,0.8550446033477783,0.29154789447784424
2005-07-31,11,CBRE,1.966269566018874,2.543385509090594,1.3891536229471542,0.8313144445419312,0.2679659128189087
2005-07-31,12,ANF,1.8386020109831787,1.6457432304022215,2.0314607915641356,0.5840763449668884,0.38515132665634155
2005-07-31,13,VRTX,1.8015428189600518,1.1266698790620613,2.4764157588580424,0.44110769033432007,0.4663309156894684
2005-07-31,14,ISRG,1.7725083201454699,2.785570586845958,0.7594460534449816,0.8980196118354797,0.15307922661304474
2005-07-31,15,CME,1.7501793326356299,2.152109042784897,1.348249622486363,0.7235449552536011,0.26050320267677307
2005-07-31,16,HOLX,1.7090291360363157,1.4722997470495902,1.945758525023041,0.5363047122955322,0.36951541900634766
2005-07-31,17,HP,1.6934652167307376,1.685328314676025,1.7016021187854504,0.5949792861938477,0.32497042417526245
2005-07-31,18,PENN,1.6655554217879611,2.3857960985835254,0.9453147449923968,0.7879095077514648,0.1869899481534958
2005-07-31,19,CMS,1.6328206681843382,1.3422191362846674,1.923422200084009,0.5004765391349792,0.3654402792453766
2005-07-31,20,RRC,1.5927899613537597,1.7559976479972579,1.4295822747102616,0.6144437789916992,0.2753418982028961
2005-08-31,1,NDAQ,4.58023694216783,4.0551348171230375,5.105339067212623,1.2796101570129395,0.9730595946311951
2005-08-31,2,MNST,4.553230912072303,4.925332233016177,4.181129591128429,1.5057021379470825,0.8149968981742859
2005-08-31,3,SBAC,3.5040163412753405,3.723247072501327,3.2847856100493535,1.1933801174163818,0.6616998910903931
2005-08-31,4,ISRG,3.0265352277803306,3.400879851417185,2.6521906041434757,1.109623670578003,0.5535104870796204
2005-08-31,5,GME,2.5341721809855713,2.2177802207076867,2.8505641412634564,0.802234411239624,0.5874372720718384
2005-08-31,6,KBH,2.3249807416898762,2.79575285185704,1.8542086315227126,0.9524014592170715,0.4170358180999756
2005-08-31,7,DINO,2.2485762242932736,2.5032566748398803,1.993895773746667,0.8764060139656067,0.4409257769584656
2005-08-31,8,VLO,2.1784694257009214,2.208906863360467,2.148031988041376,0.7999289631843567,0.4672868847846985
2005-08-31,9,TPL,2.133300098626915,2.575387372903383,1.6912128243504465,0.8951467871665955,0.38915950059890747
2005-08-31,10,LKQ,2.1156427854245137,1.2469754179144559,2.9843101529345715,0.550002932548523,0.6103111505508423
2005-08-31,11,HP,2.0696753775318784,2.301338299938741,1.838012455125016,0.8239442110061646,0.41426587104797363
2005-08-31,12,CRM,1.998670973250357,1.4140335355945155,2.583308410906198,0.5934074521064758,0.5417299270629883
2005-08-31,13,EOG,1.9984291003702808,1.6591991754278193,2.337659025312742,0.6571056246757507,0.4997178018093109
2005-08-31,14,CME,1.9741050389862587,2.525656975557443,1.4225531024150744,0.8822259902954102,0.3432120382785797
2005-08-31,15,CNX,1.8929987042037744,1.5979932207711258,2.1880041876364227,0.6412032842636108,0.47412312030792236
2005-08-31,16,AAP,1.8389399229093901,1.5139625565162793,2.163917289302501,0.619370698928833,0.4700036644935608
2005-08-31,17,CBRE,1.7846333802666563,2.5487829007557123,1.0204838597776003,0.8882344961166382,0.2744482457637787
2005-08-31,18,GLW,1.7269583975007006,0.7951138209406958,2.6588029740607055,0.432601660490036,0.5546413660049438
2005-08-31,19,URBN,1.7185085879570035,1.876697944450742,1.5603192314632648,0.7136154770851135,0.36677345633506775
2005-08-31,20,WDC,1.7021600917809616,2.0554009241733797,1.3489192593885435,0.7600455284118652,0.33061882853507996
2005-09-30,1,MNST,4.60181070047454,4.562906541563581,4.640714859385499,1.4309842586517334,0.8180553317070007
2005-09-30,2,NDAQ,4.376132371265536,4.211207258437207,4.541057484093865,1.3373016119003296,0.8018229007720947
2005-09-30,3,SBAC,3.0817285788790754,3.180382556700381,2.98307460105777,1.0627193450927734,0.5480549335479736
2005-09-30,4,ISRG,2.908992755942183,3.3993251132503026,2.4186603986340636,1.1210393905639648,0.4561218023300171
2005-09-30,5,VLO,2.856833465401187,3.609837989336522,2.1038289414658515,1.1771140098571777,0.4048413038253784
2005-09-30,6,GOOGL,2.6211192501759717,3.0477811231331082,2.1944573772188356,1.0273981094360352,0.4196030795574188
2005-09-30,7,DINO,2.5715365492375977,3.030984416445718,2.1120886820294777,1.0229239463806152,0.40618667006492615
2005-09-30,8,GME,2.4166178167619066,1.818622410743221,3.014613222780592,0.6999853253364563,0.5531920194625854
2005-09-30,9,GLW,2.3800989113849678,1.740653236817404,3.019544585952531,0.6792165637016296,0.5539952516555786
2005-09-30,10,NFLX,2.372381895278889,0.8251784593074968,3.9195853312502815,0.43536022305488586,0.700596034526825
2005-09-30,11,HUM,2.285806338312797,2.682470206363524,1.8891424702620696,0.9300897121429443,0.36987265944480896
2005-09-30,12,HP,2.2040083577229597,2.345561127888067,2.062455587557852,0.8403467535972595,0.3981023132801056
2005-09-30,13,CNX,2.1785404637400694,2.1349737380092586,2.2221071894708797,0.7842522859573364,0.42410674691200256
2005-09-30,14,LKQ,2.0878453506724,1.2156174184478643,2.9600732828969356,0.5393620133399963,0.5443084239959717
2005-09-30,15,CBRE,2.0503605664631994,2.633362260570228,1.4673588723561704,0.9170087575912476,0.30117154121398926
2005-09-30,16,VRTX,2.032624173878504,1.5826792974607184,2.4825690502962887,0.6371368169784546,0.4665313959121704
2005-09-30,17,HOLX,2.0231374573700416,2.7839835010960363,1.262291413644047,0.957129955291748,0.2677696645259857
2005-09-30,18,ILMN,2.0100666287217184,2.0147800816163404,2.005353175827097,0.7522361278533936,0.38880133628845215
2005-09-30,19,RRC,1.9859032607958544,2.3659127914008664,1.6058937301908425,0.8457678556442261,0.32373642921447754
2005-09-30,20,EOG,1.938714713532646,2.1797316894243854,1.6976977376409066,0.7961745262145996,0.3386896848678589
2005-10-31,1,NDAQ,4.102522307246517,4.057734642871217,4.147309971621816,1.3012573719024658,0.8625349998474121
2005-10-31,2,VRTX,3.1290363521076063,2.0689147544987803,4.189157949716432,0.7554510831832886,0.8703811168670654
2005-10-31,3,MNST,3.11691883751615,4.278902571002166,1.9549351040301335,1.3619540929794312,0.4514845609664917
2005-10-31,4,HOLX,3.015686591521405,3.3155482073450107,2.7158249756977995,1.0975737571716309,0.5941445231437683
2005-10-31,5,NFLX,2.712236281050923,1.2184302649076475,4.206042297194198,0.5220464468002319,0.8735467791557312
2005-10-31,6,ISRG,2.682459161519087,3.271913280372076,2.0930050426660984,1.0855987071990967,0.4773714244365692
2005-10-31,7,DINO,2.575429092880846,2.7008217243747867,2.4500364613869046,0.928869903087616,0.5443115830421448
2005-10-31,8,GOOGL,2.555210711887953,2.5691854522558075,2.5412359715200985,0.8927440047264099,0.561410665512085
2005-10-31,9,VLO,2.494714107978205,3.1143177581908144,1.8751104577655955,1.0423486232757568,0.4365181624889374
2005-10-31,10,CME,2.2720994297327755,2.029764337710294,2.5144345217552564,0.7447067499160767,0.5563856363296509
2005-10-31,11,SBAC,2.268064776463026,2.19627545186519,2.3398541010608622,0.7904036045074463,0.5236533880233765
2005-10-31,12,RRC,2.223999939440982,2.2136383771938197,2.234361501688144,0.7951686382293701,0.5038744807243347
2005-10-31,13,CNX,2.174966533416029,2.196132324578695,2.1538007422533636,0.7903643250465393,0.488770067691803
2005-10-31,14,PWR,2.162496332198404,2.0354129787833823,2.289579685613425,0.746256947517395,0.5142273902893066
2005-10-31,15,HUM,2.103453978487039,2.5007625733329855,1.706145383641093,0.8739662170410156,0.4048387408256531
2005-10-31,16,EOG,2.084765529701168,2.3230501743925047,1.8464808850098309,0.8251953125,0.4311503767967224
2005-10-31,17,ILMN,2.0698883134627137,2.1349741870913443,2.004802439834083,0.7735802531242371,0.46083423495292664
2005-10-31,18,HAL,1.9851959691179124,1.9427459881616347,2.02764595007419,0.7208256721496582,0.4651171863079071
2005-10-31,19,NVDA,1.9741653977250562,2.4463559606225505,1.5019748348275617,0.8590350151062012,0.36655861139297485
2005-10-31,20,AAPL,1.9577068700813016,3.0246922767042377,0.8907214634583658,1.0177520513534546,0.2519541382789612
2005-11-30,1,NDAQ,4.200869269095552,5.019292234754459,3.382446303436646,1.5135098695755005,0.7230491638183594
2005-11-30,2,NFLX,3.5867261639273673,3.226761786178745,3.946690541675989,1.025613784790039,0.8270571827888489
2005-11-30,3,MNST,3.4859520394697783,4.375834713335161,2.5960693656043956,1.338371753692627,0.5780950784683228
2005-11-30,4,ISRG,3.470952144632263,3.5445651960695814,3.3973390931949443,1.112114429473877,0.7257943749427795
2005-11-30,5,VRTX,3.1745256315457158,2.1687421068692263,4.180309156222205,0.7376389503479004,0.8701204657554626
2005-11-30,6,REGN,2.6511269000257873,1.4528008200790616,3.8494529799725132,0.5427719950675964,0.8091332316398621
2005-11-30,7,HOLX,2.529577294099245,3.191212232453628,1.8679423557448618,1.0159378051757812,0.44387829303741455
2005-11-30,8,CME,2.519290105777103,2.171389446676681,2.8671907648775248,0.7383595108985901,0.6280713081359863
2005-11-30,9,DINO,2.4615169545888045,2.6248678720152223,2.2981660371623867,0.8617885708808899,0.5231820940971375
2005-11-30,10,ILMN,2.3284239781259144,2.6964275101640314,1.9604204460877974,0.8812658786773682,0.4609249234199524
2005-11-30,11,VLO,2.286698720409449,2.7714000683971474,1.8019973724217506,0.9016721248626709,0.4317225515842438
2005-11-30,12,RRC,2.211048005455316,2.4878563758954275,1.934239635015205,0.8244963884353638,0.4560989737510681
2005-11-30,13,AAPL,2.175978463981904,2.3522604149328323,1.999696513030976,0.7875894904136658,0.46816474199295044
2005-11-30,14,NVDA,2.157425853922494,2.5483411595415983,1.7665105483033896,0.8409593105316162,0.42518121004104614
2005-11-30,15,GOOGL,2.113824191045012,1.9161339016071355,2.311514480482888,0.6688833236694336,0.5256426334381104
2005-11-30,16,SBAC,2.0077263188727033,1.5452833992952408,2.470169238450166,0.5679441690444946,0.5548877120018005
2005-11-30,17,CLF,1.8894514685666177,2.4473955896563075,1.3315073474769277,0.8134836554527283,0.3449963927268982
2005-11-30,18,NOV,1.8194501634428908,1.7251174617702445,1.913782865115537,0.6168919205665588,0.4523281455039978
2005-11-30,19,AON,1.7754252200967457,1.4059622420827815,2.14488819811071,0.5300233364105225,0.49492815136909485
2005-11-30,20,EOG,1.7363294019008948,2.0829568221630463,1.3897019816387435,0.714289665222168,0.35572350025177
2005-12-31,1,NDAQ,4.990151821296763,5.925753672529199,4.054549970064328,1.7209793329238892,0.8243083357810974
2005-12-31,2,MNST,4.369992472034594,5.192180043072196,3.5478049009969927,1.5248979330062866,0.7340227961540222
2005-12-31,3,ISRG,3.864503803681438,3.7316828229999306,3.997324784362945,1.1345126628875732,0.814112663269043
2005-12-31,4,HOLX,3.261650216278291,3.399615267461993,3.1236851650945896,1.0457522869110107,0.658458411693573
2005-12-31,5,NFLX,2.951995431130138,2.793657627167895,3.1103332350923805,0.883782148361206,0.6560795307159424
2005-12-31,6,VRTX,2.794965373579194,2.7643166889089894,2.825614058249399,0.8759394288063049,0.6053518056869507
2005-12-31,7,AAPL,2.274146729320667,2.1231784209593174,2.425115037682016,0.7045656442642212,0.5339958667755127
2005-12-31,8,DINO,2.2281394884272556,2.4002987539436784,2.055980222910833,0.7786388397216797,0.4682280123233795
2005-12-31,9,CLF,2.1152019627681833,2.0487020889670124,2.181701836569354,0.684658408164978,0.4906275272369385
2005-12-31,10,SBAC,2.0679241402629174,1.9293615203478593,2.206486760177975,0.6527591347694397,0.49504339694976807
2005-12-31,11,GOOGL,2.0163414963330277,2.4793468482702776,1.5533361443957778,0.7997680902481079,0.37867313623428345
2005-12-31,12,CME,1.9748545311758454,1.7323043369113296,2.2174047254403613,0.600086510181427,0.4969886243343353
2005-12-31,13,ILMN,1.9585756361058198,2.2134400657934106,1.703711206418229,0.7286922335624695,0.40546509623527527
2005-12-31,14,RRC,1.9027260597464202,1.6893535864122045,2.116098533080636,0.5886059403419495,0.47893914580345154
2005-12-31,15,CRM,1.854406070819425,1.7361890638465427,1.9726230777923073,0.6011248826980591,0.4533764719963074
2005-12-31,16,PWR,1.853936923340549,1.7589036003141167,1.948970246366981,0.6071963906288147,0.4491623044013977
2005-12-31,17,DLR,1.838430455808652,1.8194615004646677,1.8573994111526362,0.6233832836151123,0.43284735083580017
2005-12-31,18,CBRE,1.8285048011868255,2.1705140672998997,1.4864955350737512,0.717218279838562,0.3667643070220947
2005-12-31,19,VLO,1.769174587994851,2.2024809480643492,1.335868227925353,0.7257629036903381,0.33992740511894226
2005-12-31,20,EOG,1.6983792314109065,1.9223805628004291,1.4743779000213841,0.6508931517601013,0.3646053373813629
2006-01-31,1,ISRG,4.3362879842265265,3.7414468817050457,4.931129086748008,1.0750997066497803,0.922020435333252
2006-01-31,2,MNST,4.195899798443721,5.241780690666727,3.1500189062207147,1.4653435945510864,0.6208353042602539
2006-01-31,3,NDAQ,3.766734831502126,4.3680804118883225,3.165389251115929,1.2380900382995605,0.6234344244003296
2006-01-31,4,HOLX,3.405679404881674,3.512429861925031,3.298928947838317,1.015531301498413,0.6460159420967102
2006-01-31,5,AAPL,3.066504881333614,2.6959870462804867,3.4370227163867413,0.8031706809997559,0.6693675518035889
2006-01-31,6,VRTX,2.8598301890305233,3.307887885769144,2.4117724922919033,0.9623289704322815,0.4959980845451355
2006-01-31,7,NFLX,2.5332365252155684,2.6300546404806937,2.4364184099504427,0.78602135181427,0.5001657009124756
2006-01-31,8,REGN,2.4832328160820802,1.7073795255685758,3.259086106595585,0.5460292100906372,0.6392785310745239
2006-01-31,9,CRM,2.0932692491397837,2.05950758449893,2.127030913780637,0.6376193761825562,0.447848379611969
2006-01-31,10,GOOGL,2.033206132421408,2.5543858398164105,1.5120264250264055,0.7663395404815674,0.34385132789611816
2006-01-31,11,ATI,2.012876098512983,1.6081598688269656,2.4175923281990004,0.5202217102050781,0.496982216835022
2006-01-31,12,MPWR,2.009150681539576,1.4434077986889702,2.574893564390181,0.47736892104148865,0.5235818028450012
2006-01-31,13,RRC,1.9546379078580294,2.1496416504010716,1.7596341653149872,0.6610636711120605,0.38572171330451965
2006-01-31,14,VLO,1.9236571218239444,2.7843705868491258,1.0629436567987631,0.826159656047821,0.2679115831851959
2006-01-31,15,CLF,1.8642290129414394,1.6925127784110556,2.035945247471823,0.542162299156189,0.43244582414627075
2006-01-31,16,AMD,1.8553248529689936,0.8731758326841097,2.837473873253878,0.32904890179634094,0.5679840445518494
2006-01-31,17,EOG,1.695468366921394,2.3912377495281136,0.9996989843146743,0.7239039540290833,0.2572169303894043
2006-01-31,18,PWR,1.6937914117410748,1.524648421348468,1.8629344021336818,0.4984999895095825,0.4031897485256195
2006-01-31,19,DINO,1.6924391043150175,2.5130469514720617,0.8718312571579735,0.755587100982666,0.23559454083442688
2006-01-31,20,SBAC,1.6403497955758102,2.1337849478252076,1.1469146433264126,0.6569392681121826,0.2821110486984253
2006-02-28,1,NDAQ,3.923322504648407,5.011640582075498,2.8350044272213157,1.5884242057800293,0.615364670753479
2006-02-28,2,VRTX,3.843600209988551,3.8223170007658984,3.8648834192112034,1.2562686204910278,0.8062520027160645
2006-02-28,3,MNST,3.7602451972719546,4.54134153664825,2.979148857895659,1.4570785760879517,0.6420817375183105
2006-02-28,4,HOLX,3.5116844001793153,3.1152611538043646,3.908107646554266,1.058801293373108,0.8142635822296143
2006-02-28,5,ISRG,3.4715357001201985,3.748215279246293,3.1948561209941047,1.235573410987854,0.6820629239082336
2006-02-28,6,AMD,3.139116723930413,2.807632341332477,3.4706011065283486,0.9728863835334778,0.7331720590591431
2006-02-28,7,CRM,2.8831814394462603,3.2534508506922775,2.512912028200243,1.0973950624465942,0.5556650757789612
2006-02-28,8,MPWR,2.652621248588745,2.3662551375440426,2.938987359633447,0.8496180772781372,0.6346378326416016
2006-02-28,9,ILMN,2.5930145483916145,2.167695057875407,3.018334038907822,0.7941640019416809,0.6493446826934814
2006-02-28,10,ATI,2.391734801346833,2.1195313292107003,2.663938273482966,0.7807127833366394,0.5836576819419861
2006-02-28,11,DINO,2.2540708686396598,2.5345684536619455,1.9735732836173738,0.8966248035430908,0.45569902658462524
2006-02-28,12,LKQ,2.211772560494501,2.8653808385320256,1.5581642824569761,0.9890144467353821,0.3787032663822174
2006-02-28,13,AAPL,2.168804383582602,1.7406787868400566,2.5969299803251475,0.6749064326286316,0.5712377429008484
2006-02-28,14,VLO,2.110034211141524,2.4763864969902465,1.7436819252928013,0.8803756833076477,0.4130888283252716
2006-02-28,15,NFLX,2.0491899673021385,2.4523242674542685,1.6460556671500084,0.8736555576324463,0.3949938714504242
2006-02-28,16,VIAV,2.043902920958873,0.6573926032216032,3.430413238696142,0.3723650872707367,0.7257232666015625
2006-02-28,17,NVDA,1.9954026827151834,1.7365855720609487,2.254219793369418,0.6737632751464844,0.5077166557312012
2006-02-28,18,REGN,1.99455263347991,2.006646402994589,1.982458863965231,0.7491861581802368,0.45734596252441406
2006-02-28,19,GOOGL,1.940799880265629,2.166314646321558,1.7152851142096999,0.7937784790992737,0.4078254997730255
2006-02-28,20,FCX,1.8606450218401664,1.5198389756715813,2.2014510680087516,0.6132300496101379,0.4979360103607178
2006-03-31,1,VRTX,4.298799473110315,4.4443951090740965,4.153203837146534,1.3209468126296997,0.8544154167175293
2006-03-31,2,MNST,3.9256036439286452,4.940482371007647,2.910724916849644,1.4493056535720825,0.631250262260437
2006-03-31,3,ILMN,3.5830185343498027,3.680500928817071,3.485536139882534,1.1232949495315552,0.7344937324523926
2006-03-31,4,NDAQ,3.4853331992009133,4.542656832178525,2.428009566223302,1.3463712930679321,0.5445483922958374
2006-03-31,5,REGN,3.456146187382749,3.1480361519678417,3.764256222797656,0.9855237007141113,0.7845554351806641
2006-03-31,6,MPWR,3.353344607528653,3.132160006895468,3.574529208161838,0.981415867805481,0.7504780292510986
2006-03-31,7,HOLX,3.114859047270355,3.020747330921083,3.208970763619627,0.952588677406311,0.6848190426826477
2006-03-31,8,AKAM,2.873288423740662,2.733790581439981,3.0127862660413434,0.8783407807350159,0.649581789970398
2006-03-31,9,AMD,2.635616711610763,2.414490661171765,2.8567427620497607,0.7957243323326111,0.6215543746948242
2006-03-31,10,NEU,2.5551271649542677,1.6392018142114124,3.4710525156971226,0.5951241850852966,0.7318922877311707
2006-03-31,11,CRM,2.5069456613262475,2.3333174826799734,2.6805738399725216,0.7747213840484619,0.5899121761322021
2006-03-31,12,ATI,2.471559485311446,2.1582739875887977,2.784844983034095,0.7294301986694336,0.6086406111717224
2006-03-31,13,CIEN,2.3517549663572375,2.0761646145821606,2.6273453181323148,0.7081850171089172,0.5803516507148743
2006-03-31,14,SBAC,2.321212107475422,3.009767547662942,1.6326566672879017,0.9497477412223816,0.40169280767440796
2006-03-31,15,BLK,2.0968258079314532,1.731003472655454,2.4626481432074527,0.6188771724700928,0.5507699251174927
2006-03-31,16,VIAV,2.0875677421874945,1.1353418802489734,3.039793604126016,0.46475422382354736,0.6544326543807983
2006-03-31,17,URI,2.0647653683319573,1.4419727666740678,2.687557969989847,0.5440926551818848,0.591166615486145
2006-03-31,18,LKQ,2.033012964362663,2.7650457486115396,1.3009801801137861,0.8864278197288513,0.3421194553375244
2006-03-31,19,WDC,2.003487135261887,1.971428774685109,2.0355454958386643,0.6810854077339172,0.47405681014060974
2006-03-31,20,MTW,1.9947165150605288,1.784226038679294,2.2052069914417634,0.6326481103897095,0.5045301914215088
2006-04-30,1,MNST,4.484099418641573,4.40459029813529,4.563608539147856,1.4363149404525757,0.984830379486084
2006-04-30,2,NEU,3.6691503649553314,2.6246048103794957,4.713695919531167,0.9427814483642578,1.0129270553588867
2006-04-30,3,HOLX,3.2463892628957014,3.7140315522545526,2.7787469735368506,1.244844913482666,0.6507005095481873
2006-04-30,4,CIEN,3.0778011835838726,3.2214065215586944,2.9341958456090502,1.1082556247711182,0.6798008680343628
2006-04-30,5,VRTX,3.0387129106738304,4.141360852621214,1.9360649687264468,1.3633297681808472,0.49294865131378174
2006-04-30,6,AKAM,2.908264878606672,2.6477801921166266,3.168749565096717,0.9492072463035583,0.7237098217010498
2006-04-30,7,REGN,2.88980654498422,3.480192515900708,2.299420574067732,1.1800087690353394,0.5609695911407471
2006-04-30,8,NDAQ,2.864170259443765,3.983771610356779,1.7445689085307505,1.319635272026062,0.45710018277168274
2006-04-30,9,ILMN,2.8568013485124544,3.1129738446406905,2.600628852384218,1.0781906843185425,0.6173564195632935
2006-04-30,10,ATI,2.7897803528845984,2.616765461860309,2.962795243908887,0.9406078457832336,0.6851547360420227
2006-04-30,11,MPWR,2.7113975303846294,1.9190546298405053,3.503740430928753,0.7471547722816467,0.7864208221435547
2006-04-30,12,VIAV,2.597546819806163,2.5247408786825076,2.670352760929818,0.9150923490524292,0.6304088830947876
2006-04-30,13,MTW,2.338308203399307,2.1801919772991134,2.4964244294995006,0.8195598721504211,0.5978491306304932
2006-04-30,14,ISRG,2.255328692420588,2.6637379215508075,1.8469194632903685,0.9536318182945251,0.4762604236602783
2006-04-30,15,NVDA,2.2200599627141013,2.3967292853446733,2.0433906400835298,0.8795987963676453,0.5130402445793152
2006-04-30,16,CBRE,2.0922557450704327,2.238317348951767,1.946194141189098,0.8356761932373047,0.49484485387802124
2006-04-30,17,SBAC,2.072972206075318,2.6163871128490452,1.5295572993015913,0.940502941608429,0.4168495535850525
2006-04-30,18,CRM,2.067092415965881,2.41714916843045,1.7170356635013124,0.8852605819702148,0.4519459009170532
2006-04-30,19,AOS,2.0595142005144953,1.4751299959672712,2.6438984050617194,0.624068558216095,0.6254565715789795
2006-04-30,20,EME,1.997230607081135,1.9366611870680925,2.0578000270941774,0.7520365118980408,0.5157377123832703
2006-05-31,1,MNST,4.4152795133217015,4.480086440883829,4.350472585759574,1.5190976858139038,0.9410027265548706
2006-05-31,2,NEU,4.083561258957402,3.4687940021148913,4.698328515799912,1.2342005968093872,1.0036768913269043
2006-05-31,3,ATI,3.5899506262888368,3.1321945752391493,4.047706677338524,1.1393752098083496,0.8864525556564331
2006-05-31,4,ILMN,3.150628537435805,3.2397845403020074,3.0614725345696026,1.1696850061416626,0.7087600231170654
2006-05-31,5,DECK,2.8917872248640544,1.5942592079629407,4.189315241765168,0.7061144709587097,0.9119665622711182
2006-05-31,6,AKAM,2.8114081652891763,2.808745094104501,2.814071236473851,1.048254370689392,0.6641850471496582
2006-05-31,7,VRTX,2.7868026409416014,3.8418612972463047,1.731743984636898,1.3392995595932007,0.4691791534423828
2006-05-31,8,DXCM,2.5756182330548705,2.362962525897552,2.7882739402121888,0.9226703643798828,0.6595370769500732
2006-05-31,9,STLD,2.5687576404117873,2.0816342556334875,3.055881025190087,0.8434157371520996,0.7077525854110718
2006-05-31,10,SBAC,2.508899299103004,2.9425668227931854,2.0752317754128224,1.0859540700912476,0.5310662984848022
2006-05-31,11,MTW,2.4639594148018604,2.3310937111007264,2.5968251185029945,0.9136924147605896,0.6250432133674622
2006-05-31,12,NVDA,2.387423326620221,2.566978796976365,2.2078678562640772,0.9801449775695801,0.5549637079238892
2006-05-31,13,CBRE,2.3845330393690194,2.381548736052851,2.387517342685188,0.9279063940048218,0.5873316526412964
2006-05-31,14,HOLX,2.360655879715023,2.5865754998086414,2.1347362596214046,0.9856656789779663,0.5417873859405518
2006-05-31,15,NUE,2.2109877196092422,1.8845773931861232,2.537398046032361,0.7879016995429993,0.6143360733985901
2006-05-31,16,FIX,2.105667877676066,1.8041171253590345,2.4072186299930975,0.7652347683906555,0.5908812880516052
2006-05-31,17,VIAV,2.039958402820085,2.1329053338216046,1.947011471818565,0.8578596115112305,0.5079644918441772
2006-05-31,18,ISRG,2.027467338826871,2.936991340585544,1.1179433370681977,1.0843833684921265,0.3585889935493469
2006-05-31,19,URI,1.9495074676692719,1.439452406897106,2.4595625284414377,0.6625029444694519,0.6003122329711914
2006-05-31,20,EME,1.9139018661532385,1.9511059375414999,1.876697794764977,0.8066438436508179,0.4952958822250366
2006-06-30,1,MNST,5.187713507522867,5.537580323831834,4.837846691213898,1.6014641523361206,0.8674412965774536
2006-06-30,2,NEU,4.335404619072321,4.268883866234223,4.401925371910418,1.2734858989715576,0.7954207062721252
2006-06-30,3,ATI,3.6146119701706603,3.6259653176415902,3.6032586226997303,1.10728120803833,0.6634692549705505
2006-06-30,4,ILMN,2.9832602276312183,3.0431328474313126,2.9233876078311236,0.9566097259521484,0.5511445999145508
2006-06-30,5,MTW,2.9030695699784927,2.5309536961078334,3.275185443849152,0.8242032527923584,0.6092667579650879
2006-06-30,6,ADM,2.6541115255052423,2.2530699938820655,3.0551530571284187,0.7523658871650696,0.572914183139801
2006-06-30,7,STLD,2.5619595494461462,2.374540690935679,2.749378407956613,0.7837679982185364,0.5223957300186157
2006-06-30,8,GRMN,2.5137070450957353,2.2528113003088857,2.7746027898825845,0.7522990107536316,0.5265631675720215
2006-06-30,9,AKAM,2.3756367923177795,2.4426995305281514,2.3085740541074076,0.801388144493103,0.44956839084625244
2006-06-30,10,LVS,2.347277422999328,1.9207529675820123,2.7738018784166436,0.6664566397666931,0.5264308452606201
2006-06-30,11,TEX,2.285334434996564,2.590249168195684,1.9804197017974432,0.8395320773124695,0.39535248279571533
2006-06-30,12,NUE,2.2693869837695617,2.123935557364165,2.414838410174958,0.7189825773239136,0.4671248197555542
2006-06-30,13,VRTX,2.1353799375072917,2.8536778482494847,1.4170820267650992,0.90763258934021,0.30228084325790405
2006-06-30,14,WFRD,2.0078410661218147,1.9848017611535338,2.030880371090096,0.6830142736434937,0.40368932485580444
2006-06-30,15,DINO,1.9545854631994661,2.3890819442987064,1.5200889821002261,0.7875271439552307,0.3192991018295288
2006-06-30,16,BKR,1.9351787235654723,1.789684554511675,2.0806728926192695,0.6325733661651611,0.41191577911376953
2006-06-30,17,FIX,1.8876429804765653,2.1835049402942057,1.591781020658925,0.7343822121620178,0.33114367723464966
2006-06-30,18,CIEN,1.8433648683449975,1.9000627847152973,1.7866669519746976,0.6611078977584839,0.36334168910980225
2006-06-30,19,CBRE,1.8224173363140668,2.0465626613857815,1.598272011242352,0.698980450630188,0.3322160840034485
2006-06-30,20,EME,1.7589065623829696,2.0717500083744893,1.4460631163914501,0.7054917812347412,0.30706894397735596
2006-07-31,1,MNST,4.786282675131195,5.029662000709395,4.542903349552995,1.5027650594711304,0.8819296956062317
2006-07-31,2,NEU,3.7366722468775295,3.924697951889328,3.5486465418657316,1.2054657936096191,0.7023778557777405
2006-07-31,3,ATI,3.5070384559383823,3.726666116479264,3.2874107953975007,1.1521837711334229,0.6552015542984009
2006-07-31,4,ILMN,3.2814976732910797,2.7859484389956326,3.777046907586527,0.8990762829780579,0.7436244487762451
2006-07-31,5,AKAM,3.087658158668966,3.212647846803126,2.962668470534806,1.013883113861084,0.5965566635131836
2006-07-31,6,STLD,3.007175355594593,2.904959075903423,3.1093916352857636,0.9310970306396484,0.623053252696991
2006-07-31,7,LVS,2.879271478709196,2.3372930984606466,3.421249858957745,0.7783620357513428,0.6793714165687561
2006-07-31,8,TEX,2.6643000213030095,2.8574674917828777,2.471132550823141,0.918319046497345,0.5077906847000122
2006-07-31,9,NUE,2.624041529366149,2.794497983055285,2.453585075677013,0.9013766050338745,0.5046218037605286
2006-07-31,10,MTW,2.5890120351404624,2.3405970110900265,2.837427059190898,0.779250979423523,0.5739394426345825
2006-07-31,11,GRMN,2.528111723530574,2.832018015930447,2.2242054311307013,0.9114716649055481,0.46319836378097534
2006-07-31,12,EXPD,2.4742582326569043,2.4727089885437143,2.475807476770094,0.8147967457771301,0.5086349248886108
2006-07-31,13,CIEN,2.4357057608290402,2.5423456928254047,2.329065828832676,0.8335330486297607,0.48213499784469604
2006-07-31,14,DINO,2.2832753335266527,2.1623627323347687,2.4041879347185366,0.731295645236969,0.49570122361183167
2006-07-31,15,FIX,2.24400217273158,2.3579473153097545,2.1300570301534063,0.7839192152023315,0.44619619846343994
2006-07-31,16,ADM,2.2406666608112182,1.938684701586228,2.542648620036209,0.6711133122444153,0.5207056999206543
2006-07-31,17,HOLX,1.9723172762251728,2.825350377314444,1.1192841751359017,0.9096776843070984,0.2636617422103882
2006-07-31,18,ODFL,1.8522560895703157,2.204683784018025,1.4998283951226066,0.7426824569702148,0.3323838412761688
2006-07-31,19,EME,1.8435129692216186,2.0030545074661816,1.6839714309770553,0.688432514667511,0.36563804745674133
2006-07-31,20,SBAC,1.8281901589220697,1.9002676898833633,1.7561126279607762,0.6607769131660461,0.378665953874588
2006-08-31,1,MNST,4.628596944099334,5.019346900031324,4.237846988167344,1.381738543510437,0.7396568059921265
2006-08-31,2,ILMN,3.8788771591616804,4.427236037648792,3.330518280674569,1.227706789970398,0.5783621072769165
2006-08-31,3,NEU,3.572972668735366,3.9056155456103117,3.2403297918604204,1.0920124053955078,0.5623294115066528
2006-08-31,4,AKAM,3.3962521814305906,3.373916981283247,3.418587381577934,0.9536963105201721,0.5940180420875549
2006-08-31,5,DINO,2.288060144303145,2.693448564810754,1.8826717237955362,0.7766792178153992,0.3209802210330963
2006-08-31,6,GRMN,2.1537601915832663,1.8495183295840203,2.4580020535825122,0.5571391582489014,0.423255980014801
2006-08-31,7,ADM,2.1251306435169264,2.2622168218341185,1.9880444651997347,0.6644985675811768,0.3397122025489807
2006-08-31,8,ATI,2.018817217173866,2.7670545797377355,1.2705798546099965,0.7958270907402039,0.21216940879821777
2006-08-31,9,NUE,1.918508455109167,2.345378961825099,1.4916379483932352,0.6861323714256287,0.25146663188934326
2006-08-31,10,EME,1.8671677693468385,2.3738367709506374,1.3604987677430394,0.6935353875160217,0.22815418243408203
2006-08-31,11,FIX,1.8136804900394878,1.969164992998907,1.6581959870800687,0.5882640480995178,0.28107544779777527
2006-08-31,12,SLG,1.7945916266877857,1.7159963018028244,1.8731869515727473,0.5224047303199768,0.31929412484169006
2006-08-31,13,TEX,1.7538896176137695,2.077071509863952,1.4307077253635867,0.616334855556488,0.24063514173030853
2006-08-31,14,STLD,1.6991884463895062,2.0262717016737346,1.372105191105278,0.6031197905540466,0.23021744191646576
2006-08-31,15,TYL,1.5986229553009155,1.301811588888866,1.8954343217129652,0.41465869545936584,0.3232490122318268
2006-08-31,16,DECK,1.5143836509708746,1.324605308301776,1.704161993639973,0.42058825492858887,0.2892467677593231
2006-08-31,17,EXPD,1.4691681707879303,1.6540626123640179,1.284273729211843,0.5062932968139648,0.2146037518978119
2006-08-31,18,MTW,1.4160030201394531,1.8106353234792707,1.0213707167996353,0.547024130821228,0.16786780953407288
2006-08-31,19,WST,1.278496328351576,1.0903711806346286,1.4666214760685234,0.35965457558631897,0.24701948463916779
2006-08-31,20,LVS,1.25663719000899,1.373292123820734,1.1399822561972461,0.4332536458969116,0.18895323574543
2006-09-30,1,NEU,4.449476952093643,5.152655359720312,3.7462985444669727,1.3241804838180542,0.5922882556915283
2006-09-30,2,AKAM,3.204126735974655,3.9465577265418244,2.4616957454074853,1.0411138534545898,0.3915320336818695
2006-09-30,3,ILMN,2.7957730900418314,3.8372867392429684,1.7542594408406949,1.0154683589935303,0.28097471594810486
2006-09-30,4,DINO,2.1615151028551502,1.6083875478072198,2.7146426579030805,0.49235400557518005,0.4310622811317444
2006-09-30,5,LVS,2.0471048846042867,2.4171928512679637,1.6770169179406103,0.6821776032447815,0.26890334486961365
2006-09-30,6,EME,1.9910751273586214,2.487051007908823,1.4950992468084197,0.6985730528831482,0.24047346413135529
2006-09-30,7,MNST,1.9613492275759912,2.906155757841393,1.0165426973105893,0.7969353795051575,0.16568520665168762
2006-09-30,8,ADM,1.8935624393507005,2.1320660751060787,1.6550588035953222,0.6152594089508057,0.26547175645828247
2006-09-30,9,BIGGQ,1.8472425095464033,1.3882262922746842,2.3062587268181223,0.440682977437973,0.3672405183315277
2006-09-30,10,NVDA,1.7743303250887783,2.2401142208583256,1.308546429319231,0.6406179070472717,0.2113192081451416
2006-09-30,11,GRMN,1.7546258980953096,1.5905032044774214,1.9187485917131974,0.48815661668777466,0.3066808879375458
2006-09-30,12,SLG,1.7431964148340224,1.8570689475273812,1.629323882140664,0.5507186055183411,0.261449933052063
2006-09-30,13,ATI,1.724920726822248,2.65931877904174,0.7905226746027562,0.7390036582946777,0.13036306202411652
2006-09-30,14,BKNG,1.6578166528448075,1.389441514870847,1.9261917908187682,0.44096818566322327,0.3078441023826599
2006-09-30,15,TYL,1.6371004684481727,1.5419194431673802,1.7322814937289652,0.47675418853759766,0.27754002809524536
2006-09-30,16,MTW,1.5527914186591276,2.2554293271151704,0.8501535102030849,0.6442123055458069,0.1396820992231369
2006-09-30,17,DECK,1.5470790002819954,1.919464342206225,1.1746936583577658,0.5653625726699829,0.1904008537530899
2006-09-30,18,ALB,1.4964397529541866,1.3419564062151423,1.6509230996932311,0.4298236072063446,0.2648254334926605
2006-09-30,19,NUE,1.4426709662532105,1.996305520896007,0.8890364116104137,0.5833969116210938,0.14575867354869843
2006-09-30,20,PWR,1.392405518276903,1.1737720115738461,1.61103902497996,0.3903513550758362,0.2585923969745636
2006-10-31,1,AKAM,3.6313099133700626,4.511465105211975,2.7511547215281498,1.1423641443252563,0.4186544120311737
2006-10-31,2,NEU,3.1015030806234716,4.852726116176508,1.350280045070435,1.2188084125518799,0.20588135719299316
2006-10-31,3,ILMN,2.9049430462189108,3.6415244205879134,2.168361671849908,0.9474928379058838,0.33013638854026794
2006-10-31,4,BKNG,2.433898852681653,2.2870580892125885,2.5807396161507175,0.6440852284431458,0.39277076721191406
2006-10-31,5,BIGGQ,2.170562837205236,2.04204540118137,2.2990802732291025,0.5892010927200317,0.34999069571495056
2006-10-31,6,MNST,2.068541037638276,3.943204090706037,0.19387798457051472,1.0150706768035889,0.030240235850214958
2006-10-31,7,LVS,1.9520993009820264,2.674458393929002,1.229740208035051,0.730864942073822,0.18757306039333344
2006-10-31,8,DECK,1.722087957612686,2.4312380604693673,1.0129378547560046,0.676382303237915,0.15464384853839874
2006-10-31,9,ALGN,1.5898565293747082,1.7633387887602248,1.4163742699891915,0.5267693400382996,0.21592013537883759
2006-10-31,10,TEX,1.4869464341264418,2.108687145118775,0.8652057231341085,0.6041291952133179,0.13220542669296265
2006-10-31,11,DDS,1.48003710095804,1.443432368051807,1.516641833864273,0.4551086127758026,0.231149360537529
2006-10-31,12,CTSH,1.4552407005813355,1.4778323513573655,1.4326490498053055,0.4628143906593323,0.2183920443058014
2006-10-31,13,DLR,1.4456053061352427,2.0687524422071846,0.8224581700633009,0.5951836109161377,0.12571267783641815
2006-10-31,14,IVZ,1.4224138887957631,1.8112398372060574,1.0335879403854689,0.5374994277954102,0.15778030455112457
2006-10-31,15,MRK,1.4053202394080067,1.5374604702984678,1.2731800085175455,0.4761714041233063,0.19417095184326172
2006-10-31,16,EME,1.402530940512583,2.1570280335448375,0.6480338474803286,0.6149578094482422,0.09922008961439133
2006-10-31,17,IT,1.3785287256087395,1.2357954349044291,1.52126201631305,0.40859684348106384,0.23185110092163086
2006-10-31,18,ORCL,1.3557593030194046,1.010482016792356,1.7010365892464532,0.3581254482269287,0.25915631651878357
2006-10-31,19,CMCSA,1.34431346493595,0.4291203298928168,2.2595065999790833,0.22789736092090607,0.34398001432418823
2006-10-31,20,ATI,1.3406396137613399,2.5577190625035393,0.1235601650191405,0.7047147154808044,0.01955995336174965
2006-11-30,1,NEU,3.0500994200985807,4.783471630049161,1.3167272101480008,1.243662714958191,0.23998577892780304
2006-11-30,2,ILMN,2.8698470638481646,3.8474290965698787,1.8922650311264506,1.0379340648651123,0.3291740417480469
2006-11-30,3,BKNG,2.7729895366689545,2.5521235198558854,2.9938555534820237,0.7532445788383484,0.4998821020126343
2006-11-30,4,AKAM,2.772784354425556,3.6482096014978387,1.8973591073532732,0.9941484928131104,0.32996344566345215
2006-11-30,5,DECK,2.728924444290866,4.273126390401246,1.1847224981804858,1.1314961910247803,0.2195296585559845
2006-11-30,6,ALGN,2.3495977476678416,1.9924357930981391,2.7067597022375445,0.6302332878112793,0.4553922712802887
2006-11-30,7,ATI,2.179373757069816,3.7505486506924552,0.6081988634471773,1.0166411399841309,0.13018862903118134
2006-11-30,8,BIGGQ,2.0297105747913733,1.854464495799091,2.2049566537836554,0.5999091863632202,0.3776303231716156
2006-11-30,9,ALB,1.899435695224112,2.001466028255924,1.7974053621923,0.6322180032730103,0.31447410583496094
2006-11-30,10,LVS,1.7847919046616825,2.7567389723107847,0.8128448370125804,0.7982161045074463,0.16190160810947418
2006-11-30,11,NVDA,1.6815403196988457,2.45426704489765,0.9088135945000413,0.7317371368408203,0.17677341401576996
2006-11-30,12,MRK,1.5921988127487456,1.4926687669334535,1.6917288585640378,0.5203917026519775,0.2980979382991791
2006-11-30,13,MAT,1.5709680692391519,1.2088458019462978,1.933090336532006,0.4580115079879761,0.3355005383491516
2006-11-30,14,GRMN,1.5641114452450822,1.9880852905934485,1.1401375998967156,0.6292771100997925,0.2126205563545227
2006-11-30,15,REGN,1.5608154788539195,1.271130505178268,1.850500452529571,0.4717007875442505,0.32270199060440063
2006-11-30,16,TYL,1.5236316918986457,1.6535324073274051,1.3937309764698862,0.5557472109794617,0.2519186735153198
2006-11-30,17,MOH,1.504893395920445,2.0668155007688758,0.9429712910720139,0.6465808749198914,0.1820666640996933
2006-11-30,18,SLG,1.4994923070678197,1.8609897071670851,1.137994906968554,0.6013433337211609,0.2122885137796402
2006-11-30,19,EME,1.4923287050330054,2.1385629944195075,0.8460944156465035,0.6623499393463135,0.16705413162708282
2006-11-30,20,MNST,1.4816972596024567,3.3191128807983,-0.3557183615933867,0.9218177795410156,-0.01918487809598446
2006-12-31,1,ICE,3.7262868456153067,4.384877137485266,3.0676965537453467,1.11244797706604,0.5675350427627563
2006-12-31,2,AKAM,2.811786013822489,3.3690341904147374,2.2545378372302407,0.8954334855079651,0.44586509466171265
2006-12-31,3,DECK,2.8072910961782958,3.315886915630219,2.298695276726373,0.88407963514328,0.4524722099304199
2006-12-31,4,ATI,2.7359079812171117,3.8953684327544917,1.5764475296797313,1.0078742504119873,0.344404935836792
2006-12-31,5,ALGN,2.641511208312103,2.1720511817831047,3.1109712348411014,0.6397220492362976,0.5740100741386414
2006-12-31,6,NEU,2.5960654610906424,4.143411183115586,1.0487197390656986,1.0608636140823364,0.26544296741485596
2006-12-31,7,NVDA,2.4928772324524155,2.5296593021530525,2.4560951627517786,0.7161178588867188,0.4760233759880066
2006-12-31,8,REGN,2.45800677462563,2.2449073608624452,2.6711061883888148,0.6552863121032715,0.5081946849822998
2006-12-31,9,ILMN,2.4543101148445725,3.354170553351669,1.554449676337476,0.8922581672668457,0.34111347794532776
2006-12-31,10,MTW,2.193924940151427,3.299666737666495,1.0881831426363584,0.8806145191192627,0.2713477313518524
2006-12-31,11,WST,2.092008839031912,2.411089480378082,1.7729281976857416,0.6907877922058105,0.37380361557006836
2006-12-31,12,ALB,2.0300747900081433,2.241515729601982,1.8186338504143045,0.6545617580413818,0.3806423842906952
2006-12-31,13,LVS,1.934560727772479,2.8579639628000093,1.011157492744949,0.7862535715103149,0.25982266664505005
2006-12-31,14,UAA,1.8584089340165253,2.6156319650416755,1.1011859029913753,0.7344841957092285,0.27329328656196594
2006-12-31,15,SLG,1.7735825175614996,2.1270266908819258,1.4201383442410735,0.6301034688949585,0.32101696729660034
2006-12-31,16,DLR,1.7649567999902196,1.631947016969046,1.8979665830113932,0.5243396162986755,0.39251264929771423
2006-12-31,17,BIGGQ,1.6869046224239292,1.9685547011994289,1.4052545436484296,0.5962491035461426,0.3187899589538574
2006-12-31,18,KMX,1.6868717891408076,1.6135410838807358,1.7602024944008794,0.5204075574874878,0.3718995153903961
2006-12-31,19,EQIX,1.658168869224463,2.222708860834066,1.0936288776148597,0.6505440473556519,0.2721625566482544
2006-12-31,20,CAL,1.5455714458271403,1.7856808788080758,1.305462012846205,0.5571817755699158,0.30385836958885193
2007-01-31,1,ICE,3.7781316645060996,4.266979249243792,3.2892840797684073,1.088010549545288,0.6217968463897705
2007-01-31,2,ALGN,3.0857367959968904,2.7856889023239493,3.385784689669831,0.769736111164093,0.6367844939231873
2007-01-31,3,AKAM,2.7612593143933877,3.7658078121595127,1.7567108166272625,0.9803273677825928,0.3837707042694092
2007-01-31,4,NVDA,2.6660871637270644,2.486169572351917,2.846004755102212,0.7053804993629456,0.5529505014419556
2007-01-31,5,ILMN,2.5372577139971373,3.9751357907669473,1.0993796372273268,1.0253041982650757,0.2816796600818634
2007-01-31,6,DECK,2.4685724548593915,2.810051680145484,2.127093229573299,0.7749707698822021,0.441295325756073
2007-01-31,7,CF,2.360288426730696,1.6425954561465237,3.077981397314868,0.5241276621818542,0.5889791250228882
2007-01-31,8,ATI,2.2823072593054725,3.5223317759646866,1.0422827426462586,0.9280133843421936,0.2728118598461151
2007-01-31,9,MTW,2.192670335169679,3.2275913487121195,1.1577493216272383,0.8646845817565918,0.2907451391220093
2007-01-31,10,KMX,2.115454391021963,2.281471528520582,1.9494372535233433,0.6613984704017639,0.4137033224105835
2007-01-31,11,WST,2.0782836305682846,2.6047272496919547,1.5518400114446147,0.7308541536331177,0.35195192694664
2007-01-31,12,ALB,2.0584898986047993,2.184740845072281,1.9322389521373178,0.6406146287918091,0.41103222966194153
2007-01-31,13,BKNG,2.0225402187059975,2.3205890679281684,1.7244913694838264,0.6698033809661865,0.37876665592193604
2007-01-31,14,NEU,1.9310412201117024,3.3550191377637084,0.5070633024596963,0.892064094543457,0.18968616425991058
2007-01-31,15,TEX,1.917947753619107,2.8183683634640864,1.0175271437741273,0.7767577171325684,0.26896703243255615
2007-01-31,16,GT,1.734707719323505,0.08159290367699465,3.3878225349700153,0.1887260228395462,0.6371009945869446
2007-01-31,17,EQIX,1.715860382052185,2.0795805733650625,1.3521401907393074,0.6180195808410645,0.32093626260757446
2007-01-31,18,BIGGQ,1.695212090549855,2.211062953590257,1.1793612275094532,0.6462702751159668,0.2941017150878906
2007-01-31,19,WYNN,1.6552673272270355,2.0094879658229923,1.301046688631079,0.6029592752456665,0.3130008578300476
2007-01-31,20,LVS,1.5969481474807143,3.012522694834666,0.18137360012676262,0.818474292755127,0.13910283148288727
2007-02-28,1,ICE,3.8129651934712285,3.7303869333577215,3.895543453584735,0.943466305732727,0.7841007709503174
2007-02-28,2,ALGN,3.605398255455288,2.6155714985456764,4.5952250123649,0.7052979469299316,0.8959671854972839
2007-02-28,3,MGM,2.7586074149235373,2.2889950204695713,3.2282198093775034,0.6355283856391907,0.6774078011512756
2007-02-28,4,GT,2.749741678050601,1.451313111627624,4.048170244473578,0.45656663179397583,0.8085030317306519
2007-02-28,5,WYNN,2.538382635535269,2.188850841295234,2.887914429775305,0.6141336560249329,0.6229991316795349
2007-02-28,6,CF,2.513938883210878,2.068765933433059,2.959111832988698,0.5884788036346436,0.6343823075294495
2007-02-28,7,AKAM,2.451081702472825,3.7281686308687116,1.1739947740769385,0.9429923892021179,0.34897440671920776
2007-02-28,8,LVS,2.4242214043424397,2.6207251249545545,2.2277176837303245,0.7063989639282227,0.5174456238746643
2007-02-28,9,ATI,2.30315378101122,2.5792360887910935,2.027071473231347,0.6975352764129639,0.48536592721939087
2007-02-28,10,KMX,2.2477585925602153,2.3709767957032652,2.124540389417165,0.6530429124832153,0.5009494423866272
2007-02-28,11,CAL,2.1953032372974906,2.134942268557974,2.255664206037007,0.6026166677474976,0.5219137668609619
2007-02-28,12,BIGGQ,2.181788269059992,2.4147156609789606,1.9488608771410239,0.6623872518539429,0.47286146879196167
2007-02-28,13,BKNG,2.1366078748971415,2.398912173846842,1.8743035759474411,0.6590110063552856,0.4609411060810089
2007-02-28,14,TPL,2.057554904223582,1.9306653738764004,2.184444434570764,0.558975100517273,0.5105270147323608
2007-02-28,15,EQIX,1.9967972711475643,2.043086243331696,1.9505082989634326,0.5829926133155823,0.4731248617172241
2007-02-28,16,CBRE,1.978850686588362,2.033031761493067,1.9246696116836568,0.5808445811271667,0.4689937233924866
2007-02-28,17,ALB,1.9178927488325406,2.080513088042512,1.7552724096225691,0.5909884572029114,0.44191017746925354
2007-02-28,18,INCY,1.7775929671687947,1.0847201417896424,2.470465792547947,0.3782479763031006,0.5562566518783569
2007-02-28,19,DOC,1.5939978198028895,1.4583870720865406,1.729608567519238,0.45807790756225586,0.43780699372291565
2007-02-28,20,IT,1.5764844722827482,1.4809241437454173,1.6720448008200792,0.46289271116256714,0.4286035895347595
2007-03-31,1,ICE,4.482643617225619,4.292140777904566,4.673146456546672,1.012978196144104,0.8685024380683899
2007-03-31,2,ALGN,4.022829508124053,2.7544027736037164,5.29125624264439,0.6992559432983398,0.9659186601638794
2007-03-31,3,CF,4.014654507703436,3.2036400123821793,4.825669003024692,0.7909072637557983,0.8925405144691467
2007-03-31,4,MGM,3.0317507148433998,2.5297225089695976,3.533778920717202,0.653417706489563,0.6889342069625854
2007-03-31,5,ATI,2.836884640805792,2.8185801480525514,2.855189133559032,0.7123491168022156,0.581986129283905
2007-03-31,6,BKNG,2.5326997417540773,3.044232128726935,2.0211673547812197,0.7583855986595154,0.4505414366722107
2007-03-31,7,GT,2.4539371364863567,1.9796967555878529,2.9281775173848605,0.5412039756774902,0.5934893488883972
2007-03-31,8,DECK,2.318547185656593,2.5327939613843005,2.1043004099288853,0.6540443301200867,0.46364349126815796
2007-03-31,9,ALB,2.1799685668934217,2.6178106423382586,1.7421264914485852,0.6713890433311462,0.4065636396408081
2007-03-31,10,CAL,1.9533005854755974,1.7141984280326632,2.1924027429185315,0.4870382249355316,0.47752872109413147
2007-03-31,11,BIGGQ,1.8859694239501525,2.6447577947657432,1.127181053134562,0.6768866777420044,0.3096461296081543
2007-03-31,12,TPL,1.8507693541810628,1.960033967571649,1.7415047407904767,0.5371924638748169,0.40646564960479736
2007-03-31,13,MOS,1.8205543488524134,1.6307022810930039,2.010406416611823,0.47000372409820557,0.4488454759120941
2007-03-31,14,ON,1.7904566959663157,1.2819725013463446,2.298940890586287,0.3988574743270874,0.49431949853897095
2007-03-31,15,TEX,1.779340603445133,1.8249695281806784,1.7337116787095872,0.5096372365951538,0.40523743629455566
2007-03-31,16,AKAM,1.746534282155474,2.5903928240836946,0.902675740227253,0.6657953858375549,0.27426332235336304
2007-03-31,17,DLX,1.6873940302417199,0.6492214587435933,2.7255666017398466,0.26976650953292847,0.5615571737289429
2007-03-31,18,STLD,1.6696998293600622,1.8412327708437495,1.498166887876375,0.5129551887512207,0.36811476945877075
2007-03-31,19,KMX,1.5756743447944217,1.8618961984985303,1.2894524910903131,0.5171708464622498,0.33522066473960876
2007-03-31,20,VMC,1.5222071106091875,1.3249404056631724,1.7194738155552027,0.4076235890388489,0.40299350023269653
2007-04-30,1,CF,3.852761971662579,3.3246832893903693,4.380840653934788,0.8233408331871033,0.8161689043045044
2007-04-30,2,GT,3.565096618957889,3.062390618022878,4.0678026198929,0.7673291563987732,0.7659489512443542
2007-04-30,3,BIGGQ,2.6939339496381756,3.2471448954852202,2.140723003791131,0.8067827820777893,0.45679211616516113
2007-04-30,4,ATI,2.388016280478125,2.101113600484083,2.674918960472167,0.5620518326759338,0.5424919128417969
2007-04-30,5,BKNG,2.320160315614457,3.04085499746353,1.5994656337653834,0.7627303004264832,0.3699594736099243
2007-04-30,6,MGM,2.263891352523542,1.7090291525931773,2.8187535524539067,0.4783235788345337,0.5655669569969177
2007-04-30,7,MOS,2.252293256672179,2.3697319207801932,2.1348545925641647,0.6194143295288086,0.45585066080093384
2007-04-30,8,ICE,2.236803653657965,2.1425947069363027,2.331012600379627,0.5709099769592285,0.48731982707977295
2007-04-30,9,DLX,2.231467237937506,0.8619917414037827,3.6009427344712295,0.2974417209625244,0.691051721572876
2007-04-30,10,TEX,2.2112760419409465,2.2506895327551666,2.171862551126726,0.5939932465553284,0.46178776025772095
2007-04-30,11,ALB,2.1396840992102226,2.3377539414105613,1.9416142570098842,0.6125855445861816,0.42484956979751587
2007-04-30,12,STLD,2.1097761058516995,1.521723597981647,2.697828613721752,0.4383251368999481,0.546167254447937
2007-04-30,13,CE,2.010096908790242,1.3118655963073513,2.708328221273133,0.39351069927215576,0.5478516817092896
2007-04-30,14,DECK,1.9594748032799847,2.094653416728496,1.8242961898314736,0.5606722831726074,0.40602850914001465
2007-04-30,15,CLF,1.9380551149051142,1.318197246270783,2.5579129835394454,0.3948628008365631,0.523720920085907
2007-04-30,16,NRG,1.917475066477612,1.649831177106867,2.1851189558483566,0.4656820595264435,0.4639144539833069
2007-04-30,17,OI,1.9054139649518258,1.3163409726883015,2.49448695721535,0.3944664001464844,0.5135456323623657
2007-04-30,18,TPL,1.9043246067206883,1.8853702583656986,1.9232789550756781,0.51598060131073,0.42190808057785034
2007-04-30,19,ES,1.771724256258481,2.0340764592657554,1.5093720532512063,0.5477362871170044,0.35550597310066223
2007-04-30,20,PWR,1.6988465396350692,1.5941863724656042,1.803506706804534,0.453799307346344,0.4026933014392853
2007-05-31,1,GT,3.8515997157907194,3.2932651269300854,4.409934304651353,0.8652981519699097,0.774543821811676
2007-05-31,2,CF,3.521923697062272,3.152565368282725,3.891282025841819,0.8344024419784546,0.6959429979324341
2007-05-31,3,ALGN,3.104075433397533,3.665275957624069,2.542874909170996,0.9469865560531616,0.4915943145751953
2007-05-31,4,BIGGQ,2.5480875833372076,3.0016890190865233,2.094486147587892,0.8012720942497253,0.42364180088043213
2007-05-31,5,OI,2.4230772888877024,1.6223356518380716,3.2238189259373335,0.4983852803707123,0.5947901606559753
2007-05-31,6,MOS,2.366408479035537,2.4327456484253953,2.3000713096456784,0.6763400435447693,0.4547978639602661
2007-05-31,7,INCY,2.316470550303773,2.1515898850532915,2.4813512155542545,0.6146021485328674,0.4822705090045929
2007-05-31,8,BKNG,2.2641279646556547,3.0991865165201817,1.4290694127911274,0.822681188583374,0.32279908657073975
2007-05-31,9,DLX,2.2409644996939315,1.6837957061698925,2.7981332932179703,0.5118810534477234,0.5302782654762268
2007-05-31,10,AMZN,2.160976141706023,1.8798829791937945,2.442069304218252,0.5549390912055969,0.4763174057006836
2007-05-31,11,NRG,2.1106532917013494,1.6584645705211143,2.562842012881584,0.5063186883926392,0.49462029337882996
2007-05-31,12,CLF,2.0918369327324413,1.5925380920025314,2.5911357734623515,0.4918421506881714,0.4989081621170044
2007-05-31,13,ON,2.032425840756952,1.180080803768983,2.884770877744921,0.4012722671031952,0.5434080362319946
2007-05-31,14,TEX,2.009605083040368,2.026839721883761,1.9923704441969745,0.5872087478637695,0.4081663489341736
2007-05-31,15,ICE,1.987416241641215,1.981034342498674,1.993798140783756,0.5771505236625671,0.40838271379470825
2007-05-31,16,PCAR,1.9711135945079752,2.101120608231215,1.841106580784735,0.6035197973251343,0.3852425813674927
2007-05-31,17,CMI,1.8918057041572718,1.9885464692341348,1.795064939080409,0.5788000822067261,0.37826505303382874
2007-05-31,18,PWR,1.869715689495505,1.755276679697969,1.9841546992930406,0.52757728099823,0.40692126750946045
2007-05-31,19,CE,1.8615138031207503,1.265033388855539,2.4579942173859615,0.4199266731739044,0.47873079776763916
2007-05-31,20,TPL,1.8233046090107825,1.6843136153952316,1.9622956026263336,0.5119947791099548,0.4036085605621338
2007-06-30,1,GT,3.745333440387494,3.562554055017728,3.9281128257572604,1.0255117416381836,0.7443366646766663
2007-06-30,2,CF,3.4061662342515704,3.300518385306835,3.5118140831963056,0.9660999774932861,0.6771590113639832
2007-06-30,3,ALGN,3.371980299279117,4.0066138246377685,2.737346773920465,1.1261941194534302,0.5521841049194336
2007-06-30,4,MA,3.0368513286432743,4.357851045873016,1.715851611413533,1.205830693244934,0.3873465955257416
2007-06-30,5,CLF,3.0239680669896103,2.935960974589843,3.111975159389378,0.883443295955658,0.612637460231781
2007-06-30,6,DLX,2.64289568642746,2.3342372076507285,2.951554165204192,0.747013509273529,0.5867505073547363
2007-06-30,7,DECK,2.5896257814505836,3.042860299429252,2.136391263471915,0.9076807498931885,0.45520859956741333
2007-06-30,8,OI,2.5254953890247114,2.0966596971459186,2.9543310809035046,0.6931471824645996,0.5871986150741577
2007-06-30,9,MOS,2.52367786463142,2.6312336099357436,2.416122119327096,0.8143519759178162,0.5003484487533569
2007-06-30,10,ICE,2.4911791130193524,3.2574707422186426,1.7248874838200623,0.9563397169113159,0.38880470395088196
2007-06-30,11,AMZN,2.3729514193718293,2.0915591757950964,2.6543436629485617,0.6919907331466675,0.5387899875640869
2007-06-30,12,CE,2.113420704044445,1.7749961409906665,2.4518452670982236,0.620215892791748,0.5061130523681641
2007-06-30,13,BKNG,2.08294751343075,2.071058508003057,2.094836518858443,0.6873425841331482,0.44850295782089233
2007-06-30,14,ON,2.031493406496918,1.5780900436755805,2.484896769318256,0.5755710601806641,0.5114465355873108
2007-06-30,15,PWR,2.0041909590548044,1.6378498990776813,2.3705320190319275,0.5891205072402954,0.4929916262626648
2007-06-30,16,MGM,1.8268212014923288,1.9125564289364083,1.7410859740482496,0.6514051556587219,0.3914186358451843
2007-06-30,17,TEX,1.8210873719201983,1.7597092985749208,1.8824654452654759,0.6167498826980591,0.41423287987709045
2007-06-30,18,CMI,1.7992554477398732,1.4528872553246275,2.1456236401551187,0.547183632850647,0.4566984176635742
2007-06-30,19,NRG,1.7785633287221452,1.54944200150437,2.0076846559399204,0.5690756440162659,0.43443936109542847
2007-06-30,20,MLM,1.7684407255527477,1.4209857314382444,2.1158957196672508,0.5399505496025085,0.45190125703811646
2007-07-31,1,CF,4.838189100681237,5.314159982329015,4.36221821903346,1.4384149312973022,0.8494358062744141
2007-07-31,2,MA,3.4897884399363854,4.4824051008533825,2.4971717790193884,1.2444422245025635,0.5243946313858032
2007-07-31,3,ALGN,3.4285329207283173,4.225675902011081,2.6313899394455538,1.1845706701278687,0.5477862358093262
2007-07-31,4,GT,3.2118250685640746,4.041083948581865,2.3825661885462837,1.1415221691131592,0.5044211149215698
2007-07-31,5,MOS,3.00470578793879,3.063768729701661,2.9456428461759194,0.9136034846305847,0.6025543808937073
2007-07-31,6,DECK,2.873216934028564,3.2709259998790663,2.4755078681780622,0.9619144201278687,0.5206190347671509
2007-07-31,7,OI,2.732923861538505,2.3037186443426245,3.1621290787343854,0.7363529801368713,0.6402837038040161
2007-07-31,8,DLX,2.614019964476312,2.92352302035338,2.304516908599244,0.8808969259262085,0.49081864953041077
2007-07-31,9,BKNG,2.410435133495321,2.721620315829975,2.0992499511606675,0.8338114023208618,0.45504462718963623
2007-07-31,10,AXON,2.2758664121900325,1.5821141193126909,2.9696187050673744,0.5680683255195618,0.6067329049110413
2007-07-31,11,ICE,2.2294236522865223,3.1631937301911135,1.2956535743819315,0.9367902874946594,0.3149934709072113
2007-07-31,12,CLF,2.143658970499243,2.0667517649467255,2.220566176051761,0.6810901761054993,0.47618767619132996
2007-07-31,13,AMZN,2.118330301602607,1.5912392595211045,2.6454213436841094,0.5701963901519775,0.5502316355705261
2007-07-31,14,AAPL,1.982432147113293,2.3904173163331404,1.5744469778934458,0.756571888923645,0.36358171701431274
2007-07-31,15,CMI,1.9785099872402934,1.3543942940226203,2.6026256804579666,0.5149620175361633,0.5427731871604919
2007-07-31,16,TPL,1.9169077699161623,2.326301852019156,1.5075136878131685,0.7416195869445801,0.3519165515899658
2007-07-31,17,NOV,1.9148082797339145,1.283782378043021,2.545834181424808,0.4984946846961975,0.5328755378723145
2007-07-31,18,CE,1.8760049607842613,1.9267381264975072,1.8252717950710153,0.6484377384185791,0.4072955846786499
2007-07-31,19,MGM,1.8688774488251518,2.164447990588974,1.5733069070613297,0.7038738131523132,0.363383024930954
2007-07-31,20,MLM,1.8577644658062642,1.6562278011381708,2.0593011304743576,0.5853523015975952,0.4480823278427124
2007-08-31,1,CF,3.7051504569764298,4.349740730738648,3.060560183214211,1.2691725492477417,0.6347902417182922
2007-08-31,2,AMZN,3.5598091940621286,3.5635812587271403,3.5560371293971165,1.0718536376953125,0.7347440719604492
2007-08-31,3,ALGN,3.4222336740444357,4.675409456980931,2.1690578911079403,1.3509124517440796,0.4549452066421509
2007-08-31,4,ISRG,3.113348910861329,2.494323235558514,3.732374586164144,0.8034795522689819,0.7703170776367188
2007-08-31,5,MA,3.0231736994662746,4.308370290812082,1.7379771081204674,1.2587889432907104,0.3679821789264679
2007-08-31,6,OI,2.9906047170417684,3.1645477301320737,2.8166617039514636,0.9716998338699341,0.5855879783630371
2007-08-31,7,MOS,2.9143417927118778,2.7709728540222667,3.0577107314014893,0.8729161024093628,0.6342154145240784
2007-08-31,8,AXON,2.7765684404395437,2.2774055619159497,3.275731318963137,0.7490351796150208,0.6781972646713257
2007-08-31,9,DECK,2.7749002163973286,2.810777131365509,2.7390233014291483,0.8829066157341003,0.5699257850646973
2007-08-31,10,NOV,2.4590720791732417,1.6163588513238494,3.3017853070226337,0.5831184387207031,0.6834532022476196
2007-08-31,11,CMI,2.4529702536474973,2.1547825121756277,2.7511579951193674,0.7182579040527344,0.5723737478256226
2007-08-31,12,BKNG,2.3253091179702525,2.7369262130448604,1.9136920228956449,0.8643707036972046,0.4034295976161957
2007-08-31,13,NVDA,2.0431358786062472,2.1857258002130977,1.9005459569993965,0.7260243892669678,0.4007776081562042
2007-08-31,14,FCX,2.040106216861196,1.6925016627592302,2.3877107709631615,0.6022295951843262,0.49905461072921753
2007-08-31,15,GRMN,2.029602962468396,1.6013151413422864,2.4578907835945056,0.5793426036834717,0.5132122039794922
2007-08-31,16,AAPL,1.9875987139475666,1.9308891812589828,2.04430824663615,0.6620627045631409,0.42977914214134216
2007-08-31,17,MTW,1.9714732623045705,2.021423827574907,1.9215226970342345,0.6847860813140869,0.40500929951667786
2007-08-31,18,GME,1.9451078684428453,1.9322249908922198,1.9579907459934707,0.6623979806900024,0.4123660922050476
2007-08-31,19,TEX,1.9380058709781067,1.899360986710106,1.9766507552461074,0.6541494131088257,0.4161304235458374
2007-08-31,20,GT,1.8900419327822677,3.1167316821938953,0.6633521833706403,0.9596984386444092,0.15119534730911255
2007-09-30,1,CF,3.5688659923414794,4.737257243457346,2.4004747412256124,1.3869763612747192,0.4944358170032501
2007-09-30,2,AMZN,3.298828154689117,3.0496722766713438,3.5479840327068906,0.9524128437042236,0.7137561440467834
2007-09-30,3,ISRG,3.0388702950136826,2.659293176034511,3.4184474139928542,0.8518878221511841,0.6889981627464294
2007-09-30,4,ALGN,2.9399422386006773,4.36494659852288,1.5149378786784746,1.2911040782928467,0.3251855671405792
2007-09-30,5,GME,2.894977325011621,2.578472367229533,3.2114822827937086,0.8310759663581848,0.6494414806365967
2007-09-30,6,OI,2.853816210767909,3.1401214937757236,2.567510927760095,0.9757040739059448,0.5263609886169434
2007-09-30,7,GRMN,2.770879333042079,2.4429536256790425,3.098805040405116,0.7961790561676025,0.6279057860374451
2007-09-30,8,MOS,2.7410115884144184,3.0428981103302544,2.4391250664985824,0.950668454170227,0.5018229484558105
2007-09-30,9,BKNG,2.551417133895935,2.8851361415292573,2.2176981262626123,0.9100437760353088,0.4595022201538086
2007-09-30,10,CMI,2.4967913768874395,2.2011492651052795,2.792433488669599,0.7339129447937012,0.5693498253822327
2007-09-30,11,NOV,2.4815098625621985,1.9647478496122832,2.9982718755121134,0.673038125038147,0.6086911559104919
2007-09-30,12,CMG,2.4690908840809813,2.2463778086273254,2.6918039595346372,0.745559573173523,0.550116777420044
2007-09-30,13,MPWR,2.4180470093722484,2.5182937158813994,2.317800302863098,0.8155795931816101,0.47863447666168213
2007-09-30,14,AXON,2.309050848399285,1.7226189697598278,2.895482727038743,0.6106884479522705,0.5890453457832336
2007-09-30,15,AAPL,2.256422838287422,2.121592276030444,2.3912534005443997,0.7134265303611755,0.4926733672618866
2007-09-30,16,DECK,2.1591496680554383,2.5801118608464924,1.738187475264384,0.8314981460571289,0.36785465478897095
2007-09-30,17,NVDA,1.987747325195652,1.5408282232690715,2.4346664271222322,0.563876211643219,0.5009707808494568
2007-09-30,18,MA,1.979326987053522,2.8491707485164732,1.1094832255905707,0.9007824659347534,0.24769212305545807
2007-09-30,19,WBD,1.886293734345176,1.6185614695501724,2.1540259991401793,0.5838930010795593,0.4473327398300171
2007-09-30,20,CLF,1.834264301972265,2.249966038198144,1.418562565746386,0.746483564376831,0.306765615940094
2007-10-31,1,CF,3.827941164482484,4.697993390363115,2.9578889386018536,1.4946433305740356,0.678474485874176
2007-10-31,2,AMZN,3.4757717325571225,3.1740366967954565,3.7775067683187884,1.064732313156128,0.8505955338478088
2007-10-31,3,MOS,3.2658003214682463,3.4860143517565043,3.045586291179988,1.15274178981781,0.6968910694122314
2007-10-31,4,GRMN,3.0823934338230536,2.636389864802193,3.528397002843914,0.9130611419677734,0.7982820868492126
2007-10-31,5,MPWR,2.9271209577697013,2.9008888560476214,2.953353059491781,0.9876767992973328,0.6775219440460205
2007-10-31,6,NOV,2.6390428955964085,2.6021371753940468,2.6759486157987697,0.9033983945846558,0.6192665696144104
2007-10-31,7,CMG,2.630041612324301,2.4709300674935224,2.789153157155079,0.8663846254348755,0.6430397033691406
2007-10-31,8,ISRG,2.463675883277375,2.164153681116066,2.763198085438684,0.7798424363136292,0.6375890970230103
2007-10-31,9,OI,2.4476193708954144,2.904950227649108,1.9902885141417206,0.9888225197792053,0.4752768576145172
2007-10-31,10,GME,2.4461026005706583,2.5547113335960416,2.337493867545275,0.8900194764137268,0.5481905341148376
2007-10-31,11,AXON,2.4290988242835128,1.9414296429223226,2.916768005644703,0.717011570930481,0.6698390245437622
2007-10-31,12,WYNN,2.3773441441376746,2.6114135492777044,2.1432747389976448,0.9060152769088745,0.5074042081832886
2007-10-31,13,BKNG,2.339992086994314,2.5213114012258524,2.1586727727627757,0.8805972933769226,0.5106378197669983
2007-10-31,14,CMI,2.299923564186668,2.140455022134819,2.4593921062385173,0.773157000541687,0.5737893581390381
2007-10-31,15,NVDA,2.155533770689578,1.5556847009999715,2.755382840379185,0.6081922054290771,0.6359478831291199
2007-10-31,16,ALGN,2.0963075645882325,2.2360766380019674,1.9565384911744976,0.8001320362091064,0.4681892991065979
2007-10-31,17,DECK,2.0926746941499164,2.3835252178426996,1.801824170457133,0.8417275547981262,0.4356990456581116
2007-10-31,18,AAPL,1.9812372258444348,1.8455348320972758,2.116939619591594,0.6899594664573669,0.501873791217804
2007-10-31,19,J,1.9608500632104342,1.8969267547573923,2.024773371663476,0.7044572234153748,0.48251873254776
2007-10-31,20,FCX,1.9584345006555859,1.959736029265887,1.9571329720452846,0.7221758365631104,0.46831414103507996
2007-11-30,1,CF,3.880462347337403,4.537526140831928,3.2233985538428778,1.4919257164001465,0.7959826588630676
2007-11-30,2,MOS,3.7233074134285493,3.9450935121103186,3.5015213147467796,1.3160415887832642,0.8612437844276428
2007-11-30,3,ISRG,3.6505589837441095,3.52939209688174,3.7717258706064793,1.1926262378692627,0.9246469140052795
2007-11-30,4,CMG,2.7015295906668277,2.3476913295860613,3.055367851747594,0.8417974710464478,0.7565544843673706
2007-11-30,5,DECK,2.6058323933685403,2.768223400660343,2.4434413860767377,0.9666469693183899,0.612966775894165
2007-11-30,6,AAPL,2.4768702521228834,2.3797813315980183,2.573959172647748,0.8513244986534119,0.6435925960540771
2007-11-30,7,MA,2.3989384918555845,2.6961333758698403,2.1017436078413287,0.945244550704956,0.5327878594398499
2007-11-30,8,NOV,2.3271540372752986,2.4962418769479195,2.158066197602677,0.8858998417854309,0.5460038781166077
2007-11-30,9,GME,2.3238350947143442,2.346369880902448,2.3013003085262405,0.8414051532745361,0.5796135663986206
2007-11-30,10,J,2.2455273961708704,2.328553211116684,2.1625015812250563,0.8361156582832336,0.5470446348190308
2007-11-30,11,GRMN,2.2003415462549567,1.925531037784933,2.47515205472498,0.7164645791053772,0.6204076409339905
2007-11-30,12,MNST,2.1831881576489565,2.0776114713144134,2.2887648439834996,0.7616149187088013,0.5766721367835999
2007-11-30,13,BKNG,2.179209672644523,2.333454536961876,2.02496480832717,0.8375707864761353,0.5147718191146851
2007-11-30,14,OI,2.1593613866907226,2.8276410096335143,1.4910817637479314,0.9842871427536011,0.38949689269065857
2007-11-30,15,ATGE,2.1199337579256943,2.248554570928902,1.9913129449224864,0.8123652935028076,0.5068754553794861
2007-11-30,16,WYNN,2.0806755492470166,2.382412785243737,1.7789383132502958,0.8521057367324829,0.45704203844070435
2007-11-30,17,FCX,2.0704654561090075,1.8933589220519795,2.247571990166035,0.7069131731987,0.5670062899589539
2007-11-30,18,AXON,2.051064535078599,1.4703254943764918,2.631803575780706,0.5813210606575012,0.6571657061576843
2007-11-30,19,MPWR,1.9993351438458002,2.14384451913028,1.8548257685613203,0.7812784910202026,0.4748489260673523
2007-11-30,20,FLR,1.9424338872236806,1.8986242385479446,1.9862435358994166,0.7084763646125793,0.5056859254837036
2007-12-31,1,FSLR,5.702462126711063,6.297536906293457,5.107387347128668,2.125831127166748,1.2485970258712769
2007-12-31,2,CF,3.5140235945614986,4.043152740525845,2.9848944485971516,1.3877896070480347,0.7106305956840515
2007-12-31,3,ISRG,3.492010503995363,3.380338107829683,3.6036829001610426,1.1707969903945923,0.867468535900116
2007-12-31,4,MOS,3.127058083778903,3.4010298317332,2.8530863358246052,1.1775710582733154,0.6772225499153137
2007-12-31,5,BKNG,2.8122208288578,3.037000779158664,2.5874408785569356,1.0583950281143188,0.6098921298980713
2007-12-31,6,DECK,2.420017508378008,2.706256180584528,2.1337788361714884,0.9501156806945801,0.49490708112716675
2007-12-31,7,GRMN,2.169247819193597,2.107177519470874,2.23131811891632,0.7539889812469482,0.5196293592453003
2007-12-31,8,CMG,2.1113133325533777,2.345147273717766,1.877479391388989,0.831895649433136,0.4299454987049103
2007-12-31,9,ATGE,2.1026081451566823,2.075637251260142,2.129579039053223,0.7436633110046387,0.49384260177612305
2007-12-31,10,GME,1.957981044846651,1.9966919067656057,1.9192701829276966,0.7178181409835815,0.44053778052330017
2007-12-31,11,OI,1.8619241710166388,2.4464285740434275,1.2774197679898502,0.8650531768798828,0.2778545618057251
2007-12-31,12,PRGO,1.8476396933579045,1.6952070261724128,2.0000723605433963,0.6191178560256958,0.4610178768634796
2007-12-31,13,AAPL,1.8466207428241699,1.9029495673145316,1.790291918333808,0.6871287226676941,0.40784698724746704
2007-12-31,14,NOV,1.8120178428579399,1.9957386127369316,1.6282970729789479,0.7175060510635376,0.3667878210544586
2007-12-31,15,J,1.776359602936047,1.9176890296291558,1.6350301762429384,0.6919541358947754,0.3684943914413452
2007-12-31,16,AMZN,1.7600769062427406,2.274200422971838,1.245953389513643,0.8086690306663513,0.2698791027069092
2007-12-31,17,LKQ,1.7471971444651657,1.482840389969128,2.0115538989612034,0.5495931506156921,0.4639279842376709
2007-12-31,18,FOSL,1.7454764168476151,2.0143577050089694,1.4765951286862609,0.7236015796661377,0.32833749055862427
2007-12-31,19,ILMN,1.7428860437016347,1.0494735799690273,2.436298507434242,0.4077172875404358,0.57158362865448
2007-12-31,20,DE,1.6200090777153031,1.630179119061358,1.609839036369248,0.5978289842605591,0.3621094524860382
2008-01-31,1,FSLR,5.100300772657523,5.958371014683105,4.2422305306319394,2.191923141479492,1.0958834886550903
2008-01-31,2,MOS,3.7203642784659143,3.993806889945735,3.4469216669860936,1.4853851795196533,0.882830798625946
2008-01-31,3,ISRG,3.2726269969763013,3.2401697067438517,3.3050842872087505,1.2143462896347046,0.8448344469070435
2008-01-31,4,CF,3.1722958179488296,3.9192936837993693,2.4252979520982896,1.4585871696472168,0.6091513633728027
2008-01-31,5,CMG,2.342446711576148,2.4991839708510835,2.185709452301213,0.9478573799133301,0.5449687838554382
2008-01-31,6,BKNG,2.3120908837575023,2.556380326186034,2.06780144132897,0.9684275388717651,0.5133827924728394
2008-01-31,7,J,2.14123235798651,2.233567716299464,2.0488969996735555,0.8523308634757996,0.5083185434341431
2008-01-31,8,DECK,2.1306664420762003,2.505979383796068,1.7553535003563319,0.9503012895584106,0.4296821355819702
2008-01-31,9,PRGO,2.091073432041072,1.8474764902207177,2.334670373861426,0.7134765982627869,0.5848734378814697
2008-01-31,10,AAPL,2.0902892319257793,2.221258177602258,1.9593202862493009,0.847903847694397,0.48432213068008423
2008-01-31,11,OI,2.026536413434344,2.6077667211239453,1.4453061057447434,0.9869081974029541,0.34662455320358276
2008-01-31,12,GME,2.0011792360094356,2.1234360189170998,1.8789224531017712,0.8127229809761047,0.46278461813926697
2008-01-31,13,CNX,1.956018937239403,2.1086020245841195,1.8034358498946865,0.8073880672454834,0.4425627589225769
2008-01-31,14,NOV,1.8660317119183638,2.2995695028272105,1.4324939210095173,0.8760678172111511,0.34319233894348145
2008-01-31,15,LKQ,1.842261804501271,1.5418537791355187,2.1426698298670237,0.6035621166229248,0.533439040184021
2008-01-31,16,DE,1.7822689550904014,1.7720827409550723,1.7924551692257304,0.6863619089126587,0.4396211802959442
2008-01-31,17,AMZN,1.7599232505837459,2.236633789649111,1.2832127115183811,0.8534335494041443,0.3032018840312958
2008-01-31,18,INCY,1.724946062563022,1.3730180469986506,2.076874078127393,0.5428418517112732,0.5158132314682007
2008-01-31,19,ATGE,1.6629518900125937,1.5895817684993707,1.7363220115258167,0.6207270622253418,0.4245838522911072
2008-01-31,20,NDAQ,1.6197298083203018,1.1832143507588688,2.0562452658817345,0.47458064556121826,0.5102870464324951
2008-02-29,1,MOS,4.486055779115663,4.858832059760566,4.11327949847076,1.518365740776062,0.8841503262519836
2008-02-29,2,FSLR,3.921521528724834,5.505827121864435,2.337215935585233,1.7255101203918457,0.4791669249534607
2008-02-29,3,CF,3.500364604902411,4.039867261832834,2.960861947971988,1.2561628818511963,0.6213725805282593
2008-02-29,4,BKNG,2.8004287098902827,3.0355311494747492,2.565326270305816,0.9346108436584473,0.5311813354492188
2008-02-29,5,INCY,2.702143849967623,1.6084547821963258,3.79583291773892,0.4777126908302307,0.811765193939209
2008-02-29,6,CNX,2.5932420667905602,2.4810532614276797,2.705430872153441,0.7570871114730835,0.5631284117698669
2008-02-29,7,ATGE,2.401002574228018,2.225713776946816,2.57629137150922,0.6753366589546204,0.5336816310882568
2008-02-29,8,PRGO,2.2051834164119244,1.9523395200887323,2.458027312735116,0.5878121256828308,0.5067147016525269
2008-02-29,9,ISRG,2.046921563241548,3.077950182184528,1.0158929442985678,0.9481918811798096,0.1778748482465744
2008-02-29,10,B,2.039952729356588,1.8680186328061572,2.2118868259070186,0.5608156323432922,0.45058900117874146
2008-02-29,11,CLF,2.0184460215035815,2.088544842535589,1.948347200471574,0.6314201354980469,0.3904958963394165
2008-02-29,12,OI,1.9750526238195678,2.6811794186393714,1.2689258289997645,0.8211602568626404,0.23557217419147491
2008-02-29,13,CMG,1.9572612820720399,2.321558167585385,1.5929643965586944,0.7060225605964661,0.30946043133735657
2008-02-29,14,DE,1.9033245244072796,1.9012165170987703,1.905432531715789,0.5714443922042847,0.3807103633880615
2008-02-29,15,RRC,1.7621776944255276,1.7870903075071076,1.7372650813439474,0.5349053144454956,0.3423643112182617
2008-02-29,16,GME,1.740509498083941,2.1700681647121747,1.3109508314557072,0.6575209498405457,0.24515484273433685
2008-02-29,17,MA,1.7054539570149239,2.059939939458778,1.3509679745710699,0.6222618818283081,0.2542796730995178
2008-02-29,18,DECK,1.674641403208942,2.4026909067053155,0.9465918997125687,0.7319983243942261,0.16207261383533478
2008-02-29,19,ILMN,1.604353860552663,1.504024266403819,1.7046834547015068,0.444277822971344,0.33493494987487793
2008-02-29,20,NDAQ,1.5518490161977985,1.0787899953164222,2.0249080370791748,0.30813321471214294,0.40795353055000305
2008-03-31,1,MOS,4.440694237793527,4.507728123986423,4.3736603516006305,1.475906491279602,0.974083662033081
2008-03-31,2,FSLR,3.818029692067159,4.45455954786605,3.1814998362682676,1.457768201828003,0.6818594932556152
2008-03-31,3,CF,3.3195990714306554,3.5576580318393414,3.0815401110219693,1.151793122291565,0.6573572158813477
2008-03-31,4,CNX,2.729263808081882,2.4163423308022183,3.0421852853615454,0.7624369263648987,0.6477105021476746
2008-03-31,5,CLF,2.3243173781466613,2.4052842244263695,2.2433505318669535,0.7586644887924194,0.4518989324569702
2008-03-31,6,RRC,2.316090594474886,2.0974592921518385,2.5347218967979335,0.6536509990692139,0.5233203172683716
2008-03-31,7,PRGO,2.300684927778981,2.236631285542406,2.3647385700155565,0.7011290788650513,0.48165374994277954
2008-03-31,8,EOG,2.2877050172565436,1.8459237572216374,2.7294862772914503,0.5678404569625854,0.5710612535476685
2008-03-31,9,FLS,2.257165292012518,2.3785337791058545,2.1357968049191816,0.7495386600494385,0.4255352020263672
2008-03-31,10,OI,2.250372863328973,2.718015775356838,1.7827299513011072,0.8653518557548523,0.3389909267425537
2008-03-31,11,ILMN,2.2427498291343455,2.432989331440295,2.052510326828396,0.7681159973144531,0.4051198959350586
2008-03-31,12,ISRG,2.1494264535339593,2.911014509325883,1.3878383977420359,0.9311927556991577,0.2421945184469223
2008-03-31,13,BKNG,2.078007591284409,2.459841288189044,1.6961738943797737,0.7772764563560486,0.3177741765975952
2008-03-31,14,B,2.077631735084576,1.8296143126581708,2.3256491575109814,0.5622765421867371,0.4720720946788788
2008-03-31,15,INCY,2.0078350841779,1.4585380637189442,2.5571321046368554,0.43568506836891174,0.5288135409355164
2008-03-31,16,NFLX,1.9873267537737127,1.1712459581059698,2.8034075494414554,0.3376762866973877,0.5891809463500977
2008-03-31,17,LKQ,1.9177026143672413,2.147727716469701,1.6876775122647818,0.6707999110221863,0.3156915307044983
2008-03-31,18,TTWO,1.905594158678654,1.3479147180918967,2.463273599265411,0.3979462683200836,0.5058068037033081
2008-03-31,19,APA,1.8695966796000976,1.7170508931944413,2.0221424660057536,0.523875892162323,0.3976760804653168
2008-03-31,20,MA,1.8063538459374902,1.871396661125202,1.7413110307497783,0.5765304565429688,0.3288382589817047
2008-04-30,1,FSLR,3.950107258428604,4.641675074978576,3.258539441878632,1.4915876388549805,0.6745456457138062
2008-04-30,2,MOS,3.6888505572692036,4.214926245817276,3.162774868721131,1.3476736545562744,0.6507825255393982
2008-04-30,3,PRGO,2.6695279108621444,2.4916779028081053,2.847377918916183,0.7665366530418396,0.5725196003913879
2008-04-30,4,ILMN,2.5573024942843894,3.0411267678918446,2.073478220676934,0.951829195022583,0.38048332929611206
2008-04-30,5,ISRG,2.527017326055123,3.1286147707516943,1.9254198813585517,0.9813330769538879,0.3437439799308777
2008-04-30,6,CF,2.4773825715577638,3.156379083413171,1.7983860597023567,0.990696132183075,0.3122216761112213
2008-04-30,7,MA,2.314484851643697,2.4291266310686765,2.199843072218717,0.745442271232605,0.41183963418006897
2008-04-30,8,RRC,2.235053975817544,2.1305042916661407,2.3396036599689474,0.6447368264198303,0.44651997089385986
2008-04-30,9,BKNG,2.216604368277435,2.648574036132554,1.7846347004223162,0.8194472789764404,0.30880939960479736
2008-04-30,10,EOG,2.1813410192116676,1.7740024291985848,2.58867960922475,0.5245124697685242,0.5083259344100952
2008-04-30,11,NEU,2.1809263889665846,2.0868736727564428,2.274979105176727,0.6300231218338013,0.43048396706581116
2008-04-30,12,OI,2.163139680914036,2.5428389592186305,1.7834404026094415,0.783789873123169,0.3085130453109741
2008-04-30,13,CNX,2.0368989026957265,1.9282323500247942,2.145565455366659,0.5765239596366882,0.3983711302280426
2008-04-30,14,NFLX,2.0079872286380542,1.4094601288216062,2.606514328454502,0.40157660841941833,0.5127514600753784
2008-04-30,15,LKQ,1.9625796382338339,2.355668367399096,1.5694909090685716,0.720669686794281,0.2554233968257904
2008-04-30,16,CLF,1.9479971174812074,2.0977288781263033,1.7982653568361118,0.6336838603019714,0.3121917247772217
2008-04-30,17,FLS,1.9264098314937212,2.0269958600987747,1.8258238028886677,0.6098303198814392,0.31903010606765747
2008-04-30,18,INCY,1.8476678485373168,1.6027897863969331,2.0925459106777007,0.4667738378047943,0.38521480560302734
2008-04-30,19,APA,1.7854435863650737,1.8305277248747085,1.7403594478554387,0.5435746908187866,0.29782289266586304
2008-04-30,20,HP,1.7547676170971491,1.524319273000385,1.985215961193913,0.4403109550476074,0.3585818409919739
2008-05-31,1,FSLR,3.906292944279999,4.744639676525843,3.0679462120341556,1.5825417041778564,0.6090110540390015
2008-05-31,2,MOS,3.5764754724593213,4.285727889829215,2.8672230550894273,1.4238024950027466,0.562558650970459
2008-05-31,3,CF,2.9696535668089608,3.6861926239945486,2.2531145096233733,1.216421127319336,0.4204384386539459
2008-05-31,4,CLF,2.6498387501736858,2.615609541892363,2.6840679584550085,0.8461026549339294,0.5201719403266907
2008-05-31,5,PRGO,2.6145263725345242,2.413732103281485,2.8153206417875634,0.7762725353240967,0.5505471229553223
2008-05-31,6,MA,2.4544436552648587,2.817259695961305,2.091627614568413,0.9158541560173035,0.3830662965774536
2008-05-31,7,FLS,2.32656432950112,2.245673880784308,2.407454778217932,0.7181406021118164,0.4561566710472107
2008-05-31,8,ILMN,2.2677092573942996,2.6848854911796716,1.8505330236089275,0.870065450668335,0.3272709250450134
2008-05-31,9,HP,2.1991463074575783,1.6583587346315751,2.7399338802835818,0.5149862170219421,0.5331007242202759
2008-05-31,10,BKNG,2.184899515989553,2.569957399702286,1.7998416322768196,0.8303114175796509,0.3155396580696106
2008-05-31,11,CNX,2.049478026116409,2.0947710748345587,2.0041849773982596,0.6659427881240845,0.36282986402511597
2008-05-31,12,RRC,2.0164009492588715,1.9034238548421074,2.1293780436756355,0.5997551083564758,0.39180269837379456
2008-05-31,13,EOG,1.9803291645608467,1.8433693856622297,2.1172889434594637,0.5789820551872253,0.38900497555732727
2008-05-31,14,APA,1.7780340790293163,1.9796022581827346,1.5764658998758978,0.6261054873466492,0.26384487748146057
2008-05-31,15,CTRA,1.7385213678741547,1.4723626095331939,2.0046801262151157,0.4506494998931885,0.36294445395469666
2008-05-31,16,OI,1.6461979003113352,1.9210841566873913,1.371311643935279,0.6058638691902161,0.21636700630187988
2008-05-31,17,CSX,1.6171266946380127,1.2971665495981,1.9370868396779257,0.3900485634803772,0.3473016619682312
2008-05-31,18,STLD,1.5649213091121714,1.5107630135406842,1.6190796046836586,0.4639323353767395,0.2737067639827728
2008-05-31,19,SPXC,1.5448704775055533,1.793621296874869,1.2961196581362378,0.5617740154266357,0.19896568357944489
2008-05-31,20,LKQ,1.5128628917269888,2.0664778541532636,0.959247929300714,0.656156063079834,0.12100506573915482
2008-06-30,1,CLF,3.293882766350907,2.6919312030407623,3.8958343296610516,0.8880492448806763,0.8631117343902588
2008-06-30,2,MOS,3.2439066046304124,3.769486804931567,2.7183264043292574,1.2718149423599243,0.5945923924446106
2008-06-30,3,CF,2.6273431349878145,3.345315309534085,1.909370960441544,1.120748519897461,0.41011789441108704
2008-06-30,4,FSLR,2.3412654193162736,4.042854540117736,0.639676298514812,1.3691734075546265,0.12057625502347946
2008-06-30,5,HP,2.3330085798674745,1.9370670627843232,2.7289500969506255,0.6192083954811096,0.5970150232315063
2008-06-30,6,CNX,2.2398774285301,2.1729528494724106,2.3068020075877893,0.7032178640365601,0.5007482171058655
2008-06-30,7,MA,2.1238982493999723,2.2421791175259544,2.0056173812739897,0.7278724312782288,0.4320659637451172
2008-06-30,8,ILMN,2.0577705258651635,2.6626239908756206,1.4529170608547064,0.8776116371154785,0.30602797865867615
2008-06-30,9,CTRA,1.9996548021550336,1.427859899840648,2.571449704469419,0.4378569722175598,0.561098575592041
2008-06-30,10,FLS,1.9932203956097108,2.1615453726950644,1.8248954185243569,0.6991551518440247,0.3908540606498718
2008-06-30,11,RRC,1.9581804902669158,1.692703449426538,2.2236575311072935,0.532179594039917,0.48178791999816895
2008-06-30,12,CSX,1.8628673134272506,1.409804267904708,2.3159303589497933,0.4314265549182892,0.5028298497200012
2008-06-30,13,EOG,1.8534385116810594,1.654756907458087,2.0521201159040316,0.5186651349067688,0.44267046451568604
2008-06-30,14,TTWO,1.8361984327141385,0.966709375029546,2.705687490398731,0.2736206650733948,0.5917102098464966
2008-06-30,15,WDC,1.79589525158204,2.1379505179977474,1.4538399851663328,0.6907519698143005,0.30623844265937805
2008-06-30,16,R,1.7804143697769552,1.1091866863787812,2.4516420531751293,0.32436320185661316,0.5337775945663452
2008-06-30,17,WFRD,1.7083348377526786,1.6541584253795407,1.7625112501258167,0.518451988697052,0.37662795186042786
2008-06-30,18,NEU,1.7045235161823973,1.613963558958296,1.7950834734064984,0.5041368007659912,0.3840557336807251
2008-06-30,19,FMC,1.6360355095689068,1.8223809261537778,1.4496900929840357,0.5783635377883911,0.3052920997142792
2008-06-30,20,BKNG,1.6127757802513565,2.380786797057766,0.8447647634449469,0.777236819267273,0.16734470427036285
2008-07-31,1,CLF,3.4111262341943718,3.1216244206852877,3.7006280477034563,1.126904845237732,0.8627004623413086
2008-07-31,2,MOS,2.8182760600955743,3.56571390497403,2.0708382152171185,1.3105882406234741,0.4277574419975281
2008-07-31,3,HP,2.398167885332993,2.1243925715310374,2.6719431991349487,0.7144318222999573,0.5881747007369995
2008-07-31,4,CNX,2.368098922062537,2.5656293424337155,2.170568501691358,0.8969352841377258,0.4543725252151489
2008-07-31,5,CF,2.1849130362213147,2.666754832826567,1.703071239616063,0.9387626051902771,0.32961124181747437
2008-07-31,6,CTRA,2.14265335367454,1.8737845250340122,2.4115221823150677,0.6107758283615112,0.5186759829521179
2008-07-31,7,ILMN,2.0774479731881192,2.2433867172952655,1.9115092290809728,0.7636499404907227,0.3852372169494629
2008-07-31,8,NBR,2.0007576249897783,1.33650227244153,2.665012977538026,0.3885462284088135,0.5863252282142639
2008-07-31,9,FLS,1.8904072503037368,1.9798015340759114,1.8010129665315622,0.6546263694763184,0.3557490110397339
2008-07-31,10,EOG,1.8708107956346076,1.8227638124128083,1.9188577788564072,0.5896727442741394,0.3871983289718628
2008-07-31,11,WFRD,1.8307001783025427,1.812068587009348,1.8493317695957374,0.5852490067481995,0.3686438798904419
2008-07-31,12,FSLR,1.8221509699083134,3.097490776707165,0.5468111631094619,1.1169227361679077,0.02103940024971962
2008-07-31,13,FMC,1.7687987869268595,1.7438789955475171,1.793718578306202,0.5570445656776428,0.353802353143692
2008-07-31,14,BIGGQ,1.7599012114178452,0.5422386624077655,2.9775637604279246,0.06002451851963997,0.669735848903656
2008-07-31,15,STLD,1.7132121942038667,1.9268047021041774,1.4996196863035562,0.6327059268951416,0.2753159999847412
2008-07-31,16,HAL,1.6028202438226578,1.4612476705414734,1.744392817103842,0.4401431679725647,0.34063875675201416
2008-07-31,17,RRC,1.5729880252832573,1.7596916970959513,1.3862843534705633,0.5635849833488464,0.24507012963294983
2008-07-31,18,APA,1.5721335441584323,1.7016014546054037,1.442665633711461,0.5395578145980835,0.2601166367530823
2008-07-31,19,DVN,1.5279082981282208,1.448186160022037,1.6076304362344047,0.43474069237709045,0.3041408956050873
2008-07-31,20,CSX,1.5270661987551062,1.2300587830366254,1.824073614473587,0.3445192873477936,0.36190322041511536
2008-08-31,1,CLF,3.1981834934083855,3.256972126159001,3.13939486065777,1.1465635299682617,0.7560676336288452
2008-08-31,2,MOS,2.493342865467292,3.445138875234467,1.5415468557001162,1.2198995351791382,0.33574920892715454
2008-08-31,3,CF,2.4432359939451356,3.00221184301672,1.8842601448735516,1.0472733974456787,0.4259009063243866
2008-08-31,4,FSLR,2.3370525701741123,2.698793277471814,1.9753118628764104,0.9290192127227783,0.44985231757164
2008-08-31,5,FLS,2.0160068160841824,1.9069991885810567,2.1250144435873084,0.620425820350647,0.48923200368881226
2008-08-31,6,ILMN,1.9327886235862606,2.1520383371429315,1.7135389100295897,0.715927243232727,0.38099220395088196
2008-08-31,7,HP,1.8477875549564309,1.8732463705861182,1.8223287393267433,0.6072710156440735,0.40960967540740967
2008-08-31,8,FMC,1.6012920033397742,1.6480592029643797,1.5545248037151689,0.5195066928863525,0.3391630947589874
2008-08-31,9,WAB,1.5957182075272032,1.1048177820151808,2.0866186330392256,0.3077840805053711,0.47913187742233276
2008-08-31,10,BIGGQ,1.5688722075846824,0.7351676785892235,2.402576736580141,0.1637168526649475,0.5622455477714539
2008-08-31,11,NDSN,1.5376611470086496,1.4633715629847799,1.6119507310325194,0.44752663373947144,0.3542691469192505
2008-08-31,12,HAS,1.5139145467304775,1.2033445947359487,1.8244844987250062,0.3461838662624359,0.41017675399780273
2008-08-31,13,NFLX,1.4298298163166074,1.8129739291893268,1.0466857034438883,0.5837804675102234,0.20557458698749542
2008-08-31,14,IT,1.4281663230998207,0.7044858637240731,2.1518467824755683,0.15175893902778625,0.49629032611846924
2008-08-31,15,CSX,1.4040278253674945,1.2575826958278649,1.5504729549071241,0.3673225939273834,0.3380972445011139
2008-08-31,16,VRTX,1.3771146745619816,0.484167464510181,2.270061884613782,0.06589216738939285,0.5273871421813965
2008-08-31,17,PRGO,1.3732684015561516,1.964249642385676,0.7822871607266272,0.6427385807037354,0.13602380454540253
2008-08-31,18,CRM,1.3177123908115531,1.586798804085532,1.0486259775375741,0.4956310987472534,0.2060849815607071
2008-08-31,19,FLR,1.2986657369603538,1.2096952802500553,1.387636193670652,0.3486589789390564,0.29526257514953613
2008-08-31,20,UNP,1.2662609666433335,1.182858623433295,1.3496633098533721,0.3381996750831604,0.2852737009525299
2008-09-30,1,CLF,2.7215031913169447,3.0520749360538226,2.3909314465800673,0.9808273315429688,0.5289283990859985
2008-09-30,2,FSLR,2.2119674131187494,3.0521815313450453,1.3717532948924531,0.9808653593063354,0.2990058362483978
2008-09-30,3,WAB,1.999552402908015,1.581373521197885,2.417731284618145,0.45615607500076294,0.5349743366241455
2008-09-30,4,CF,1.9038750882556268,2.771401013324673,1.0363491631865807,0.8806971907615662,0.2233399897813797
2008-09-30,5,HP,1.5559020177605083,1.9838860288716547,1.1279180066493621,0.5997520089149475,0.24399755895137787
2008-09-30,6,ROST,1.5264122251234247,1.3667621137425328,1.6860623365043166,0.3795936703681946,0.369912713766098
2008-09-30,7,MA,1.5233022951133095,1.912408038402879,1.13419655182374,0.5742523074150085,0.24541397392749786
2008-09-30,8,FLS,1.4860949307233482,2.0496275887309716,0.9225622727157249,0.6232052445411682,0.197670117020607
2008-09-30,9,THC,1.482718045830462,1.9170745062458971,1.048361585415027,0.5759170651435852,0.22604994475841522
2008-09-30,10,CSX,1.4819857979551307,1.6160601803166534,1.347911415593608,0.4685305058956146,0.29362720251083374
2008-09-30,11,STE,1.463338447199391,1.0842188471014027,1.8424580472973793,0.27879664301872253,0.4051949679851532
2008-09-30,12,FMC,1.4607731096196983,1.7002629419058048,1.221283277333592,0.4985697567462921,0.2650603950023651
2008-09-30,13,NSC,1.4601623403023272,1.3724549371874002,1.547869743417254,0.38162457942962646,0.33873701095581055
2008-09-30,14,HAS,1.4510002024272786,1.1569416466881306,1.7450587581664267,0.30474042892456055,0.3832220733165741
2008-09-30,15,UNP,1.443901617266274,1.484326027016418,1.4034772075161297,0.4215344786643982,0.30616262555122375
2008-09-30,16,BIGGQ,1.4115876610231324,0.2838312581755159,2.539344063870749,-0.006740827579051256,0.5624096989631653
2008-09-30,17,MOS,1.3900677407933437,2.917191961192419,-0.13705647960573122,0.9327079653739929,-0.04137568548321724
2008-09-30,18,ILMN,1.3700854452541638,1.9246882169371369,0.8154826735711909,0.5786332488059998,0.17351338267326355
2008-09-30,19,WU,1.3424125907394489,1.38141762966756,1.3034075518113375,0.3848220109939575,0.2835873067378998
2008-09-30,20,HRB,1.2962171013717225,1.0900925316791048,1.5023416710643402,0.2808920741081238,0.3284660577774048
2008-10-31,1,STE,1.4800208066711078,1.4140564536338294,1.5459851597083862,0.3273026943206787,0.34102311730384827
2008-10-31,2,WAB,1.4080291719711555,1.381517901747288,1.4345404421950227,0.3140251934528351,0.30812060832977295
2008-10-31,3,LEG,1.369654316280783,1.0578943561406202,1.6814142764209459,0.18196916580200195,0.3810066878795624
2008-10-31,4,ROST,1.3154259937205715,1.5256131338572874,1.1052388535838553,0.37282389402389526,0.21089887619018555
2008-10-31,5,SCHW,1.294735368051851,1.0894602257531734,1.5000105103505286,0.19484975934028625,0.3274497389793396
2008-10-31,6,MRSH,1.2821270652528625,1.2220949264718464,1.3421592040338786,0.24897193908691406,0.28084632754325867
2008-10-31,7,DLR,1.272010107350373,1.1350382926939397,1.408981922006806,0.21344809234142303,0.30057480931282043
2008-10-31,8,PRGO,1.2674140592493461,2.069122104900851,0.4657060135978414,0.5946051478385925,0.02208566479384899
2008-10-31,9,HAS,1.1867313564824498,1.2053831304881721,1.1680795824767272,0.2421526163816452,0.2294517308473587
2008-10-31,10,NSC,1.1748141233263243,1.2569286082923177,1.0926996383603311,0.263185977935791,0.20719684660434723
2008-10-31,11,ILMN,1.1596252203535553,1.7055703098192554,0.6136801308878551,0.44625622034072876,0.06577297300100327
2008-10-31,12,AMGN,1.1507689590619323,0.7262115631072431,1.5753263550166214,0.046624526381492615,0.3496856987476349
2008-10-31,13,RJF,1.1505291116337082,0.6605172894003558,1.6405409338670605,0.019817685708403587,0.3689393997192383
2008-10-31,14,ATGE,1.1490272572009537,1.3315881442920166,0.9664663701098907,0.29365113377571106,0.16992822289466858
2008-10-31,15,WMT,1.1416076479218682,1.4299446686246646,0.8532706272190715,0.3337859511375427,0.1365087479352951
2008-10-31,16,DOC,1.1354828067850173,1.2113009139596624,1.0596646996103722,0.2445673942565918,0.19744373857975006
2008-10-31,17,EW,1.1350254672592186,0.9995697546939168,1.2704811798245206,0.15816955268383026,0.25968438386917114
2008-10-31,18,WELL,1.124828058237096,1.2059609116467187,1.043695204827473,0.24238838255405426,0.19272896647453308
2008-10-31,19,CNC,1.0970612591465512,0.49528671788786155,1.6988358004052408,-0.04760538414120674,0.38615015149116516
2008-10-31,20,ARE,1.0841908552762725,1.070778817548076,1.0976028930044688,0.18722672760486603,0.20864446461200714
2008-11-30,1,NL,1.6688879301965422,1.662938133673001,1.6748377267200834,0.26881223917007446,0.24202385544776917
2008-11-30,2,AMGN,1.565437462947476,1.1688981748454266,1.9619767510495256,0.03017175942659378,0.3579399585723877
2008-11-30,3,STE,1.5243093512241566,1.453566961151343,1.5950517412969698,0.1676778346300125,0.20981478691101074
2008-11-30,4,GIS,1.4430323659510695,1.4932657392751854,1.3927989926269537,0.18685388565063477,0.12816670536994934
2008-11-30,5,ODFL,1.3815817188518897,1.7170691769356943,1.0460942607680852,0.2949596345424652,-0.01179567538201809
2008-11-30,6,CHD,1.3793975244102978,1.5791464146665295,1.1796486341540664,0.2283375859260559,0.042119331657886505
2008-11-30,7,MRSH,1.3412448550403426,1.4228722649535432,1.259617445127142,0.15285110473632812,0.07440220564603806
2008-11-30,8,WFC,1.3269647109532507,1.19267290995487,1.4612565119516312,0.041655879467725754,0.15580254793167114
2008-11-30,9,DLTR,1.3123584770029733,1.0912455310059779,1.5334714229999686,-0.007337482180446386,0.18495522439479828
2008-11-30,10,SBNY,1.30360985154223,1.0090026398844223,1.5982170632000379,-0.04706399142742157,0.21109260618686676
2008-11-30,11,WMT,1.289953860500098,1.578684762585786,1.0012229584144097,0.22811459004878998,-0.029909919947385788
2008-11-30,12,TSCO,1.2869808150109368,1.1124221500375329,1.4615394799843404,0.0028916469309479,0.15591678023338318
2008-11-30,13,CLX,1.2835900642807392,1.1102545482881427,1.4569255802733356,0.0018446111353114247,0.1540541797876358
2008-11-30,14,ROST,1.2758946252692862,1.524000199557989,1.0277890509805836,0.20169982314109802,-0.019185366109013557
2008-11-30,15,NSC,1.2731746767857453,1.4451843588657058,1.1011649947057849,0.1636287122964859,0.010436011478304863
2008-11-30,16,CPB,1.26685979029629,1.2122328140100622,1.3214867665825176,0.051104072481393814,0.09937843680381775
2008-11-30,17,PRGO,1.24229393355373,1.8651778998156614,0.6194099672917986,0.36650189757347107,-0.18404527008533478
2008-11-30,18,ALK,1.2349515988990594,1.0485816475970726,1.4213215502010461,-0.02794579416513443,0.13968107104301453
2008-11-30,19,TFC,1.2227195047359718,1.1767042981570666,1.2687347113148773,0.03394242003560066,0.07808278501033783
2008-11-30,20,ABT,1.199190031268801,1.1794427603043187,1.2189373022332837,0.035265203565359116,0.05797990411520004
2008-12-31,1,DLTR,1.7122122230589354,1.9037161321384766,1.520708313979394,0.3890482783317566,0.136339008808136
2008-12-31,2,AMGN,1.4490868295520545,1.1769371787386957,1.7212364803654132,0.005235176999121904,0.23223230242729187
2008-12-31,3,NL,1.3895768211055564,1.5007606373806999,1.2783930048304126,0.17624685168266296,0.02046295255422592
2008-12-31,4,WMT,1.3337263520613,1.491906253088913,1.1755464510336873,0.17157083749771118,-0.02871864102780819
2008-12-31,5,CHD,1.3096629833531854,1.2871804515720768,1.332145515134294,0.06345482170581818,0.04616759717464447
2008-12-31,6,GIS,1.2868107610491588,1.3108258381831421,1.2627956839151755,0.07594198733568192,0.013004257343709469
2008-12-31,7,ALK,1.276613090226338,0.9801819996717641,1.573044180780912,-0.09867154061794281,0.16136620938777924
2008-12-31,8,TSCO,1.2598139042572951,1.0410572107977096,1.4785705977168808,-0.0665232464671135,0.11618860065937042
2008-12-31,9,ATGE,1.25426093122563,1.255125294619683,1.2533965678315773,0.04652644321322441,0.008509566076099873
2008-12-31,10,PRGO,1.2472994350262827,1.3821531911375458,1.1124456789150197,0.11361007392406464,-0.058893658220767975
2008-12-31,11,MCD,1.2447916353409116,1.229447024309068,1.2601362463727555,0.032965708523988724,0.011732504703104496
2008-12-31,12,SO,1.2404277111186355,1.1883044503045166,1.2925509719327544,0.011238250881433487,0.027233343571424484
2008-12-31,13,SHW,1.2281762258761595,1.0933535785022428,1.3629988732500762,-0.03890545293688774,0.06092178449034691
2008-12-31,14,WFC,1.200871059961703,1.0253284623596903,1.3764136575637158,-0.07482962310314178,0.0673367828130722
2008-12-31,15,CLX,1.1965459198203345,1.0497786320351536,1.3433132076055154,-0.06191745027899742,0.05150802806019783
2008-12-31,16,WRB,1.1956622024104586,1.0446607360075684,1.3466636688133486,-0.06462021917104721,0.05311023071408272
2008-12-31,17,SJM,1.1952413998562608,1.2450303944465433,1.1454524052659782,0.04119531065225601,-0.043109722435474396
2008-12-31,18,ROL,1.193900387274316,0.9586891628037457,1.4291116117448863,-0.11002194136381149,0.09253713488578796
2008-12-31,19,MRSH,1.190744756611967,1.2518887528009401,1.129600760422994,0.04481722041964531,-0.05069003626704216
2008-12-31,20,AJG,1.189168391470242,1.1520725664536304,1.2262642164868538,-0.007895863614976406,-0.004465222358703613
2009-01-31,1,ALK,1.8705431393859393,1.3904245635346084,2.3506617152372704,0.15660372376441956,0.6454157829284668
2009-01-31,2,DLTR,1.7421975499015452,2.0110818316534567,1.473313268149634,0.4752463400363922,0.24319201707839966
2009-01-31,3,NL,1.6128774108132138,1.4870389011581695,1.7387159204682578,0.2062050849199295,0.36486688256263733
2009-01-31,4,DAL,1.5208119997599439,0.5753982387618841,2.466225760758004,-0.2618270814418793,0.6983965635299683
2009-01-31,5,AMGN,1.4473310512166857,1.5099395825584603,1.384722519874911,0.21796219050884247,0.20257724821567535
2009-01-31,6,NKTR,1.3835755159017766,0.7191981572992746,2.0479528745042788,-0.1880008578300476,0.5066377520561218
2009-01-31,7,SHW,1.3675486708658795,1.1909876231746404,1.5441097185571186,0.05421370640397072,0.27564892172813416
2009-01-31,8,WRB,1.3378764185970864,1.1788166566265212,1.4969361805676518,0.04796518757939339,0.2540220320224762
2009-01-31,9,HRB,1.3182103644119523,1.532713861285643,1.1037068675382617,0.22965440154075623,0.07374454289674759
2009-01-31,10,AZO,1.3161285513261567,1.3797199550687145,1.252537147583599,0.1511080265045166,0.14197635650634766
2009-01-31,11,ORLY,1.3096212285796063,0.9811439115543115,1.6380985456049013,-0.053519099950790405,0.3187384605407715
2009-01-31,12,WFC,1.2887873346908798,1.1184242276485625,1.459150441733197,0.016959989443421364,0.23669901490211487
2009-01-31,13,NFLX,1.2760889494356835,1.311065453365787,1.2411124455055798,0.11586111783981323,0.13673865795135498
2009-01-31,14,TSCO,1.2580728053913117,1.0961986921677511,1.419946918614872,0.005549500696361065,0.2187260091304779
2009-01-31,15,AJG,1.2359973559513846,1.3176995329485528,1.1542951789542162,0.11926702409982681,0.09693694859743118
2009-01-31,16,MCD,1.2206597771357892,1.2458343452992338,1.1954852089723447,0.08237176388502121,0.11582067608833313
2009-01-31,17,TFC,1.2103641425877685,0.99608398915376,1.424644296021777,-0.04584893211722374,0.22087953984737396
2009-01-31,18,PHM,1.2060852060182072,1.1807100482170747,1.23146036381934,0.048937246203422546,0.13231362402439117
2009-01-31,19,WMT,1.1981014183076972,1.4405952792644687,0.955607557350926,0.18236114084720612,0.00584784522652626
2009-01-31,20,ROL,1.1953596900993562,0.9975455073632548,1.3931738728354577,-0.045098595321178436,0.20645180344581604
2009-02-28,1,DLTR,1.7141834027134897,1.8949209949850547,1.5334458104419246,0.4218714237213135,0.13009212911128998
2009-02-28,2,NFLX,1.690512126763716,1.7855586812921078,1.5954655722353241,0.36254236102104187,0.15696772933006287
2009-02-28,3,ALK,1.6609621080944272,1.1929339036919504,2.128990312496904,0.04104337841272354,0.3881649672985077
2009-02-28,4,VRTX,1.572211740628226,2.0102720090667106,1.1341514721897419,0.4844493567943573,-0.04293780028820038
2009-02-28,5,MNST,1.4865517841177007,0.857978297265758,2.1151252709696435,-0.1406700611114502,0.38215669989585876
2009-02-28,6,NL,1.4422956705674683,1.2543738281191796,1.6302175130157572,0.07437454164028168,0.1720271110534668
2009-02-28,7,ORLY,1.3132897353702706,1.0945906299259802,1.531988840814561,-0.012307854369282722,0.12946076691150665
2009-02-28,8,SJM,1.2906709244491432,1.2746027218274196,1.3067391270708668,0.0853487178683281,0.03185121342539787
2009-02-28,9,AZO,1.2871141359614802,1.2953938355895347,1.2788344363334254,0.09662789851427078,0.01975901424884796
2009-02-28,10,EW,1.2756385389067364,1.5174940493735969,1.0337830284398761,0.2171172797679901,-0.08643139153718948
2009-02-28,11,HSY,1.2691771656247561,1.234053096574746,1.3043012346747664,0.06335054337978363,0.0307947788387537
2009-02-28,12,LDOS,1.2661211352224315,1.1974347885595797,1.3348074818852833,0.04348510876297951,0.0440143346786499
2009-02-28,13,MCD,1.2571306008782608,1.315988391386702,1.1982728103698195,0.1078004464507103,-0.015151504427194595
2009-02-28,14,ED,1.2275838579144094,1.096737802862333,1.3584299129664856,-0.011143012903630733,0.05425086244940758
2009-02-28,15,BMY,1.2102886508881028,1.089903631638704,1.3306736701375015,-0.014850551262497902,0.042222991585731506
2009-02-28,16,GILD,1.2016858693631063,1.3116121337726303,1.0917596049535825,0.10542632639408112,-0.061307862401008606
2009-02-28,17,WRB,1.200184125978849,0.8924523009894103,1.5079159509682878,-0.12196791172027588,0.11902903765439987
2009-02-28,18,GIS,1.1935902472583444,1.318036826975427,1.069143667541262,0.10891172289848328,-0.07110823690891266
2009-02-28,19,GLD,1.189997959412976,1.1154618588104923,1.2645340600154595,-0.000985211263929521,0.013562099172328498
2009-02-28,20,ABT,1.1863374585750321,1.1433516403001638,1.2293232768499003,0.014144997112452984,-0.001696116989478469
2009-03-31,1,VRTX,1.8151528464434952,2.0477758937809702,1.5825297991060199,0.5436522364616394,0.1152149960398674
2009-03-31,2,DLTR,1.5727599612244854,1.7635414229414768,1.3819784995074942,0.36941492557525635,0.01192040927708149
2009-03-31,3,ORLY,1.565569857063495,1.5083862436605429,1.6227534704664472,0.21300338208675385,0.1359323263168335
2009-03-31,4,NFLX,1.5287746351377578,1.385444489626581,1.6721047806489346,0.13763940334320068,0.16135087609291077
2009-03-31,5,AZO,1.4673845627352065,1.5064523919034174,1.4283167335669953,0.2118179202079773,0.03578706458210945
2009-03-31,6,ATGE,1.4069078386833391,1.438177008743674,1.375638668623004,0.1699647307395935,0.008655059151351452
2009-03-31,7,EW,1.3972455348997594,1.5574448455270744,1.2370462242724445,0.24307657778263092,-0.0627274215221405
2009-03-31,8,GLD,1.3509686054386076,1.0995615869768682,1.6023756239003473,-0.037608405407652826,0.1254366514228065
2009-03-31,9,MNST,1.2657301850697908,0.8008231031053284,1.7306372670342531,-0.22073675692081451,0.19149821996688843
2009-03-31,10,VTRS,1.2642613021703686,1.2402417937891117,1.2882808105516257,0.04862934350967407,-0.03633888438344002
2009-03-31,11,AAP,1.2613413444989003,1.386262611865759,1.1364200771320414,0.13814091682434082,-0.1145552396774292
2009-03-31,12,PCG,1.248435288430163,1.2508527402962173,1.246017836564109,0.05513391271233559,-0.05810656398534775
2009-03-31,13,ALK,1.2127953406857686,0.9853186499798343,1.4402720313917028,-0.10763996094465256,0.041944678872823715
2009-03-31,14,LDOS,1.1966016199655565,1.1480235215879688,1.2451797183431441,-0.007900970056653023,-0.05853823944926262
2009-03-31,15,HSY,1.1595988637002939,1.0594808742998343,1.2597168531007532,-0.0621781051158905,-0.05105084180831909
2009-03-31,16,TDG,1.1232835538703458,1.0060198700292824,1.2405472377114093,-0.09494999796152115,-0.060924213379621506
2009-03-31,17,DRI,1.11785023784689,0.9960538912201072,1.2396465844736726,-0.1010591983795166,-0.06138809770345688
2009-03-31,18,ED,1.1168690967703139,1.0555764773127987,1.1781617162278288,-0.06457152217626572,-0.0930560752749443
2009-03-31,19,MCD,1.1078044210467584,1.1538345419278881,1.0617743001656286,-0.0043387822806835175,-0.1530017852783203
2009-03-31,20,WMT,1.095700499115508,1.1775791506971311,1.0138218475338845,0.010216794908046722,-0.17769984900951385
2009-04-30,1,DLTR,1.7286115986652173,1.8868536008110564,1.5703695965193785,0.47915875911712646,0.20314286649227142
2009-04-30,2,AZO,1.7052698153705377,1.6728597463241048,1.7376798844169705,0.3567099869251251,0.27647143602371216
2009-04-30,3,NFLX,1.6407909134030585,1.4235271317512044,1.8580546950549124,0.2140401303768158,0.3292291760444641
2009-04-30,4,ORLY,1.5634656777968607,1.4077775354345112,1.7191538201592103,0.20502810180187225,0.26835185289382935
2009-04-30,5,EW,1.4027785914152777,1.5880438471297187,1.217513335700837,0.30817773938179016,0.048493411391973495
2009-04-30,6,VTRS,1.3881219367844744,1.30286354228418,1.4733803312847689,0.1449955850839615,0.16063451766967773
2009-04-30,7,BR,1.3689319191292428,1.1752974813663521,1.5625663568921337,0.0720013976097107,0.19972287118434906
2009-04-30,8,DRI,1.3677392724629902,1.1851192506385309,1.5503592942874496,0.07762148231267929,0.1943727731704712
2009-04-30,9,NKTR,1.320930250136884,0.6077444121463875,2.0341160881273805,-0.25275641679763794,0.4063931703567505
2009-04-30,10,TMUS,1.3099391837552972,1.0576712808663824,1.5622070866442117,0.004694867413491011,0.19956541061401367
2009-04-30,11,MNST,1.2938552202102773,1.0837827882641513,1.5039276521564031,0.01963605359196663,0.17402276396751404
2009-04-30,12,AAP,1.2918625029067539,1.3887019893325567,1.195023016480951,0.19411294162273407,0.038636378943920135
2009-04-30,13,AN,1.252788159031511,0.9173476888931494,1.5882286291698726,-0.07559926807880402,0.21097010374069214
2009-04-30,14,NEM,1.2472492280343115,1.0462539184215744,1.4482445376470483,-0.0018382268026471138,0.1496180295944214
2009-04-30,15,BMY,1.2433226941555224,1.2003687318362415,1.2862766564748032,0.08634734153747559,0.07863092422485352
2009-04-30,16,ROST,1.2247624151134708,1.385342367811564,1.064182462415378,0.19219054281711578,-0.018708275631070137
2009-04-30,17,PCG,1.192674475302887,1.1850415556473837,1.2003073949583902,0.07757702469825745,0.0409524105489254
2009-04-30,18,ATGE,1.1736089813405055,1.3004232138359149,1.046794748845096,0.14359921216964722,-0.02632894366979599
2009-04-30,19,CNC,1.1548342271500482,1.4981151565822628,0.8115532977178339,0.2567199170589447,-0.12943030893802643
2009-04-30,20,BALL,1.1507677808443495,0.9667702904667418,1.3347652712219573,-0.047319311648607254,0.09988246113061905
2009-05-31,1,AN,2.3669710371056976,1.2572081887769213,3.4767338854344736,0.1009158343076706,0.9469652771949768
2009-05-31,2,NFLX,2.0356272862320166,1.7878000798956049,2.2834544925684286,0.34841710329055786,0.6042982935905457
2009-05-31,3,F,2.012782893970937,0.3484109174528019,3.677154870489072,-0.3230040967464447,1.004518985748291
2009-05-31,4,ALGN,1.6357420042190616,1.0634411051130195,2.2080429033251034,0.010530738160014153,0.5826427936553955
2009-05-31,5,MKTX,1.6030964779790735,1.227603292567355,1.9785896633907918,0.08710625767707825,0.5167520642280579
2009-05-31,6,DRI,1.5920275324910578,1.1805765197377265,2.003478545244389,0.06517002731561661,0.523899257183075
2009-05-31,7,MNST,1.590386040782212,1.3437233783591158,1.8370487032053078,0.1412719339132309,0.47610658407211304
2009-05-31,8,ORLY,1.5547091570551028,1.6773688607626207,1.432049453347585,0.2969050705432892,0.3598053455352783
2009-05-31,9,NEU,1.510646239817676,1.013295079859776,2.0079973997755762,-0.012860506772994995,0.52519690990448
2009-05-31,10,BR,1.5029800938678692,1.1580393334880537,1.8479208542476848,0.05465727299451828,0.479228675365448
2009-05-31,11,AAP,1.460554974322092,1.5526961003224038,1.3684138483217805,0.2387498915195465,0.3415314853191376
2009-05-31,12,DHI,1.45911930225449,0.7197124656988246,2.198526138810155,-0.14980581402778625,0.5799099206924438
2009-05-31,13,AZO,1.4200399245293411,1.7281919968507433,1.1118878522079387,0.3206121623516083,0.26786643266677856
2009-05-31,14,BKNG,1.38293809111335,0.4543757742545682,2.3115004079721317,-0.27357545495033264,0.6123520731925964
2009-05-31,15,VTRS,1.3751459201056973,1.0538482993111862,1.6964435409002085,0.006056053098291159,0.43572983145713806
2009-05-31,16,COO,1.373338566181022,0.624206028160456,2.122471104201588,-0.19435599446296692,0.55806964635849
2009-05-31,17,PENN,1.3564661693315494,0.5526833116900345,2.160249026973064,-0.22771866619586945,0.5689181089401245
2009-05-31,18,CCEP,1.2848336575346724,0.49588904266394535,2.0737782724053995,-0.25421106815338135,0.5440868139266968
2009-05-31,19,NEM,1.2677758620613284,0.8609249248015476,1.6746267993211095,-0.08393548429012299,0.42946484684944153
2009-05-31,20,AMZN,1.2296140537091347,1.0917854464719619,1.3674426609463073,0.02375231310725212,0.3412525951862335
2009-06-30,1,CAR,2.0619899806405027,-1.4399831567499155,5.563963118030921,-1.0647107362747192,1.8430527448654175
2009-06-30,2,BLDR,1.6949697465969198,-0.2718345912256727,3.661774084419512,-0.5771872401237488,1.25641930103302
2009-06-30,3,DXCM,1.587825040352194,0.27253046073100967,2.9031196199733786,-0.34999802708625793,1.0224509239196777
2009-06-30,4,DRI,1.572798897372651,1.3061741844621888,1.8394236102831134,0.08139025419950485,0.6944079995155334
2009-06-30,5,NEU,1.5524185420150265,0.9714685897524054,2.1333684942776476,-0.058298178017139435,0.7850603461265564
2009-06-30,6,THC,1.548703142357082,-0.05267053154705564,3.15007681626122,-0.4857197403907776,1.0986123085021973
2009-06-30,7,NFLX,1.5372486021760337,1.7368875570575046,1.3376096472945627,0.26114726066589355,0.5396490097045898
2009-06-30,8,MKTX,1.5185655089947296,1.828643485489314,1.2084875325001454,0.2994413375854492,0.49982786178588867
2009-06-30,9,NKTR,1.4156374737327742,2.104079367449112,0.727195580016436,0.41439372301101685,0.351397842168808
2009-06-30,10,MPWR,1.412998425734961,0.7350306876204389,2.090966163849483,-0.15697486698627472,0.7719835042953491
2009-06-30,11,GCO,1.3966757501132605,1.0970654464139915,1.6962860538125295,-0.005880685523152351,0.6502645015716553
2009-06-30,12,F,1.3801400319546735,0.7092777287901065,2.0510023351192403,-0.16772279143333435,0.759658694267273
2009-06-30,13,AN,1.3619487790637264,1.1247746935513672,1.5991228645760855,0.005683690309524536,0.6202994585037231
2009-06-30,14,SIG,1.320052810997134,0.35500751041677314,2.2850981115774944,-0.3155764639377594,0.8318536281585693
2009-06-30,15,DDS,1.2932649533330354,-0.1343669386096717,2.7208968452757425,-0.5198155045509338,0.9662535786628723
2009-06-30,16,ON,1.2794815766546164,0.220615369796412,2.3383477835128206,-0.3716646432876587,0.8482757806777954
2009-06-30,17,AMZN,1.271586302530977,1.0021489713182585,1.5410236337436956,-0.04549380764365196,0.602381706237793
2009-06-30,18,ORLY,1.2595943835887484,1.8804381095280784,0.6387506576494184,0.32105767726898193,0.32412150502204895
2009-06-30,19,DPZ,1.258489454270622,0.16265765365409993,2.354321254887144,-0.3958531320095062,0.8532019853591919
2009-06-30,20,ASH,1.2441363833578538,-0.48636992287351644,2.974642689589224,-0.6667229533195496,1.0445085763931274
2009-07-31,1,CAR,3.4996459956609067,-0.0884649275045787,7.0877569188263925,-0.39299824833869934,2.0883305072784424
2009-07-31,2,F,2.270066445262873,1.373541484002428,3.1665914065233185,0.23266156017780304,0.9748068451881409
2009-07-31,3,AN,1.9147502424899083,2.1127651620049694,1.716735322974847,0.549009382724762,0.5630800127983093
2009-07-31,4,SIG,1.8851641104675843,0.951516058305796,2.8188121626293725,0.05205746367573738,0.876045286655426
2009-07-31,5,BLDR,1.757851727997608,0.25952616781291,3.256177288182306,-0.24407684803009033,1.0002472400665283
2009-07-31,6,DXCM,1.7326751959738023,0.8871938579286365,2.578156534018968,0.024531034752726555,0.8077044486999512
2009-07-31,7,DDS,1.5551610828051197,0.3640967338158255,2.746225431794414,-0.199326291680336,0.8554322719573975
2009-07-31,8,NEU,1.4954767713112096,0.9106658039388964,2.080287738683523,0.03457576036453247,0.66632080078125
2009-07-31,9,WDC,1.4501397857480292,0.21137311859079821,2.68890645290526,-0.2646837532520294,0.8391549587249756
2009-07-31,10,ASH,1.432445641978104,-0.37037635606903396,3.235267640025242,-0.5136411190032959,0.9943093657493591
2009-07-31,11,KMX,1.4209744587426114,0.9123814556194947,1.9295674618657281,0.035309966653585434,0.6235195994377136
2009-07-31,12,NFLX,1.3915669621375955,1.9072158718448298,0.8759180524303609,0.46104538440704346,0.3243066370487213
2009-07-31,13,MPWR,1.3362520787519476,0.9137333494836102,1.758770808020285,0.03588850423693657,0.5750171542167664
2009-07-31,14,NKTR,1.322335282771764,2.3715612076539565,0.2731093578895716,0.6597601175308228,0.15312239527702332
2009-07-31,15,AMZN,1.2976618750493492,1.1378333481392564,1.4574904019594421,0.13179120421409607,0.4894602298736572
2009-07-31,16,ORLY,1.2814785609072539,2.075034979438908,0.48792214237559994,0.5328629016876221,0.21412444114685059
2009-07-31,17,SWKS,1.2748641873823219,0.8108538564599065,1.7388745183047372,-0.008138364180922508,0.5693670511245728
2009-07-31,18,FHN,1.2448471644363275,2.1611331910781324,0.32856113779452273,0.5697082877159119,0.16886946558952332
2009-07-31,19,FFIV,1.242372576882545,1.2903254787433274,1.1944196750217628,0.1970496028661728,0.4147540032863617
2009-07-31,20,WBD,1.2406811438143208,1.1151522252193145,1.366210062409327,0.12208490818738937,0.46353864669799805
2009-08-31,1,CAR,4.505507362627654,1.5447071096242242,7.4663076156310835,0.3376425802707672,2.5169949531555176
2009-08-31,2,F,2.9603322715345355,1.9905661479111294,3.930098395157941,0.510825514793396,1.453503131866455
2009-08-31,3,BLDR,2.8593780920540937,1.430770449149607,4.28798573495858,0.29338669776916504,1.5611354112625122
2009-08-31,4,AN,2.113209065246161,2.4649374138532254,1.7614807166390962,0.6950833201408386,0.8013055324554443
2009-08-31,5,ASH,2.003886248818905,0.15100120047912663,3.8567712971586836,-0.20370806753635406,1.4314504861831665
2009-08-31,6,SWKS,1.9105507814670672,1.3048572428358274,2.516244320098307,0.24447882175445557,1.0282957553863525
2009-08-31,7,SIG,1.894870091006606,0.8918803043067434,2.897859877706469,0.08406812697649002,1.1430641412734985
2009-08-31,8,FITB,1.7140361164621494,-0.2762802851685675,3.704352518092866,-0.36967501044273376,1.3856115341186523
2009-08-31,9,NEU,1.643074272885603,1.2443207313465683,2.0418278144246376,0.22096490859985352,0.8856180906295776
2009-08-31,10,STX,1.5714363728547878,0.1762897466473683,2.966582999062207,-0.19388535618782043,1.1637321710586548
2009-08-31,11,THC,1.5653710864218668,-0.30908364486317463,3.4398258177069083,-0.38241666555404663,1.3060568571090698
2009-08-31,12,DDS,1.4941557487052886,0.8766637727044484,2.1116477247061285,0.07815764099359512,0.9066159725189209
2009-08-31,13,CMG,1.414001595203119,1.4855150679305364,1.3424881224757015,0.31465089321136475,0.6752962470054626
2009-08-31,14,CBRE,1.4012926123793485,0.02188594941196793,2.7806992753467292,-0.2538596987724304,1.1078288555145264
2009-08-31,15,GT,1.3895744824923104,0.30814411611331044,2.4710048488713103,-0.14266978204250336,1.0146902799606323
2009-08-31,16,MTG,1.3793638052014283,0.7627163993613038,1.996011211041553,0.03389759734272957,0.8718390464782715
2009-08-31,17,CZR,1.3748114148141246,0.6684606444541733,2.081162185174076,-0.0027137233410030603,0.8974476456642151
2009-08-31,18,EXPE,1.3576731999483744,0.8212120950099564,1.8941343048867927,0.05661880597472191,0.8412002325057983
2009-08-31,19,TPR,1.2596880199035916,1.0643972892141549,1.4549787505930283,0.15107809007167816,0.7091270685195923
2009-08-31,20,NKTR,1.243344327456815,1.5812687392495768,0.905419915664053,0.35184404253959656,0.543850839138031
2009-09-30,1,CAR,4.372140102226131,1.5449007142184557,7.199379490233806,0.24443745613098145,3.19150447845459
2009-09-30,2,F,2.3871343076841054,2.4972004745006173,2.277068140867594,0.5329993963241577,1.3350011110305786
2009-09-30,3,BLDR,2.264757319717499,2.1129979427383807,2.416516696696618,0.416579931974411,1.3875956535339355
2009-09-30,4,SSP,2.064316115575507,0.5944081537493433,3.5342240774016713,-0.04357687383890152,1.8091511726379395
2009-09-30,5,SW,2.0360126822099565,1.3890934811057498,2.6829318833141635,0.1972253918647766,1.4880770444869995
2009-09-30,6,ASH,2.022489221486332,0.4533057769448126,3.5916726660278515,-0.08633313328027725,1.8308185338974
2009-09-30,7,GNW,1.9523145545393508,-0.5769405552818487,4.48156966436055,-0.39851412177085876,2.1664528846740723
2009-09-30,8,NKTR,1.7656785710994467,3.1680712844975902,0.36328585770130306,0.7362838983535767,0.6131972670555115
2009-09-30,9,MU,1.7478164745089555,2.562725366139885,0.9329075828780258,0.5528544783592224,0.8280363082885742
2009-09-30,10,EXPE,1.585223481667406,1.6172603072500378,1.5531866560847742,0.26636356115341187,1.0619813203811646
2009-09-30,11,LULU,1.4590232572732387,0.8537314916870934,2.064315022859384,0.0350022129714489,1.2547589540481567
2009-09-30,12,CBRE,1.4442830368303021,0.4120447292913772,2.476521344369227,-0.09883588552474976,1.4102270603179932
2009-09-30,13,AN,1.4384175933953574,2.435053789322859,0.44178139746785583,0.5141679644584656,0.6428027153015137
2009-09-30,14,UIS,1.4224109767919855,-0.966467293070269,3.81128924665424,-0.516546905040741,1.913649320602417
2009-09-30,15,IP,1.4149137896554576,0.385925935427366,2.443901643883549,-0.10675029456615448,1.3979241847991943
2009-09-30,16,SIG,1.4063407899990672,0.9303777472339101,1.882303832764224,0.05822724476456642,1.1861114501953125
2009-09-30,17,MTG,1.3674358620001055,0.6264734535357062,2.108398270464505,-0.03386057913303375,1.2713854312896729
2009-09-30,18,BKNG,1.3600780139174236,2.402944501448691,0.3172115263861559,0.5044383406639099,0.5958198308944702
2009-09-30,19,LPX,1.3500867570697648,-0.11106387298413706,2.8112373871236667,-0.25734609365463257,1.5364688634872437
2009-09-30,20,FITB,1.3488849228101176,-0.4180646305479262,3.1158344761681613,-0.35037219524383545,1.651350975036621
2009-10-31,1,CAR,4.966646312505769,3.4838843620546034,6.4494082629569345,0.8448059558868408,2.6865758895874023
2009-10-31,2,GNW,2.8041568098679366,1.5739415518776576,4.034372067858215,0.34792831540107727,1.8388774394989014
2009-10-31,3,ASH,2.358070130895282,1.8281609317274314,2.8879793300631325,0.41406428813934326,1.4364837408065796
2009-10-31,4,BKNG,2.2772859880370433,3.638737942514053,0.9158340335600333,0.8850916028022766,0.7442438006401062
2009-10-31,5,NKTR,2.277160948375597,4.073087296345564,0.4812346004056299,0.9980889558792114,0.5916956663131714
2009-10-31,6,SSP,2.0721878836656473,0.4634964415263881,3.680879325804906,0.05904252082109451,1.7147984504699707
2009-10-31,7,MTG,1.970682540245399,0.43889965644558276,3.502465424045215,0.05264358967542648,1.652173638343811
2009-10-31,8,THC,1.9391518423007326,0.45856204892523844,3.419741635676227,0.05775882303714752,1.6231368780136108
2009-10-31,9,MU,1.8731415929552448,2.9480892003250556,0.7981939855854341,0.7054171562194824,0.7029511332511902
2009-10-31,10,EXPE,1.782890219513742,2.0070835911934024,1.5586968478340817,0.46061158180236816,0.9698941707611084
2009-10-31,11,UIS,1.7625988579025407,0.12306262356309376,3.4021350922419877,-0.029522409662604332,1.6169568300247192
2009-10-31,12,SANM,1.7423858536891899,0.3269926970957098,3.15777901028267,0.023530641570687294,1.5311857461929321
2009-10-31,13,WBD,1.7142982753732598,2.953168421408657,0.4754281293378627,0.7067385315895081,0.5896575450897217
2009-10-31,14,NEU,1.713215256966401,2.49935219498076,0.9270783189520417,0.5886768102645874,0.7481906414031982
2009-10-31,15,TNL,1.5922355048351242,0.5042677070400178,2.6802033026302308,0.06964929401874542,1.3635525703430176
2009-10-31,16,TGNA,1.5831120875518074,-0.6198692079507656,3.7860933830543804,-0.22279846668243408,1.7517294883728027
2009-10-31,17,F,1.5807032848553044,1.4927668055788232,1.6686397641317858,0.32681044936180115,1.0084850788116455
2009-10-31,18,JBL,1.5219754869482278,1.6949756626203683,1.3489753112760874,0.37941572070121765,0.8962801098823547
2009-10-31,19,CIEN,1.4891872797224286,2.0792431725683542,0.8991313868765027,0.4793841242790222,0.738381028175354
2009-10-31,20,WDC,1.4568843377008411,2.3064327519332886,0.6073359234683937,0.5384882092475891,0.6359583139419556
2009-11-30,1,CAR,5.105922984733336,4.925255151856976,5.286590817609698,1.633535385131836,1.391067624092102
2009-11-30,2,SW,4.28952070995642,3.6951386908880517,4.88390272902479,1.2641267776489258,1.300790786743164
2009-11-30,3,GNW,3.946545618237863,2.1024098249008487,5.7906814115748775,0.7858242988586426,1.504077434539795
2009-11-30,4,HIG,2.529631698026703,2.564285444571042,2.4949779514823636,0.9245272874832153,0.7652284502983093
2009-11-30,5,SSP,2.4189282345255423,0.5284594614179396,4.309397007633145,0.31316107511520386,1.171994924545288
2009-11-30,6,UIS,2.3090868460345146,1.6528384502681897,2.96533524180084,0.6508163213729858,0.8706757426261902
2009-11-30,7,BKNG,2.194830257753904,3.1418720169524232,1.2477884985553844,1.0979787111282349,0.4856266379356384
2009-11-30,8,DDS,2.1902595430522904,2.708054887151505,1.6724641989530757,0.96770179271698,0.5808327794075012
2009-11-30,9,FCX,2.035029217415377,2.56924330585625,1.500815128974504,0.9260161519050598,0.5423515439033508
2009-11-30,10,BC,2.0198220786423766,2.9027589659757114,1.136885191309042,1.026172161102295,0.46076372265815735
2009-11-30,11,INCY,1.9064309321991229,0.6516233822727492,3.1612384821254964,0.35014766454696655,0.9145944118499756
2009-11-30,12,PODD,1.8897364322394905,1.7639333262785457,2.0155395382004353,0.6841785311698914,0.6577453017234802
2009-11-30,13,EXPE,1.8679735727361366,2.378378249930417,1.3575688955418563,0.8686986565589905,0.5102378129959106
2009-11-30,14,SIG,1.825660069349655,2.5053063662804007,1.1460137724189094,0.9068156480789185,0.462810218334198
2009-11-30,15,STX,1.7231750226182059,1.972816304843789,1.4735337403926227,0.7469068765640259,0.5362354516983032
2009-11-30,16,NEU,1.7199670235004463,2.569753402477531,0.8701806445233617,0.9261693358421326,0.4009724259376526
2009-11-30,17,CAH,1.6879588906662049,1.3234611226599005,2.0524566586725093,0.5519030690193176,0.6660215854644775
2009-11-30,18,F,1.569596226329984,3.355089228949152,-0.2158967762891839,1.1620086431503296,0.1574895977973938
2009-11-30,19,LULU,1.5487156177964754,1.392172526914706,1.7052587086782447,0.572537362575531,0.5881848335266113
2009-11-30,20,LNC,1.5191501864986399,0.600237102113937,2.4380632708833425,0.33471617102622986,0.752469003200531
2009-12-31,1,CAR,4.177806868925637,5.908070250051781,2.4475434877994915,2.551704168319702,0.7086513638496399
2009-12-31,2,GNW,3.181475267629736,4.4529479099608515,1.9100026252986202,2.0052008628845215,0.5984280705451965
2009-12-31,3,UIS,3.1782459963009573,3.2846928284337213,3.071799164168193,1.5664368867874146,0.8366556167602539
2009-12-31,4,SSP,2.931485832761255,1.1522402820759723,4.710731383446538,0.7655472755432129,1.1727203130722046
2009-12-31,5,BC,2.705644518534548,2.6127420399011805,2.7985469971679153,1.3140709400177002,0.7806249856948853
2009-12-31,6,DDS,2.594987910829191,3.2800031366102633,1.9099726850481187,1.5646755695343018,0.5984219312667847
2009-12-31,7,INCY,2.5346278379731935,1.5472254892886173,3.5220301866577697,0.9138926863670349,0.9289759397506714
2009-12-31,8,BKNG,2.1820218564536913,2.1291041998275326,2.23493951307985,1.132430076599121,0.6650567054748535
2009-12-31,9,SITC,2.150549045452263,1.6004272260365793,2.700670864867947,0.9338737726211548,0.7605553865432739
2009-12-31,10,LULU,2.134143484527006,1.7237559639621585,2.5445310050918537,0.9801926016807556,0.7285387516021729
2009-12-31,11,STX,2.1127355383680784,2.5408775515464663,1.6845935251896902,1.2870806455612183,0.5522077083587646
2009-12-31,12,TNL,2.0055500271071076,2.781431921178914,1.2296681330353014,1.3774261474609375,0.458924800157547
2009-12-31,13,CAH,1.9732145927806641,1.354490264597553,2.5919389209637753,0.8415067195892334,0.7382597923278809
2009-12-31,14,AMZN,1.9484303320099399,2.196638618750395,1.7002220452694847,1.1577941179275513,0.5554123520851135
2009-12-31,15,SLG,1.887684638199524,1.5188573768097253,2.2565118995893227,0.9032384157180786,0.6694801449775696
2009-12-31,16,HIG,1.7991607814621773,1.9827632790223189,1.615558283902036,1.0774685144424438,0.538051962852478
2009-12-31,17,MAC,1.7762904086479057,1.5971599947144295,1.9554208225813816,0.9326466917991638,0.607741117477417
2009-12-31,18,ULTA,1.7446633063698869,1.318020015165322,2.1713065975744517,0.8278095126152039,0.6520087122917175
2009-12-31,19,KMX,1.7281021812596937,1.670659289007331,1.7855450735120564,0.960250973701477,0.5729079246520996
2009-12-31,20,FCX,1.7248813706270676,2.4123012785906797,1.0374614626634557,1.2387909889221191,0.41951262950897217
2010-01-31,1,CAR,4.787068402150977,7.020062215143817,2.5540745891581373,2.9308128356933594,0.8424822092056274
2010-01-31,2,SANM,3.9545632862240865,2.7774816956249713,5.131644876823201,1.3638819456100464,1.4298399686813354
2010-01-31,3,SSP,3.1635040737455915,2.190764193370945,4.136243954120238,1.1471869945526123,1.2030153274536133
2010-01-31,4,UIS,3.075035015155656,3.1789265439258063,2.9711434863855057,1.5121493339538574,0.9375208020210266
2010-01-31,5,AMD,3.0130754363652876,3.145906095590184,2.8802447771403914,1.4999537467956543,0.9168074727058411
2010-01-31,6,TGNA,3.0020943434378107,0.8548684797658995,5.149320207109722,0.6537947654724121,1.4338676929473877
2010-01-31,7,BC,2.850232172655109,2.0883689786145214,3.612095366695697,1.109368920326233,1.0835762023925781
2010-01-31,8,DDS,2.614887051810754,3.297969804747907,1.9318042988736004,1.5561161041259766,0.7006838321685791
2010-01-31,9,LULU,2.613716551930544,2.6962281017869043,2.531205002074184,1.3338721990585327,0.8372708559036255
2010-01-31,10,LPX,2.564622385243292,3.1415997261257065,1.9876450443608775,1.4983632564544678,0.7134084105491638
2010-01-31,11,THC,2.483525587675429,3.267285873317798,1.6997653020330599,1.5447834730148315,0.6478084921836853
2010-01-31,12,MU,2.461832326005491,2.838164967746609,2.0854996842643727,1.3862943649291992,0.7357068061828613
2010-01-31,13,INCY,2.3928397219683752,1.4592310581617363,3.3264483857750142,0.8770066499710083,1.0184850692749023
2010-01-31,14,UAL,2.2525447810858505,-0.48674615671878596,4.991835718890487,0.1582903414964676,1.3979812860488892
2010-01-31,15,JBL,2.1859561840408066,1.7314038077826719,2.6405085602989415,0.9775294065475464,0.8621781468391418
2010-01-31,16,STX,2.107709024025538,2.930335863395984,1.2850821846550915,1.4203362464904785,0.5533135533332825
2010-01-31,17,F,2.0617252318569523,3.0757247321605585,1.0477257315533457,1.4740333557128906,0.49922651052474976
2010-01-31,18,CAH,1.9979617324742565,1.2093759343417707,2.786547530606742,0.7847265601158142,0.8954564332962036
2010-01-31,19,WDC,1.9178960647219911,2.738820878049974,1.0969712513940084,1.3496031761169434,0.5104482173919678
2010-01-31,20,BKNG,1.9167159469377546,2.027938433766957,1.8054934601085524,1.0870498418807983,0.6719010472297668
2010-02-28,1,SANM,5.007654385000296,4.112935566941235,5.902373203059358,1.8971199989318848,1.282753586769104
2010-02-28,2,CAR,3.48869558638793,6.479355931907146,0.4980352408687141,2.75246000289917,0.2354649007320404
2010-02-28,3,GNW,3.3401248487780917,3.8054943725775514,2.874755324978632,1.7859957218170166,0.6960415840148926
2010-02-28,4,TGNA,2.72494228726776,1.809330066728748,3.640554507806772,1.0644843578338623,0.8444432616233826
2010-02-28,5,INCY,2.7197448995216655,2.4425759206537214,2.9969138783896097,1.2933703660964966,0.7197142839431763
2010-02-28,6,AMD,2.606405276571491,2.2552286027222674,2.957581950420715,1.225653886795044,0.7120922803878784
2010-02-28,7,RCL,2.5102596628257894,2.7134834530107343,2.3070358726408444,1.3912895917892456,0.5860251188278198
2010-02-28,8,SSP,2.422793020971145,2.850152567332224,1.995433474610066,1.4406884908676147,0.5256407260894775
2010-02-28,9,F,2.288394770950421,3.726116143078189,0.8506733988226534,1.7573045492172241,0.3038014769554138
2010-02-28,10,LULU,2.2456890207764895,2.8034746235936976,1.6879034179592816,1.4238168001174927,0.4660454988479614
2010-02-28,11,UAL,2.239124230830184,-0.4193347913015659,4.897583252961934,0.25893592834472656,1.088038682937622
2010-02-28,12,CAH,2.2258551879947683,0.8615255637319077,3.5901848122576294,0.7219014763832092,0.834682285785675
2010-02-28,13,THC,2.221079808567892,3.413571805752122,1.0285878113836626,1.6443357467651367,0.3382789194583893
2010-02-28,14,UIS,2.1742668304822237,2.5953559010367058,1.753177759927742,1.3485925197601318,0.4786947965621948
2010-02-28,15,ULTA,2.12438612918441,2.190495235893473,2.058277022475347,1.2022560834884644,0.537818968296051
2010-02-28,16,LPX,2.1198933977015897,2.2648580517672317,1.9749287436359475,1.229134440422058,0.5216671824455261
2010-02-28,17,DDS,2.111392592051231,2.617598586005758,1.6051865980967046,1.356632113456726,0.4500160813331604
2010-02-28,18,SLG,2.0738892422467723,1.911833881327086,2.2359446031664585,1.1015342473983765,0.5722485780715942
2010-02-28,19,FITB,2.0671349041741927,3.4493940685879876,0.6848757397603978,1.6572836637496948,0.2716720998287201
2010-02-28,20,BC,1.9960966111762688,2.6131801276417006,1.3790130947108368,1.3550350666046143,0.40618667006492615
2010-03-31,1,SANM,4.245254001597239,4.235311052829432,4.255196950365047,2.4003167152404785,0.9620625972747803
2010-03-31,2,GNW,3.074224677844821,4.651377097570916,1.497072258118726,2.5782113075256348,0.4117583632469177
2010-03-31,3,CAR,3.046473148711861,6.268348269574904,-0.17540197215118247,3.269568920135498,0.07806436717510223
2010-03-31,4,UAL,3.0276018235345132,1.5466041831034476,4.508599463965579,1.250724196434021,1.0126217603683472
2010-03-31,5,UIS,2.581706017950501,3.934823804083911,1.2285882318170909,2.2718393802642822,0.35819011926651
2010-03-31,6,CLF,2.569669129478407,1.6697697003914542,3.469568558565359,1.3033852577209473,0.8053131103515625
2010-03-31,7,TGNA,2.3007988252988714,2.311261544235158,2.2903361063625844,1.5776636600494385,0.5700312852859497
2010-03-31,8,CAL,2.2454556948758415,1.9102373433695228,2.58067404638216,1.4062004089355469,0.6279598474502563
2010-03-31,9,TNL,2.226886409708243,2.9196217404151925,1.5341510790012935,1.8377761840820312,0.41915637254714966
2010-03-31,10,F,2.186794876339178,2.7607642556801646,1.6128254969981917,1.7698545455932617,0.43485358357429504
2010-03-31,11,CAH,2.141252842245799,0.7202033288885421,3.5623023556030557,0.8973854780197144,0.8238154649734497
2010-03-31,12,ASH,2.099487997713462,3.4958779856234297,0.7030980098034944,2.0841622352600098,0.25334370136260986
2010-03-31,13,LYV,2.096276997706198,1.6818812425224439,2.510672752889952,1.3085637092590332,0.6139931082725525
2010-03-31,14,AMD,2.0272147264503095,1.6356638877138432,2.418765565186776,1.2888028621673584,0.5956556797027588
2010-03-31,15,INCY,2.020933963882379,2.1980320082298874,1.8438359195348708,1.5292508602142334,0.48094505071640015
2010-03-31,16,SMCI,2.0146876591071754,1.4232786284033052,2.606096689811046,1.1979947090148926,0.6330322027206421
2010-03-31,17,DDS,1.8652192503472889,2.313000208524496,1.4174382921700819,1.5784070491790771,0.3958697021007538
2010-03-31,18,RCL,1.8252592993921393,2.2466585673560266,1.4038600314282519,1.5500417947769165,0.39316055178642273
2010-03-31,19,LULU,1.8047032899326503,2.389661753478334,1.2197448263869664,1.6111847162246704,0.3564256727695465
2010-03-31,20,SLG,1.7398796615366208,2.173151209237545,1.3066081138356964,1.5186127424240112,0.3737567365169525
2010-04-30,1,SANM,3.2792538852336817,3.7867926283967677,2.7717151420705957,2.182783842086792,0.6515981554985046
2010-04-30,2,INCY,3.0096429511609903,2.8557887927784242,3.163497109543556,1.7838939428329468,0.7245023250579834
2010-04-30,3,GNW,2.7779510933364966,3.983890054383281,1.5720121322897118,2.26723051071167,0.4283531904220581
2010-04-30,4,UAL,2.7205466250039096,2.1312869344471066,3.3098063155607127,1.4734801054000854,0.7517280578613281
2010-04-30,5,CLF,2.700172663098561,1.8897278860878255,3.5106174401092973,1.3699837923049927,0.7890956997871399
2010-04-30,6,LYV,2.4906606723936116,2.6414732000903065,2.3398481446969166,1.6920701265335083,0.5712348222732544
2010-04-30,7,CAL,2.4686776047088363,2.072146020868051,2.865209188549622,1.448141098022461,0.6689958572387695
2010-04-30,8,LULU,2.423144545603761,2.3483862476098145,2.497902843597707,1.5664966106414795,0.6006461977958679
2010-04-30,9,MTG,2.4212523509027073,3.4640574530225354,1.3784472487828792,2.0445075035095215,0.3923339545726776
2010-04-30,10,SMCI,2.366195298709858,1.6242541608437877,3.1081364365759283,1.2562412023544312,0.7142006158828735
2010-04-30,11,TNL,2.354853807880299,2.9541883729206684,1.75551924283993,1.8260533809661865,0.46250084042549133
2010-04-30,12,F,2.300232897802557,2.3433271382255594,2.257138657379554,1.5643290281295776,0.5558439493179321
2010-04-30,13,TGNA,2.119726283118694,3.44345319155074,0.7959993746866479,2.035679578781128,0.28395000100135803
2010-04-30,14,VIAV,2.0753820234051243,1.8399873503153175,2.3107766964949317,1.3486723899841309,0.5658251047134399
2010-04-30,15,DDS,2.0511701294157376,2.0444707476879853,2.0578695111434904,1.4362835884094238,0.5187632441520691
2010-04-30,16,MAC,1.9194073348702332,3.1220596553697586,0.7167550143707079,1.8979780673980713,0.26920393109321594
2010-04-30,17,UIS,1.8991908644751927,3.0905867809145624,0.7077949480358232,1.8844934701919556,0.26753661036491394
2010-04-30,18,LVS,1.8687382682340894,3.2427776900716494,0.4946988463965292,1.949699878692627,0.22788293659687042
2010-04-30,19,SITC,1.8132877194281714,2.855951280810124,0.7706241580462186,1.7839635610580444,0.2792280912399292
2010-04-30,20,SLG,1.6679876908687092,2.610797462982407,0.7251779187550116,1.6789270639419556,0.2707712948322296
2010-05-31,1,UAL,4.0253716110733,3.2244882142504876,4.826255007896113,1.479269027709961,1.1992380619049072
2010-05-31,2,SANM,3.868200520148117,3.7997485184710595,3.9366525218251742,1.6666955947875977,1.0192184448242188
2010-05-31,3,INCY,3.5001059790653732,4.02343020605726,2.9767817520734865,1.7395737171173096,0.8249793648719788
2010-05-31,4,CAR,3.2812456681309805,4.757843807283633,1.8046475289783277,1.9788542985916138,0.5877867341041565
2010-05-31,5,MTG,3.1313765543423173,2.995552799066412,3.267200309618223,1.4046791791915894,0.8837483525276184
2010-05-31,6,LYV,3.041732816573064,2.9489212558794544,3.134544377266674,1.3894860744476318,0.856904149055481
2010-05-31,7,GNW,2.870058598304507,4.656729949054603,1.0833872475544108,1.9459102153778076,0.4418327808380127
2010-05-31,8,SSP,2.763244489719298,3.946141612818188,1.5803473666204075,1.7143921852111816,0.5423974394798279
2010-05-31,9,BC,2.6835922823951996,2.5385154523299867,2.828669112460413,1.2557710409164429,0.7950073480606079
2010-05-31,10,DDS,2.5962911688046493,2.6989493431509954,2.493632994458303,1.308042287826538,0.7272095680236816
2010-05-31,11,VIAV,2.471491830930454,1.8685559672427319,3.0744276946181763,1.0374903678894043,0.8447389602661133
2010-05-31,12,TGNA,2.4528258943281926,3.25870385157309,1.6469479370832951,1.4904168844223022,0.5558747053146362
2010-05-31,13,LPX,2.4131215607378698,1.9409000048193155,2.8853431166564243,1.061060905456543,0.8064758777618408
2010-05-31,14,AIV,2.071319168707272,2.232414746797046,1.9102235906174987,1.156039834022522,0.6091510653495789
2010-05-31,15,FITB,2.0494186809487194,2.660831553531483,1.4380058083659562,1.2956230640411377,0.5135932564735413
2010-05-31,16,ZION,2.0324370651117523,1.6622164469860148,2.40265768323749,0.9702625274658203,0.7087998390197754
2010-05-31,17,MBI,1.996385303050835,0.8503668012898471,3.142403804811823,0.7057523727416992,0.8584945797920227
2010-05-31,18,CAL,1.9832942715968982,2.07032888995442,1.8962596532393767,1.103230357170105,0.6063253283500671
2010-05-31,19,SLG,1.9167088217224646,2.5799368081087866,1.2534808353361424,1.2692666053771973,0.47625285387039185
2010-05-31,20,AMD,1.8834046916681682,1.511828997587281,2.254980385749055,0.9212645292282104,0.6789159178733826
2010-06-30,1,UAL,4.22441298461612,3.8640441866193544,4.584781782612886,1.4593650102615356,0.9472497701644897
2010-06-30,2,SANM,3.1231167836722733,3.3443036536854436,2.9019299136591035,1.3038837909698486,0.6351876854896545
2010-06-30,3,BC,2.9551858151735693,3.4467573385250514,2.463614291822087,1.3345329761505127,0.5539079904556274
2010-06-30,4,MTG,2.8003279866464723,1.5394976984045428,4.061158274888402,0.7639731764793396,0.8501508831977844
2010-06-30,5,INCY,2.6907175825917284,3.5504881877024794,1.8309469774809772,1.365564227104187,0.4365884065628052
2010-06-30,6,NFLX,2.6883819310115644,2.450855670207421,2.925908191815708,1.0366073846817017,0.6396341323852539
2010-06-30,7,SSP,2.6657784280639434,4.034394398303009,1.2971624578248777,1.51032555103302,0.3376052975654602
2010-06-30,8,DDS,2.5358121529362774,2.749799394833022,2.3218249110395326,1.1260368824005127,0.5276150703430176
2010-06-30,9,TGNA,2.47225051670348,2.9991684216081187,1.9453326117988405,1.2006360292434692,0.45779967308044434
2010-06-30,10,LULU,2.394797532300694,2.9103861733057768,1.8792088912956113,1.1740766763687134,0.4455379247665405
2010-06-30,11,ALK,2.2692466574355237,2.6574092070877398,1.8810841077833071,1.098398208618164,0.44588565826416016
2010-06-30,12,ULTA,2.2544987105486483,2.645082279903299,1.863915141193997,1.0947105884552002,0.44270190596580505
2010-06-30,13,NC,2.194145560240792,2.0464482573644505,2.3418428631171344,0.9156282544136047,0.5313271284103394
2010-06-30,14,DAL,2.01367111581902,1.8237829237581569,2.203559307879883,0.8490175604820251,0.5056843161582947
2010-06-30,15,DECK,1.9636104377837746,2.0445076051569044,1.8827132704106446,0.9150477051734924,0.4461877644062042
2010-06-30,16,LYV,1.9448342558832523,1.5259591586868284,2.3637093530796762,0.7599231004714966,0.5353819727897644
2010-06-30,17,GNW,1.8468128332081624,2.222495897166665,1.4711297692496599,0.9682931900024414,0.36986517906188965
2010-06-30,18,SLG,1.8433379186797156,2.3664600131783167,1.3202158241811146,1.0113602876663208,0.3418802320957184
2010-06-30,19,CAL,1.82606487935153,1.4935518607856635,2.158577897917396,0.7502284049987793,0.49734312295913696
2010-06-30,20,LVS,1.824193229580475,1.8692017567477797,1.7791847024131704,0.8626046776771545,0.4269897937774658
2010-07-31,1,UAL,3.860539197940043,5.269430622800001,2.451647773080086,1.8633264303207397,0.46534520387649536
2010-07-31,2,NC,3.0501212762082037,3.0056661020293993,3.0945764503870086,1.1629996299743652,0.5943542718887329
2010-07-31,3,NFLX,2.9435406949332172,2.369850193560343,3.5172311963060916,0.9663012027740479,0.6791635155677795
2010-07-31,4,SANM,2.863831563808117,4.547624857774495,1.1800382698417389,1.6400258541107178,0.21018601953983307
2010-07-31,5,LVS,2.3433370239968925,2.5938519299061826,2.092822118087602,1.0355992317199707,0.39334380626678467
2010-07-31,6,INCY,2.136057038757076,3.1684243177200924,1.1036897597940594,1.2133511304855347,0.19486604630947113
2010-07-31,7,AKAM,2.073007465458706,1.6679567129898325,2.4780582179275794,0.7491607666015625,0.47064468264579773
2010-07-31,8,CAL,2.020322913973986,1.7194094009488061,2.321236426999166,0.7650783658027649,0.4391770660877228
2010-07-31,9,ZION,1.9979753495765866,1.2697724851259267,2.7261782140272466,0.6259769797325134,0.5204320549964905
2010-07-31,10,LULU,1.9148804853568504,2.6390823902263167,1.1906785804873838,1.0495918989181519,0.21232108771800995
2010-07-31,11,PRGO,1.9061868973377085,1.703754511264996,2.108619283410421,0.7602353096008301,0.3965136408805847
2010-07-31,12,SSP,1.9022297610511836,3.3462430409219426,0.45821648118042446,1.2683618068695068,0.0653463825583458
2010-07-31,13,ALK,1.8003785141625839,2.1582439747055195,1.4425130536196484,0.9008378982543945,0.26285380125045776
2010-07-31,14,WYNN,1.7176555175951713,1.941577126305511,1.4937339088848314,0.8338090181350708,0.27313169836997986
2010-07-31,15,DECK,1.6827928766141287,1.540047210782573,1.8255385424456845,0.7095901966094971,0.33971109986305237
2010-07-31,16,CMG,1.6516517282023786,0.9807582478781219,2.3225452085266354,0.536566436290741,0.43943968415260315
2010-07-31,17,TGNA,1.6247997394480103,3.5805756596333063,-0.3309761807372859,1.3408558368682861,-0.09301178902387619
2010-07-31,18,DXCM,1.594509884549308,1.265372515700685,1.9236472533979312,0.6246157884597778,0.35939744114875793
2010-07-31,19,CMI,1.5926619874222367,1.2767850387525206,1.908538936091953,0.6281464099884033,0.356365829706192
2010-07-31,20,ULTA,1.5690005875870914,1.6869630703862175,1.4510381047879652,0.7550406455993652,0.2645644247531891
2010-08-31,1,UAL,4.402911204497292,5.547939567381941,3.2578828416126417,1.7513082027435303,0.6632694602012634
2010-08-31,2,LVS,2.8311799434591896,3.034547582480711,2.6278123044376684,1.0552618503570557,0.5497981905937195
2010-08-31,3,AIG,2.6224440014261745,3.102996648409177,2.1418913544431715,1.0742177963256836,0.4622872471809387
2010-08-31,4,FFIV,2.5504313061427544,2.333969795698604,2.766892816586905,0.8612473011016846,0.5748456120491028
2010-08-31,5,NFLX,2.3156162506109825,2.284420909236859,2.346811591985106,0.8475254774093628,0.49919193983078003
2010-08-31,6,MBI,2.2849961455515526,1.8539785444742467,2.7160137466288585,0.7283208966255188,0.5656826496124268
2010-08-31,7,NC,2.2582207345471215,2.054790637589054,2.461650831505189,0.7839328050613403,0.5198736786842346
2010-08-31,8,ALK,2.2371415170754156,2.13168811430176,2.342594919849071,0.8052284121513367,0.49843254685401917
2010-08-31,9,BC,2.2196636891137445,2.3353855765596525,2.103941801667837,0.8616393804550171,0.4554527997970581
2010-08-31,10,AKAM,2.1514565964981642,2.2835987318441555,2.0193144611521725,0.8472977876663208,0.4402120113372803
2010-08-31,11,CMI,2.12424298049583,1.49460738887971,2.7538785721119505,0.6287984251976013,0.5725018382072449
2010-08-31,12,CRM,2.119321788594691,2.205027413879341,2.033616163310042,0.8255386352539062,0.44278764724731445
2010-08-31,13,DECK,2.096074805204627,2.1652497398394153,2.026899870569839,0.8145228028297424,0.44157809019088745
2010-08-31,14,LULU,2.002516113418081,2.295224578452605,1.709807648383557,0.8505173921585083,0.3844720125198364
2010-08-31,15,AIV,1.8875981009480767,2.313826019117998,1.4613701827781556,0.8556687831878662,0.3397301733493805
2010-08-31,16,URI,1.80730638220722,1.274365220816287,2.340247543598153,0.5678056478500366,0.4980098009109497
2010-08-31,17,MAC,1.7637643760895667,2.161112379624771,1.3664163725543623,0.8133770227432251,0.3226296603679657
2010-08-31,18,DDS,1.7603853852117972,2.0693272504432954,1.451443519980299,0.7879585027694702,0.3379424512386322
2010-08-31,19,BBWI,1.7374026352130687,1.9498022434454316,1.5250030269807058,0.7548578381538391,0.3511900007724762
2010-08-31,20,SLG,1.7355441643957459,2.3172006053327103,1.1538877234587812,0.8566033244132996,0.2843547463417053
2010-09-30,1,NFLX,3.35470760344133,3.2917081511000577,3.417707055782602,1.0567200183868408,0.6420530080795288
2010-09-30,2,AKAM,2.9787414444013134,2.9611156344976894,2.9963672543049373,0.9599930047988892,0.5605930089950562
2010-09-30,3,FFIV,2.6388479375256026,2.858192762821113,2.4195031122300925,0.9298791289329529,0.44906461238861084
2010-09-30,4,UAL,2.529454487622984,3.865571502354039,1.193337472891929,1.2246248722076416,0.21200309693813324
2010-09-30,5,LVS,2.4392050119766684,2.026247398207244,2.8521626257460926,0.6864628791809082,0.5327131152153015
2010-09-30,6,CRM,2.414160701435688,2.245619686571754,2.5827017162996215,0.7506483197212219,0.4806167185306549
2010-09-30,7,MBI,2.161860776338533,0.8052602116519804,3.518461341025086,0.3292181193828583,0.6615324020385742
2010-09-30,8,CMG,1.8349917671640232,1.6855053383051903,1.9844781960228561,0.586766242980957,0.364958792924881
2010-09-30,9,NC,1.7631611690714477,0.7540509763396649,2.7722713618032304,0.31423497200012207,0.5172672867774963
2010-09-30,10,DDS,1.6943057693353958,1.931764891790846,1.4568466468799455,0.6588185429573059,0.26294881105422974
2010-09-30,11,IPGP,1.6931808429017696,1.6644655399833335,1.7218961458202056,0.5806102752685547,0.3141923248767853
2010-09-30,12,FOSL,1.6576174025468853,1.8215043700779125,1.4937304350158582,0.6265577673912048,0.27007976174354553
2010-09-30,13,NTAP,1.636521300801496,1.6410852474426558,1.6319573541603363,0.5737695097923279,0.29680395126342773
2010-09-30,14,CLF,1.635161912723968,2.727311894226531,0.5430119312214055,0.891585111618042,0.0862719938158989
2010-09-30,15,BKNG,1.6288564241023338,1.8611196131168675,1.3965932350878,0.6381486654281616,0.2512996792793274
2010-09-30,16,ULTA,1.6005235724457285,1.9982810489293314,1.2027660959621254,0.6782802939414978,0.213825985789299
2010-09-30,17,EW,1.5345814015067938,1.8023438527351332,1.2668189502784541,0.6209516525268555,0.22620968520641327
2010-09-30,18,AVB,1.5107580441142163,1.4994220933564077,1.5220939948720247,0.5323207378387451,0.27556344866752625
2010-09-30,19,EXR,1.5014964365824028,1.2559852300871313,1.7470076430776744,0.46109431982040405,0.3190472722053528
2010-09-30,20,EQR,1.4971079497930964,1.5766969049195052,1.4175189946666875,0.5549303293228149,0.2553453743457794
2010-10-31,1,NFLX,4.084399316638263,3.924647128741818,4.244151504534708,1.2562533617019653,0.7880381941795349
2010-10-31,2,FFIV,2.8411299766864717,2.889986959288621,2.792272994084322,0.9629758596420288,0.5214135050773621
2010-10-31,3,AKAM,2.6486087995175995,2.794866556463605,2.5023510425715942,0.9360136985778809,0.4681718945503235
2010-10-31,4,LVS,2.3654997151728567,2.0585269749608694,2.6724724553848445,0.7272960543632507,0.4994131922721863
2010-10-31,5,CMI,2.0361452501711863,2.0194133223284547,2.052877178013918,0.7162091732025146,0.3856299817562103
2010-10-31,6,CRM,2.0203094606328955,1.8736397016099904,2.1669792196558006,0.6748892068862915,0.4065838158130646
2010-10-31,7,NTAP,1.9814449606600313,1.693753530371165,2.2691363909488973,0.6238999366760254,0.4253440797328949
2010-10-31,8,UAL,1.904373072933415,2.8174349155510257,0.9913112303158045,0.9424107670783997,0.19068275392055511
2010-10-31,9,CMG,1.8840715376633748,1.511600534897889,2.2565425404288604,0.5722681283950806,0.4230313301086426
2010-10-31,10,BKNG,1.8814239170459484,2.1113755217047503,1.6514723123871464,0.742276132106781,0.3119155168533325
2010-10-31,11,IPGP,1.8726917146243918,1.1246109511273221,2.620772478121461,0.4625747799873352,0.48991894721984863
2010-10-31,12,FOSL,1.8111966922636125,1.7397557632537062,1.8826376212735185,0.6369394063949585,0.3543669879436493
2010-10-31,13,UAA,1.73251926593715,1.1911531769965877,2.2738853548777125,0.4814363718032837,0.426216185092926
2010-10-31,14,EW,1.7013781948793363,1.790690757072401,1.6120656326862717,0.6513770818710327,0.3046788275241852
2010-10-31,15,INCY,1.6196136012234288,2.53523737781877,0.7039898246280877,0.8624210357666016,0.13791871070861816
2010-10-31,16,URI,1.6160222229934098,0.7810180140529258,2.4510264319338937,0.3651823401451111,0.4587465822696686
2010-10-31,17,BWA,1.5721711246214962,1.4445748740643374,1.6997673751786548,0.5532695055007935,0.32078447937965393
2010-10-31,18,TSCO,1.4659744443995744,1.256878462963178,1.6750704258359708,0.5000663995742798,0.3162491023540497
2010-10-31,19,MBI,1.4635287111870026,0.4049698525438659,2.522087569830139,0.25859037041664124,0.47179633378982544
2010-10-31,20,DXCM,1.4561035811969414,1.2957259004303965,1.6164812619634863,0.5110778212547302,0.305489718914032
2010-11-30,1,LVS,3.1188683644328155,3.07401339609915,3.1637233327664815,1.1119970083236694,0.6127691864967346
2010-11-30,2,NFLX,3.102381449045854,3.302353263672405,2.902409634419303,1.177834391593933,0.562471866607666
2010-11-30,3,UAL,2.9610046765402114,4.403520377325151,1.5184889757552715,1.4953346252441406,0.2960966229438782
2010-11-30,4,FFIV,2.6791065551478335,2.560460378649497,2.7977527316461694,0.9639239311218262,0.5423276424407959
2010-11-30,5,CMG,2.3941196216243235,2.5039381123952875,2.2843011308533594,0.9476268291473389,0.4434991478919983
2010-11-30,6,BKNG,2.05175367120333,2.2363607282142035,1.8671466141924566,0.8704760670661926,0.36320579051971436
2010-11-30,7,FOSL,2.0490510230401067,1.96273503569406,2.1353670103861533,0.791581392288208,0.4148325026035309
2010-11-30,8,INCY,1.9597267646917875,2.8234594633984544,1.0959940659851204,1.0397546291351318,0.21477535367012024
2010-11-30,9,NTAP,1.8880146283465886,1.5664174508470816,2.209611805846096,0.6773108839988708,0.42912304401397705
2010-11-30,10,AKAM,1.8215186306866955,2.1786452554614963,1.4643920059118947,0.8538349270820618,0.28568410873413086
2010-11-30,11,MBI,1.7681321092850695,2.73976632234581,0.7964978962243291,1.0156233310699463,0.1571287214756012
2010-11-30,12,SWKS,1.7663497167444147,1.9479679682973692,1.5847314651914601,0.7873235940933228,0.3088468909263611
2010-11-30,13,NL,1.6561596351863463,1.584636176058294,1.7276830943143984,0.6825639009475708,0.3363620340824127
2010-11-30,14,CRM,1.6305938210568116,1.6989977422815306,1.5621898998320924,0.7155378460884094,0.30450811982154846
2010-11-30,15,ULTA,1.5598376203535353,1.6679873968842382,1.4516878438228324,0.7065966129302979,0.28323882818222046
2010-11-30,16,AAP,1.5263568865368322,1.1636819365211764,1.889031836552488,0.5611898899078369,0.36741822957992554
2010-11-30,17,URI,1.4817637237807775,1.5864481051919277,1.3770793423696273,0.6830863356590271,0.2688782811164856
2010-11-30,18,ALK,1.47720974756935,1.711845797910107,1.242573697228593,0.7192423343658447,0.24298880994319916
2010-11-30,19,WYNN,1.414771611954241,1.80934887779256,1.0201943461159224,0.7473554611206055,0.20018552243709564
2010-11-30,20,DXCM,1.4086114911452317,1.6389915693885158,1.1782314129019476,0.6982362270355225,0.23060429096221924
2010-12-31,1,LVS,3.489774308031868,3.598527055086061,3.381021560977676,1.184462547302246,0.7574727535247803
2010-12-31,2,NFLX,3.261050740011952,3.8575154851221547,2.66458599490175,1.2561440467834473,0.6165099143981934
2010-12-31,3,CMG,2.9848431344906086,3.4039532256440856,2.565733043337132,1.130609393119812,0.5970600247383118
2010-12-31,4,FFIV,2.885478481110078,3.0444460601149936,2.7265109021051623,1.0311068296432495,0.6286939978599548
2010-12-31,5,UAL,2.547085235648565,3.9138202765184085,1.1803501947787216,1.2717278003692627,0.3244779407978058
2010-12-31,6,BKNG,2.3652182692210966,1.5227559447452925,3.207680593696901,0.6099411845207214,0.723366916179657
2010-12-31,7,FOSL,2.3429477946338615,2.156012133869107,2.529883455398616,0.7852106094360352,0.590006411075592
2010-12-31,8,UAA,2.262787115307657,2.2570834682893373,2.2684907623259774,0.8131846189498901,0.5385758876800537
2010-12-31,9,FTNT,2.2622584298352804,1.591761466590674,2.932755393079886,0.6290401816368103,0.6692737936973572
2010-12-31,10,DECK,2.2585867729214355,2.6159329420320816,1.9012406038107896,0.9125051498413086,0.4663172960281372
2010-12-31,11,MBI,2.086114666499145,3.1499803953801058,1.0222489376181845,1.0603160858154297,0.2933706045150757
2010-12-31,12,CRM,2.0752529144983916,2.202267851320914,1.9482379776758687,0.7980130314826965,0.47556430101394653
2010-12-31,13,URI,2.0071547568258667,2.0474899741626764,1.966819539489057,0.7551743984222412,0.47922033071517944
2010-12-31,14,NL,1.9576941414618083,1.5247044697233125,2.390683813200304,0.6104804873466492,0.5626180768013
2010-12-31,15,IPGP,1.9526668408383867,1.6655183485808454,2.239815333095928,0.6494542360305786,0.5329338312149048
2010-12-31,16,SWKS,1.9277860000069236,1.9431790662185342,1.9123929337953132,0.72630375623703,0.46851158142089844
2010-12-31,17,BWA,1.8999622088983745,1.8185960041761446,1.9813284136206042,0.6918222904205322,0.482075035572052
2010-12-31,18,CMI,1.7619087538161549,2.148620530993269,1.3751969766390404,0.7831647992134094,0.36281517148017883
2010-12-31,19,ILMN,1.6561880509463216,1.963070258702489,1.3493058431901543,0.731809139251709,0.3577209413051605
2010-12-31,20,BBWI,1.6311114430282894,2.104705067844749,1.15751781821183,0.7710101008415222,0.3199855387210846
2011-01-31,1,MBI,3.2200768326301064,3.3647119683771263,3.0754416968830864,1.1027910709381104,0.7595221400260925
2011-01-31,2,LVS,3.173042603646148,3.442660556388338,2.9034246509039576,1.1235116720199585,0.7301679849624634
2011-01-31,3,URI,3.117312044113482,2.380495624392121,3.8541284638348428,0.8411628007888794,0.8924025297164917
2011-01-31,4,NFLX,2.51021169353836,3.579210166105004,1.4412132209717163,1.1598098278045654,0.4806463122367859
2011-01-31,5,FFIV,2.4892911102275797,2.598218192278272,2.3803640281768867,0.8990386724472046,0.6409093737602234
2011-01-31,6,BKNG,2.4496133909079525,1.48818347163674,3.4110433101791653,0.6039648652076721,0.8167914748191833
2011-01-31,7,FOSL,2.3922030146984086,2.0074339790457127,2.7769720503511044,0.7419940829277039,0.7085892558097839
2011-01-31,8,BWA,2.3231581324632797,2.1447710705423413,2.501545194384218,0.778501570224762,0.6615885496139526
2011-01-31,9,IPGP,2.258202876467371,1.6109021478017527,2.9055036051329894,0.6365864276885986,0.7305227518081665
2011-01-31,10,LULU,2.24874199018924,2.305172050389457,2.1923119299890232,0.8211399912834167,0.6088188886642456
2011-01-31,11,RCL,2.2102068037149203,1.5490101608102769,2.871403446619564,0.6201340556144714,0.7247036695480347
2011-01-31,12,CMI,2.1417729483101446,2.5515504793227,1.7319954172975895,0.8866332769393921,0.5302673578262329
2011-01-31,13,TKR,2.069922116738163,1.9066273421697788,2.2332168913065478,0.7151972651481628,0.6157991886138916
2011-01-31,14,FTNT,2.051861138482561,1.512471185600847,2.5912510913642754,0.6104211211204529,0.6768965721130371
2011-01-31,15,DECK,2.039152857263717,2.433149947838357,1.6451557666890768,0.85515958070755,0.5154484510421753
2011-01-31,16,DDS,1.9600573359524232,1.951221861350428,1.9688928105544183,0.7270515561103821,0.5706931352615356
2011-01-31,17,CF,1.8985556795126906,0.7296351445336031,3.0674762144917778,0.4023245573043823,0.7581628561019897
2011-01-31,18,CMG,1.869056084200248,2.5286330105628494,1.2094791578376465,0.8805412650108337,0.44110164046287537
2011-01-31,19,FCX,1.8413994244831238,0.807474310247371,2.8753245387188766,0.4230160713195801,0.7253727912902832
2011-01-31,20,NOV,1.824655809158108,0.83993764121606,2.8093739771001562,0.43164560198783875,0.7141185402870178
2011-02-28,1,NFLX,3.7056098323996345,3.9395847909545965,3.4716348738446725,1.2351913452148438,0.735999345779419
2011-02-28,2,URI,3.5373836605011215,3.80531559133296,3.2694517296692824,1.2020983695983887,0.704088568687439
2011-02-28,3,IPGP,3.0757179559199086,2.490623350041222,3.6608125617985947,0.8780696392059326,0.765857458114624
2011-02-28,4,FTNT,2.8993067749281485,2.1848506938712737,3.613762855985023,0.8027066588401794,0.7584315538406372
2011-02-28,5,LVS,2.8344265918606464,3.384565706949238,2.2842874767720542,1.0983972549438477,0.5485990643501282
2011-02-28,6,NVDA,2.7933015500637293,0.7172740591813763,4.8693290409460825,0.440996915102005,0.9565988779067993
2011-02-28,7,SWKS,2.6136250964044967,2.6514502374030378,2.575799955405955,0.9177082180976868,0.5946087837219238
2011-02-28,8,BKNG,2.5111877674402145,2.1152181715469256,2.9071573633335035,0.7855445146560669,0.6469072699546814
2011-02-28,9,DDS,2.375713285452835,2.502409945787608,2.2490166251180614,0.8809746503829956,0.5430322289466858
2011-02-28,10,FOSL,2.29741827573961,2.0827371982879272,2.5120993531912936,0.7775390148162842,0.5845548510551453
2011-02-28,11,LULU,2.2685529376078115,2.5338299851646373,2.0032758900509857,0.8887186646461487,0.504246711730957
2011-02-28,12,DINO,2.144466220225229,1.5714074537662326,2.717524986684226,0.6515129208564758,0.6169773936271667
2011-02-28,13,NOV,2.1130689253040105,1.3666397176348521,2.8594981329731683,0.6010443568229675,0.6393851637840271
2011-02-28,14,UAA,2.0837872725059383,2.4061892644057505,1.7613852806061259,0.8572593927383423,0.4660688638687134
2011-02-28,15,NL,1.892594923832168,1.9170864111897015,1.8681034364746343,0.7367115020751953,0.4829123020172119
2011-02-28,16,VIAV,1.846561902833522,2.0507708517216185,1.6423529539454256,0.7696603536605835,0.4472818672657013
2011-02-28,17,TRMB,1.824230237457807,1.766833070941503,1.881627403974111,0.6996789574623108,0.4850468039512634
2011-02-28,18,CMG,1.7732369877860652,2.253303057238702,1.2931709183334283,0.8195779323577881,0.39217010140419006
2011-02-28,19,CLF,1.7499258475576234,2.0494806574521167,1.4503710376631302,0.7693423628807068,0.41698116064071655
2011-02-28,20,TMUS,1.7204062168459646,2.3014346794845917,1.1393777542073376,0.831440806388855,0.36789676547050476
2011-03-31,1,URI,4.269095234359424,4.57439532161466,3.963795147104188,1.4117941856384277,1.0129737854003906
2011-03-31,2,IPGP,3.8800867293762815,4.05096148761864,3.7092119711339238,1.2803716659545898,0.9661794900894165
2011-03-31,3,VIAV,3.046197245069112,2.267340847282691,3.825053642855533,0.8325444459915161,0.9874720573425293
2011-03-31,4,LULU,3.022466992433155,2.919492309013666,3.125441675852643,0.996285080909729,0.8588781356811523
2011-03-31,5,DINO,2.5018186397334414,2.217347772254834,2.7862895072120493,0.8199923038482666,0.7965394258499146
2011-03-31,6,DDS,2.3512429882487678,2.640774565409241,2.0617114110882944,0.9263052940368652,0.6633565425872803
2011-03-31,7,NFLX,2.3301960999674716,3.494717724787204,1.1656744751477395,1.1407113075256348,0.4986582398414612
2011-03-31,8,FTNT,2.317354575576627,2.4002544368445013,2.2344547143087534,0.8659160733222961,0.6951080560684204
2011-03-31,9,SWKS,2.314996916787905,2.3606037252083705,2.269390108367439,0.8559606671333313,0.7015294432640076
2011-03-31,10,UAA,2.2276915295314454,2.6663712382271747,1.7890118208357157,0.9327320456504822,0.6132323145866394
2011-03-31,11,DECK,2.202938712525796,2.0950611830426227,2.3108162420089693,0.7892888784408569,0.709143877029419
2011-03-31,12,CIEN,2.157719975488797,1.554935373718079,2.760504577259515,0.653675377368927,0.7917999625205994
2011-03-31,13,LVS,2.1118845830636928,3.058753136559331,1.165016029568055,1.0312503576278687,0.49853721261024475
2011-03-31,14,NC,2.0116370320188386,2.9384953275322565,1.0847787365054211,1.0010563135147095,0.48378899693489075
2011-03-31,15,ULTA,1.9966280609962372,2.2280576235621457,1.7651984984303288,0.8226813077926636,0.6088552474975586
2011-03-31,16,NOV,1.9736648156104954,1.3970250092470462,2.550304621973945,0.6140276193618774,0.7531636357307434
2011-03-31,17,TER,1.928280621620201,1.4335112416100806,2.4230500016303216,0.6231884956359863,0.7297732830047607
2011-03-31,18,MTW,1.8902768518063517,1.0915727571790799,2.6889809464336234,0.5373353958129883,0.7786533832550049
2011-03-31,19,NVDA,1.7857009150199539,0.28805449486931617,3.2833473351705917,0.3355899453163147,0.8879023790359497
2011-03-31,20,NL,1.7536846203830438,1.7295647765811863,1.7778044641849011,0.697520911693573,0.6111723184585571
2011-04-30,1,IPGP,4.1854831769360565,4.456262536575205,3.914703817296907,1.3609591722488403,0.8710402846336365
2011-04-30,2,URI,3.819075272313904,4.092017245103185,3.546133299524623,1.2663767337799072,0.8076302409172058
2011-04-30,3,DINO,2.759566003913317,2.2788670191825906,3.2402649886440438,0.795561671257019,0.7550076842308044
2011-04-30,4,LULU,2.506284888922318,2.1572690529830685,2.855300724861568,0.7639867067337036,0.6887772083282471
2011-04-30,5,FTNT,2.4593716414577806,2.7612907787938124,2.157452504121749,0.9208311438560486,0.5687171816825867
2011-04-30,6,NFLX,2.4002680396679166,3.723945017223723,1.0765910621121104,1.1708005666732788,0.3827623426914215
2011-04-30,7,FOSL,2.394903725353606,2.7151267515799256,2.0746806991272857,0.9088438749313354,0.5544768571853638
2011-04-30,8,CMG,2.0690182938424395,2.614437832726487,1.523598754958392,0.8826982975006104,0.4596669673919678
2011-04-30,9,NOV,2.0283580388345825,1.8265897950319379,2.2301262826372277,0.6781202554702759,0.5812202095985413
2011-04-30,10,ULTA,1.9397198334262111,2.122934280856821,1.7565053859956015,0.7550711035728455,0.4997369647026062
2011-04-30,11,TMUS,1.9105439632337742,2.412275188423098,1.4088127380444502,0.8302033543586731,0.4399188160896301
2011-04-30,12,UAA,1.8481767406899507,2.445797608825141,1.25055587255476,0.8389080166816711,0.41269180178642273
2011-04-30,13,DECK,1.8251368516116706,1.631448633320155,2.018825069903186,0.627448558807373,0.5448672771453857
2011-04-30,14,MTW,1.7904208756833004,1.2482180921286568,2.332623659237944,0.5279362797737122,0.5988541841506958
2011-04-30,15,SWKS,1.7470793537848235,2.0298007609867654,1.4643579465828818,0.7308874130249023,0.4494749903678894
2011-04-30,16,HP,1.724568689199522,1.507058279800783,1.9420790985982612,0.595148503780365,0.5316636562347412
2011-04-30,17,NL,1.680974649896219,1.5346908632739296,1.8272584365185083,0.6023237705230713,0.511909544467926
2011-04-30,18,BWA,1.6565473359697807,2.048844085017129,1.2642505869224323,0.7358323335647583,0.41504788398742676
2011-04-30,19,TSCO,1.6460446118592356,2.0299674090093065,1.2621218147091644,0.7309306859970093,0.41468164324760437
2011-04-30,20,DDS,1.608986513847064,1.2795981902243982,1.9383748374697298,0.5360846519470215,0.5310263633728027
2011-05-31,1,IPGP,5.1466458977692735,4.653848342238768,5.63944345329978,1.377978801727295,1.127235770225525
2011-05-31,2,LULU,3.415305546125768,3.0806501495268184,3.749960942724718,0.9781343340873718,0.8142341375350952
2011-05-31,3,FTNT,2.477981083542163,3.1966025918629275,1.759359575221399,1.0076048374176025,0.48448169231414795
2011-05-31,4,REGN,2.419423695313264,1.9578195043774589,2.881027886249069,0.692755401134491,0.6702913045883179
2011-05-31,5,ULTA,2.332381321002355,2.510293201451027,2.1544694405536835,0.8331722617149353,0.5499334931373596
2011-05-31,6,DINO,2.31086847019572,2.303035712355323,2.3187012280361166,0.7804956436157227,0.5771392583847046
2011-05-31,7,FOSL,2.265963060878451,2.771333648633254,1.7605924731236475,0.8995183706283569,0.4846859276294708
2011-05-31,8,MTW,2.054505054746171,1.070299385044022,3.0387107244483196,0.46718305349349976,0.696412205696106
2011-05-31,9,TMUS,2.042579482856266,2.3446611272294264,1.7404978384831054,0.7910751700401306,0.4813571572303772
2011-05-31,10,VIAV,2.0293813639631595,1.0859308135519716,2.9728319143743476,0.47115594148635864,0.6854990720748901
2011-05-31,11,CIEN,2.021485696970047,0.8899615169098583,3.153009877030236,0.42134833335876465,0.7153463959693909
2011-05-31,12,DDS,2.0152696127524914,1.3647339705197947,2.665805254985188,0.5420166254043579,0.6346386671066284
2011-05-31,13,CTRA,1.9208356621955982,0.9900257357337241,2.8516455886574725,0.4467806816101074,0.6654239892959595
2011-05-31,14,LYB,1.9164257554680186,1.950529574963326,1.8823219359727112,0.690902590751648,0.5048509836196899
2011-05-31,15,URI,1.7976759705613166,2.0541082503482406,1.5412436907743925,0.7172281742095947,0.4483497738838196
2011-05-31,16,BSET,1.730756548506303,0.8033103226276241,2.6582027743849816,0.39932504296302795,0.6333792805671692
2011-05-31,17,CHTR,1.7007225218945266,0.9695194234319324,2.4319256203571205,0.4415687918663025,0.5958954095840454
2011-05-31,18,TSCO,1.6066970170742345,1.6638323754023188,1.5495616587461503,0.6180355548858643,0.4497276842594147
2011-05-31,19,BKNG,1.606213649656519,2.1276981940673276,1.0847291052457102,0.7359318137168884,0.3727259933948517
2011-05-31,20,NFLX,1.6009410999420162,2.598189089327133,0.6036931105568992,0.8555119037628174,0.29304012656211853
2011-06-30,1,IPGP,4.727767376084977,4.695143700380932,4.760391051789023,1.496917486190796,0.9639836549758911
2011-06-30,2,REGN,2.601056186797925,1.824428188006886,3.377684185588964,0.7423206567764282,0.7336082458496094
2011-06-30,3,NL,2.5566652045693026,3.0797215909071274,2.033608818231478,1.0722873210906982,0.509669303894043
2011-06-30,4,DINO,2.3623715865881865,2.407146725065051,2.317596448111322,0.8954941630363464,0.5569850206375122
2011-06-30,5,FTNT,2.3183721861102398,3.1431737570226845,1.4935706151977952,1.0889663696289062,0.4196925163269043
2011-06-30,6,FOSL,2.3043351118004582,2.9477130222905856,1.6609572013103309,1.0375875234603882,0.44758111238479614
2011-06-30,7,BSET,2.1229400982797766,0.8336066778293311,3.412273518730222,0.48187312483787537,0.7393712401390076
2011-06-30,8,LULU,2.0871154473862026,2.0381809549458256,2.13604993982658,0.7985077500343323,0.5267372131347656
2011-06-30,9,DDS,2.050231978073798,1.5783888016998708,2.522075154447725,0.6776466965675354,0.5910536050796509
2011-06-30,10,LYB,1.9311216324212823,2.4415786656433673,1.4206645991991973,0.9045449495315552,0.4075455069541931
2011-06-30,11,ULTA,1.890928086936877,1.9798835913957906,1.801972582477963,0.7831836938858032,0.47107595205307007
2011-06-30,12,DPZ,1.7950052762121347,1.4759562330932796,2.1140543193309895,0.6507212519645691,0.5230724811553955
2011-06-30,13,PSKY,1.786057777787878,1.527140091550146,2.04497546402561,0.6641754508018494,0.5115631222724915
2011-06-30,14,CIEN,1.7270510412859401,1.0592605240472994,2.394841558524581,0.5411885380744934,0.5698549747467041
2011-06-30,15,ANF,1.6877017146311966,1.9031973716079693,1.4722060576544238,0.7630259394645691,0.41613292694091797
2011-06-30,16,BKNG,1.6777807586201208,2.772096905573014,0.5834646116672276,0.9914250373840332,0.26805803179740906
2011-06-30,17,VIAV,1.6521529673338307,1.1416307906353649,2.1626751440322964,0.5628404021263123,0.5311732888221741
2011-06-30,18,GT,1.599546620920474,0.5172657889226092,2.681827452918339,0.3987196981906891,0.6176702380180359
2011-06-30,19,CTRA,1.5566259670970317,1.0168992168691615,2.096352717324902,0.530053436756134,0.5201231837272644
2011-06-30,20,URI,1.5259190245673964,2.085787766357819,0.9660502827769738,0.8110216856002808,0.3318013548851013
2011-07-31,1,IPGP,4.706990056572968,4.996534360092459,4.417445753053477,1.5632117986679077,0.8326890468597412
2011-07-31,2,FOSL,3.085114926035168,3.6294073252969077,2.5408225267734283,1.2215691804885864,0.5129799246788025
2011-07-31,3,FTNT,3.0714242587528493,3.5428957801630783,2.5999527373426203,1.199950098991394,0.5230535864830017
2011-07-31,4,ULTA,3.027359909180416,2.7592520376476477,3.2954677807131847,1.0041189193725586,0.6415443420410156
2011-07-31,5,NL,2.930806781762299,3.3191861998447454,2.5424273636798524,1.1440454721450806,0.5132533311843872
2011-07-31,6,LULU,2.7781183823485,3.1431091548148715,2.4131276098821286,1.1000441312789917,0.49122530221939087
2011-07-31,7,DINO,2.6608313734031555,2.639903561865295,2.681759184941016,0.9742939472198486,0.5369904637336731
2011-07-31,8,REGN,2.6053696787545726,2.472529238438744,2.738210119070401,0.9324674010276794,0.5466076731681824
2011-07-31,9,CTRA,2.2921539763226413,1.7555580223710467,2.828749930274236,0.7532975673675537,0.5620324015617371
2011-07-31,10,BSET,2.2205377518265648,1.1974890527887978,3.2435864508643317,0.6138371229171753,0.6327056288719177
2011-07-31,11,BIIB,2.130455638836898,1.9920811420314386,2.2688301356423572,0.8124042749404907,0.46664220094680786
2011-07-31,12,DPZ,2.090381396626265,1.956959231171886,2.223803562080644,0.8036273717880249,0.4589712917804718
2011-07-31,13,NFLX,2.082249336095573,2.273950147159502,1.8905485250316443,0.8828428387641907,0.40219661593437195
2011-07-31,14,BKNG,1.9929990329774392,3.0014365654801685,0.9845615004747099,1.0646404027938843,0.2478490024805069
2011-07-31,15,PSKY,1.93877536025283,1.9507563924069555,1.9267943280987045,0.8020772933959961,0.40837159752845764
2011-07-31,16,MNST,1.8741273804341758,1.6521392932853567,2.0961154675829947,0.7274534106254578,0.4372178316116333
2011-07-31,17,DDS,1.8563869599165619,2.3050955246079603,1.4076783952251635,0.8906260132789612,0.3199329078197479
2011-07-31,18,CMG,1.8492580317419576,1.9909572561489364,1.7075588073349788,0.8121234178543091,0.37102174758911133
2011-07-31,19,UAA,1.8387510975819539,2.1320569308211246,1.5454452643427834,0.847383975982666,0.3434034287929535
2011-07-31,20,TSCO,1.674813796455314,1.913224996151597,1.4364025967590313,0.7926982641220093,0.3248264789581299
2011-08-31,1,IPGP,3.57299165935644,4.263233362849833,2.882749955863047,1.3180660009384155,0.552208423614502
2011-08-31,2,FOSL,3.3090820947820596,3.6384324135339616,2.9797317760301576,1.1548303365707397,0.5702754855155945
2011-08-31,3,LULU,3.140298515716653,3.318482694209745,2.9621143372235608,1.0712401866912842,0.5669934749603271
2011-08-31,4,CTRA,2.823091722679948,2.630955712042968,3.0152277333169284,0.891616702079773,0.5768881440162659
2011-08-31,5,DINO,2.746765705619093,3.2427502413399623,2.2507811698982234,1.0514543056488037,0.4344768822193146
2011-08-31,6,ULTA,2.745155307271019,2.7181176620203757,2.772192952521662,0.9143886566162109,0.5316123962402344
2011-08-31,7,DPZ,2.3142256761310356,2.0596106699048384,2.5688406823572327,0.7423469424247742,0.49372923374176025
2011-08-31,8,REGN,2.291544078316864,2.224722164310413,2.358365992323315,0.7854840159416199,0.45451921224594116
2011-08-31,9,DDS,2.2174688233806665,2.6368919872383927,1.7980456595229406,0.8931676149368286,0.35013529658317566
2011-08-31,10,CMG,2.129625582439065,2.2266807700964515,2.0325703947816782,0.7859957218170166,0.3938256800174713
2011-08-31,11,NFLX,1.975148108595898,2.866320582258628,1.0839756349331677,0.9531081914901733,0.2171088457107544
2011-08-31,12,NL,1.9375123958895255,2.269498835621147,1.6055259561579038,0.7971823811531067,0.31427016854286194
2011-08-31,13,ANF,1.914934410479318,1.8857193286652616,1.9441494922933744,0.6969160437583923,0.3773534595966339
2011-08-31,14,BIIB,1.9041869721890476,1.5166429396002121,2.2917310047778834,0.6004910469055176,0.44210556149482727
2011-08-31,15,BKNG,1.849524948197394,2.562675315014206,1.1363745813805821,0.8737777471542358,0.22687041759490967
2011-08-31,16,GCO,1.6885366032274982,1.6711966704693269,1.7058765359856694,0.6408697962760925,0.33296480774879456
2011-08-31,17,DECK,1.6569126181762819,1.774946425862145,1.5388788104904185,0.6679754853248596,0.3018542528152466
2011-08-31,18,PSKY,1.6514217416794543,1.6228815046051321,1.6799619787537765,0.6282469630241394,0.3281370997428894
2011-08-31,19,COO,1.640513455896973,1.8136560961631965,1.4673708156307492,0.6780887842178345,0.2885327935218811
2011-08-31,20,CE,1.6369862430983741,1.817629887145284,1.456342599051464,0.6791269779205322,0.28647831082344055
2011-09-30,1,LULU,2.9931792141287543,3.9507081299098195,2.0356502983476887,1.2029988765716553,0.3441206216812134
2011-09-30,2,CTRA,2.9877392891873518,3.180641369918915,2.794837208455788,1.005127191543579,0.5086877346038818
2011-09-30,3,REGN,2.9043435061570015,3.11364765691901,2.6950393553949925,0.9879128932952881,0.4870547950267792
2011-09-30,4,ULTA,2.521769157912167,2.9915035005340416,2.0520348152902925,0.9565274715423584,0.3476722538471222
2011-09-30,5,DPZ,2.5061366618293714,2.271456090151166,2.7408172335075767,0.7715084552764893,0.49697795510292053
2011-09-30,6,DINO,2.4305589789003874,3.30422186141543,1.5568960963853447,1.036881685256958,0.24034222960472107
2011-09-30,7,MNST,2.0099187772082487,1.7552133121429634,2.2646242422735336,0.6388578414916992,0.3937547504901886
2011-09-30,8,GCO,1.9806721015856503,2.157547200098579,1.8037970030727213,0.7422391176223755,0.29386234283447266
2011-09-30,9,MKTX,1.9251154510380735,1.8856303133952095,1.9646005886809375,0.6723690032958984,0.3287193477153778
2011-09-30,10,CMG,1.8491435662409743,2.114707438351898,1.5835796941300506,0.7312312722206116,0.24612636864185333
2011-09-30,11,WYNN,1.8337185871564594,2.1283526219115863,1.5390845524013326,0.7347374558448792,0.23648126423358917
2011-09-30,12,IPGP,1.8170680390833527,3.1008748984811767,0.5332611796855287,0.9846308827400208,0.01845136098563671
2011-09-30,13,CF,1.7944932027178626,1.9377985984802024,1.6511878069555226,0.6857738494873047,0.2607816159725189
2011-09-30,14,FOSL,1.7715479649134371,2.0327152506035513,1.510380679223323,0.7101630568504333,0.23025919497013092
2011-09-30,15,BIIB,1.6867419725784745,1.4488893333166264,1.9245946118403225,0.560146689414978,0.3200473487377167
2011-09-30,16,MA,1.5814654271923754,1.2556725691317805,1.90725828525297,0.5104988813400269,0.31628939509391785
2011-09-30,17,DLTR,1.554045091355098,1.0438620850605969,2.064228097649599,0.4560733437538147,0.3503153622150421
2011-09-30,18,RRC,1.540381657588363,1.812480911626716,1.2682824035500102,0.6535729765892029,0.1777801364660263
2011-09-30,19,EQT,1.5398538988781287,1.702522175097146,1.3771856226591115,0.6253186464309692,0.20138682425022125
2011-09-30,20,NL,1.536441009466153,2.094653258862477,0.9782287600698288,0.7260782718658447,0.11490590870380402
2011-10-31,1,DPZ,2.191905863017995,2.231678120170672,2.1521336058653184,0.7233227491378784,0.3910737931728363
2011-10-31,2,MNST,2.0124884282769457,1.9432371370028763,2.081739719551015,0.6272062659263611,0.3710653781890869
2011-10-31,3,ULTA,2.005969664753793,2.331746973837687,1.6801923556698983,0.7566684484481812,0.25693151354789734
2011-10-31,4,REGN,2.003838556353632,2.321765452335813,1.6859116603714515,0.75334233045578,0.25855714082717896
2011-10-31,5,CTRA,1.780424054431542,2.2323177617829635,1.3285303470801206,0.7235358953475952,0.1569768190383911
2011-10-31,6,LULU,1.7436114862218859,2.3963620455330346,1.0908609269107374,0.7781999707221985,0.08942282199859619
2011-10-31,7,GCO,1.673139532337803,1.6964644404308649,1.6498146242447416,0.5449748039245605,0.2482970952987671
2011-10-31,8,DLTR,1.5998295875678483,1.3587610363575955,1.8408981387781012,0.43244272470474243,0.30260974168777466
2011-10-31,9,BIIB,1.5964520816421164,1.5816602187491486,1.6112439445350843,0.5067188739776611,0.23733395338058472
2011-10-31,10,BBWI,1.5178307619009919,1.5681612049917624,1.4675003188102214,0.502220630645752,0.19647696614265442
2011-10-31,11,DECK,1.4911894396212033,1.9309018559998434,1.051477023242563,0.6230958104133606,0.07822853326797485
2011-10-31,12,DDS,1.4841799543638463,1.9020326621242818,1.0663272466034108,0.6134757995605469,0.08244948834180832
2011-10-31,13,IAC,1.4661337029372272,1.2888250980400906,1.6434423078343638,0.40913814306259155,0.2464858591556549
2011-10-31,14,COO,1.4577677632819968,1.678013391428431,1.2375221351355623,0.5388264060020447,0.1311090886592865
2011-10-31,15,VFC,1.4569943056154555,1.3564209604647535,1.5575676507661576,0.4316629469394684,0.22207726538181305
2011-10-31,16,CMG,1.455196475931586,1.759780195383571,1.150612756479601,0.5660733580589294,0.10640639066696167
2011-10-31,17,PRGO,1.3990149452813672,1.3130252301131788,1.4850046604495555,0.41720229387283325,0.2014523148536682
2011-10-31,18,MA,1.352346892322231,1.1117426608833239,1.5929511237611382,0.3501293957233429,0.23213449120521545
2011-10-31,19,MKTX,1.2251113727348408,1.3894984452274464,1.060724300242235,0.4426852762699127,0.08085693418979645
2011-10-31,20,AMZN,1.2196860825237654,1.0204696843034533,1.4189024807440778,0.3197147250175476,0.18266375362873077
2011-11-30,1,DPZ,2.4354652757049102,2.226040169226813,2.644890382183007,0.7693467140197754,0.5451255440711975
2011-11-30,2,CTRA,2.347460440091866,2.9296241705534314,1.765296709630301,0.9892182946205139,0.32379430532455444
2011-11-30,3,LULU,1.859427946405442,2.758039748503035,0.960816144307849,0.9355977773666382,0.12136369943618774
2011-11-30,4,ULTA,1.844674880286271,2.2763695880923613,1.4129801724801807,0.785074770450592,0.23514126241207123
2011-11-30,5,DECK,1.8251462934930742,1.9556565609971601,1.6946360259889883,0.6848512291908264,0.3060140311717987
2011-11-30,6,GCO,1.8124922402960066,1.6435324538025722,1.981452026789441,0.5873117446899414,0.3781852424144745
2011-11-30,7,VFC,1.6313828167574869,1.4710121025044949,1.7917535310104786,0.5333987474441528,0.3304516077041626
2011-11-30,8,MNST,1.5988488356253023,1.536014648947805,1.6616830223027996,0.5537121891975403,0.29772210121154785
2011-11-30,9,RRC,1.5001274891748542,1.7275892761462903,1.272665702203418,0.6135796904563904,0.19983407855033875
2011-11-30,10,DLTR,1.4863601358386729,1.1837886342223196,1.7889316374550261,0.4436407685279846,0.32974153757095337
2011-11-30,11,UAA,1.485272278075099,1.6597188609098015,1.3108256952403967,0.5923700332641602,0.20943623781204224
2011-11-30,12,REGN,1.4813333248031983,2.1655854721785905,0.797081177427806,0.7504544854164124,0.08016324043273926
2011-11-30,13,BIIB,1.4587163510665633,1.7422715589316917,1.1751611432014348,0.6181679368019104,0.17529910802841187
2011-11-30,14,DDS,1.3970517954277262,2.027199358898178,0.7669042319572746,0.707208514213562,0.0725698471069336
2011-11-30,15,EQT,1.385158137325692,1.5132277185992393,1.2570885560521448,0.5465912222862244,0.19591441750526428
2011-11-30,16,ISRG,1.3510333592347625,1.3665622458765354,1.3355044725929897,0.5007579326629639,0.21564613282680511
2011-11-30,17,TSCO,1.3462717560637163,1.654118544103117,1.0384249680243158,0.5906199216842651,0.14089232683181763
2011-11-30,18,CMG,1.3313203106449345,1.2660931879704718,1.3965474333193972,0.4693611264228821,0.23100630939006805
2011-11-30,19,RL,1.3120377741291778,1.3625593220695096,1.2615162261888457,0.49950700998306274,0.19702854752540588
2011-11-30,20,TYL,1.2996164919998467,1.1599217708392382,1.4393112131604553,0.43618232011795044,0.24176691472530365
2011-12-31,1,CTRA,2.421908600078529,2.7142991593323242,2.1295180408247334,0.9316696524620056,0.4115464389324188
2011-12-31,2,DPZ,1.954649219482525,2.313208909431587,1.596089529533463,0.8020894527435303,0.27901700139045715
2011-12-31,3,VFC,1.6790050613817762,1.5054524305580579,1.8525576922054945,0.541127622127533,0.3427360951900482
2011-12-31,4,ULTA,1.657662906095418,1.964019746539249,1.351306065651587,0.689276933670044,0.2182009518146515
2011-12-31,5,GNRC,1.5826075575458531,1.44933841028326,1.7158767048084462,0.5229988694190979,0.30877792835235596
2011-12-31,6,MNST,1.5097330329266514,1.5314473450038197,1.4880187208494833,0.549525797367096,0.2521669864654541
2011-12-31,7,RRC,1.4883744225686506,1.4969992588304541,1.4797495863068473,0.5383966565132141,0.25011253356933594
2011-12-31,8,BIIB,1.4481765405365132,1.6446030241986291,1.2517500568743973,0.5860829949378967,0.1934664249420166
2011-12-31,9,MA,1.4006646365372961,1.2534811998427464,1.5478480732318458,0.4597232937812805,0.2670314908027649
2011-12-31,10,ISRG,1.3833987066817646,1.4144634036991894,1.3523340096643397,0.5117318034172058,0.21845634281635284
2011-12-31,11,GCO,1.3626400896008306,1.1576583232774509,1.56762185592421,0.42876580357551575,0.2719442546367645
2011-12-31,12,AXON,1.3451619863099262,1.0727078955986062,1.6176160770212462,0.4013208746910095,0.2843652367591858
2011-12-31,13,FAST,1.3401227698370644,1.2608600597503268,1.419385479923802,0.46210718154907227,0.2351151704788208
2011-12-31,14,TYL,1.3173954447161582,1.2273226387226996,1.4074682507096168,0.45127224922180176,0.23215435445308685
2011-12-31,15,OKE,1.2997713868316827,1.4347469200662173,1.164795853597148,0.518284797668457,0.17186279594898224
2011-12-31,16,LULU,1.2891480472487014,1.7410126857104447,0.8372834087869578,0.6172300577163696,0.0904928669333458
2011-12-31,17,MKTX,1.288106598714503,1.3150083827408312,1.261204814688175,0.4796008765697479,0.19581544399261475
2011-12-31,18,FICO,1.282664767991565,1.2119964911696905,1.3533330448134395,0.4463208317756653,0.21870455145835876
2011-12-31,19,TSCO,1.2621919387873586,1.4960961579616554,1.0282877196130615,0.5381048917770386,0.13794757425785065
2011-12-31,20,DLTR,1.2560415093923516,1.0502226211583925,1.4618603976263107,0.3940565586090088,0.24566799402236938
2012-01-31,1,DPZ,1.9117620945969769,2.2681234184480914,1.5554007707458621,0.7554300427436829,0.29645881056785583
2012-01-31,2,GNRC,1.7513143068440333,1.6619595383209902,1.8406690753670765,0.5501176714897156,0.36800235509872437
2012-01-31,3,CTRA,1.5067643619348663,2.0983515317168884,0.9151771921528443,0.6979269981384277,0.13589465618133545
2012-01-31,4,ISRG,1.5059872087377064,1.7671856544810336,1.244788762994379,0.5857585668563843,0.21855922043323517
2012-01-31,5,MA,1.3863900861055432,1.5468921041351182,1.2258880680759678,0.5111434459686279,0.21381904184818268
2012-01-31,6,MNST,1.3002464908936988,1.7109033953156543,0.8895895864717435,0.5666953325271606,0.12947744131088257
2012-01-31,7,TRGP,1.2890415212189046,1.352772616407929,1.2253104260298804,0.4453936815261841,0.2136741727590561
2012-01-31,8,GCO,1.280429124467893,1.5106198855737716,1.0502383633620143,0.4988577663898468,0.16976717114448547
2012-01-31,9,OKE,1.2564375254470637,1.4490238355653213,1.0638512153288058,0.4779947102069855,0.1731811910867691
2012-01-31,10,NEU,1.2384191574182544,1.479773203026557,0.9970651118099516,0.48840975761413574,0.156431645154953
2012-01-31,11,DLTR,1.2271920339735325,1.1992245447249201,1.2551595232221446,0.39338576793670654,0.2211601436138153
2012-01-31,12,BSET,1.2155632659992193,1.97046455072561,0.46066198127282865,0.6546106934547424,0.021905023604631424
2012-01-31,13,TJX,1.2027396758119595,1.1830705044173964,1.2224088472065229,0.3879142701625824,0.21294647455215454
2012-01-31,14,FAST,1.1874517254475232,1.2048887930611685,1.170014657833878,0.39530429244041443,0.1998063325881958
2012-01-31,15,FICO,1.1850820469767578,1.3086696130166107,1.061494480936905,0.43045565485954285,0.17259013652801514
2012-01-31,16,ROST,1.175482765792901,1.2740959210553873,1.0768696105304147,0.4187452793121338,0.1764461249113083
2012-01-31,17,ULTA,1.1708234344503239,1.947390316749774,0.39425655215087374,0.6467952728271484,0.00525094848126173
2012-01-31,18,MKTX,1.1533235917981495,1.1734976387670846,1.1331495448292142,0.3846718668937683,0.19056078791618347
2012-01-31,19,VFC,1.1475574339369419,1.253449812859545,1.041665055014339,0.41175228357315063,0.1676170378923416
2012-01-31,20,V,1.1379993499480234,1.1430938894412241,1.1329048104548227,0.3743738830089569,0.190499410033226
2012-02-29,1,REGN,2.7958646526648616,3.058275901147588,2.5334534041821355,0.9924156665802002,0.5378965139389038
2012-02-29,2,GNRC,2.0647687343945402,2.0271573050899274,2.102380163699153,0.6680014729499817,0.4488929510116577
2012-02-29,3,URI,1.720053399874054,1.0516787764367777,2.3884280233113304,0.3610929548740387,0.5079531669616699
2012-02-29,4,STX,1.704162562024441,1.32510958322327,2.083215540825612,0.447120726108551,0.44493603706359863
2012-02-29,5,MNST,1.6413491370801054,1.8509654475491752,1.4317328266110358,0.6125673651695251,0.3104245960712433
2012-02-29,6,TYL,1.529636831539161,1.5774383067094164,1.481835356368906,0.5265092849731445,0.3207692503929138
2012-02-29,7,ULTA,1.519383309283723,2.1946756877817086,0.8440909307857376,0.7207067012786865,0.18909434974193573
2012-02-29,8,FAST,1.519104185013023,1.4879294784911314,1.5502788915349144,0.4983476996421814,0.33490076661109924
2012-02-29,9,DPZ,1.4822021758466195,2.0925121455219333,0.8718922061713059,0.6885636448860168,0.19483447074890137
2012-02-29,10,NEU,1.4738886213620082,1.6452637319765233,1.302513510747493,0.5478487610816956,0.2837447226047516
2012-02-29,11,CNC,1.4689542530712614,1.4580375048536491,1.4798710012888738,0.4889429807662964,0.3203636705875397
2012-02-29,12,ROST,1.3642492080731912,1.3511383434601403,1.3773600726862418,0.45530998706817627,0.2991982698440552
2012-02-29,13,DLTR,1.3358584110143124,1.5463852093502617,1.1253316126783628,0.5167392492294312,0.24716202914714813
2012-02-29,14,DG,1.3288793182901713,1.2601832730341134,1.3975753635462294,0.4266933798789978,0.3033721148967743
2012-02-29,15,MOH,1.2872094500536977,1.1875237159337675,1.386895184173628,0.40383297204971313,0.30116698145866394
2012-02-29,16,ORLY,1.2514931466540782,1.0503070818199118,1.4526792114882447,0.3606613874435425,0.3147493898868561
2012-02-29,17,BIIB,1.2065523182881412,1.7750059044628907,0.6380987321133919,0.588668704032898,0.14656320214271545
2012-02-29,18,GWW,1.1624859977915376,1.1399716358824155,1.1850003597006598,0.388871967792511,0.259481817483902
2012-02-29,19,TSCO,1.1494719631851003,1.3684838723018389,0.9304600540683619,0.46076729893684387,0.20692695677280426
2012-02-29,20,GRMN,1.119252197498958,1.0126278687340111,1.225876526263905,0.34880661964416504,0.267921507358551
2012-03-31,1,STX,2.8715281580521195,2.4227610675714404,3.320295248532799,0.7710455060005188,0.839565098285675
2012-03-31,2,REGN,2.7258365920942467,3.371392219902386,2.080280964286108,1.0609673261642456,0.5739125609397888
2012-03-31,3,URI,2.2734103338792577,0.8706243953498338,3.676196272408682,0.2966795861721039,0.9158110022544861
2012-03-31,4,DPZ,1.7622616120642005,2.59629721892385,0.9282260052045509,0.8240818381309509,0.327103853225708
2012-03-31,5,FAST,1.6163198173693019,1.678551843591693,1.5540877911469109,0.5435993671417236,0.46118438243865967
2012-03-31,6,MOH,1.5905374534379482,1.1250702789690163,2.05600462790688,0.3744436502456665,0.5687117576599121
2012-03-31,7,ULTA,1.5804486253259635,2.1592394664653787,1.0016577841865486,0.690507709980011,0.342835396528244
2012-03-31,8,PHM,1.472227171347495,0.7031649698171866,2.2412893728778034,0.24550043046474457,0.6084059476852417
2012-03-31,9,TYL,1.4676319362648347,1.650522249133016,1.2847416233966533,0.5350329279899597,0.4034814238548279
2012-03-31,10,MNST,1.4577696238886313,2.1467715324533088,0.7687677153239537,0.686697244644165,0.2929425537586212
2012-03-31,11,CNC,1.4140974852506212,1.4409649455305422,1.3872300249707001,0.4709877669811249,0.425437867641449
2012-03-31,12,EQIX,1.3733091511055737,1.4818287362621518,1.2647895659489954,0.4834766089916229,0.3992070257663727
2012-03-31,13,FICO,1.3391885579216838,1.1202418775189102,1.5581352383244573,0.37296798825263977,0.46205148100852966
2012-03-31,14,M,1.333542437424684,1.4564081265716782,1.21067674827769,0.4757075309753418,0.38761425018310547
2012-03-31,15,TSCO,1.2533590295359704,1.5448483708445995,0.9618696882273413,0.5027367472648621,0.33431145548820496
2012-03-31,16,ITT,1.1945287602506003,0.8035999618346503,1.5854575586665505,0.2761954963207245,0.46790483593940735
2012-03-31,17,TRGP,1.1745206331457623,1.0078018987959372,1.3412393674955874,0.3386039435863495,0.41558513045310974
2012-03-31,18,AAPL,1.1536709290094356,1.3036280068351018,1.0037138511837693,0.4290146827697754,0.34327587485313416
2012-03-31,19,MA,1.1325695787476477,1.7297265605584093,0.5354125969368859,0.5592394471168518,0.24295008182525635
2012-03-31,20,BLDR,1.1306028437619204,0.7084689466257126,1.5527367408981283,0.2471214383840561,0.46089494228363037
2012-04-30,1,BLDR,3.0588484654600756,1.1714263149147894,4.9462706160053616,0.39839795231819153,1.2031850814819336
2012-04-30,2,STX,2.933846660258161,2.066762836887633,3.8009304836286883,0.6713796257972717,0.985438346862793
2012-04-30,3,CZR,2.768143305780967,1.9248114901360902,3.611475121425844,0.6280996799468994,0.9494199752807617
2012-04-30,4,REGN,2.632899048994986,2.992376553587798,2.2734215444021744,0.9535925984382629,0.695035457611084
2012-04-30,5,URI,2.115892834404399,0.6967814293227249,3.5350042394860735,0.25368213653564453,0.9348816871643066
2012-04-30,6,LEN,1.7645266334632415,1.223001675705597,2.3060515912208857,0.41412290930747986,0.7012389302253723
2012-04-30,7,MOH,1.6689486394308448,0.6256811286712471,2.7122161501904425,0.23200416564941406,0.7784570455551147
2012-04-30,8,PHM,1.6562069789420706,0.45163087853564526,2.860783079348496,0.17893749475479126,0.8067018985748291
2012-04-30,9,EQIX,1.6437931150866945,1.6593098428340105,1.6282763873393786,0.5471501350402832,0.572383463382721
2012-04-30,10,FICO,1.6241147155844136,0.9504305828441524,2.2977988483246747,0.33101794123649597,0.6996699571609497
2012-04-30,11,LYB,1.60130956366065,0.7208154328918944,2.4818036944294057,0.26100993156433105,0.7346521019935608
2012-04-30,12,MPWR,1.50896905101115,0.935799731663752,2.082138370358548,0.32655709981918335,0.6586695909500122
2012-04-30,13,DPZ,1.437675591877491,2.341995381876869,0.5333558018781133,0.7552960515022278,0.3642222583293915
2012-04-30,14,ULTA,1.4204442297096147,2.057769537178893,0.7831189222403363,0.6686376333236694,0.4117060601711273
2012-04-30,15,FAST,1.4043017434535754,1.59537927604376,1.2132242108633906,0.5276581645011902,0.49347567558288574
2012-04-30,16,FFIV,1.3785827409608997,0.7648410199407323,1.9923244619810672,0.2744330167770386,0.6415945887565613
2012-04-30,17,MNST,1.354794435706866,2.237911373057258,0.4716774983564738,0.7235615849494934,0.35249626636505127
2012-04-30,18,AAPL,1.3210023226472623,1.644098863903557,0.9979057813909675,0.5425124168395996,0.4525403380393982
2012-04-30,19,CNC,1.2974018196646009,1.1612870307508478,1.4335166085783537,0.3953065574169159,0.5353566408157349
2012-04-30,20,ALGN,1.2967413960767953,0.8373934482846762,1.7560893438689145,0.29655373096466064,0.5966826677322388
2012-05-31,1,CZR,3.8892238016227245,2.0395979841610217,5.738849619084427,0.6599138379096985,1.1204602718353271
2012-05-31,2,REGN,3.7264328251891548,3.016304114413024,4.436561535965286,0.9745891690254211,0.8944259285926819
2012-05-31,3,BLDR,3.0468917618288076,1.3984740026367068,4.695309521020908,0.45335641503334045,0.9393360614776611
2012-05-31,4,STX,2.5092057862372403,1.8542425756443046,3.1641689968301763,0.6001960039138794,0.6735804677009583
2012-05-31,5,URI,2.341918534988039,1.4241884605325352,3.2596486094435426,0.4616411030292511,0.6901525855064392
2012-05-31,6,EXPE,2.1653704289130467,1.8693638845937235,2.46137697323237,0.605067789554596,0.5515989065170288
2012-05-31,7,EQIX,1.9426508184792874,1.5101514414983122,2.3751501954602627,0.48933666944503784,0.536632776260376
2012-05-31,8,PHM,1.782019386675954,0.5838316827636995,2.9802070905882085,0.19089482724666595,0.6416507363319397
2012-05-31,9,MNST,1.774429725191787,2.088314925059554,1.4605445253240206,0.6756094694137573,0.3778873383998871
2012-05-31,10,LEN,1.7372633697038224,1.1926892404440492,2.2818374989635957,0.3870566487312317,0.5204367637634277
2012-05-31,11,DPZ,1.5620630571131324,2.4386621573695337,0.685463956856731,0.7884843945503235,0.24335886538028717
2012-05-31,12,FICO,1.5024203433463685,1.1219307277642396,1.8829099589284972,0.36425966024398804,0.4511960744857788
2012-05-31,13,AAPL,1.487102904664086,1.5791363200079613,1.3950694893202105,0.5115622282028198,0.36652302742004395
2012-05-31,14,ORLY,1.480623355169866,1.7920445720206826,1.1692021383190494,0.5801570415496826,0.3273198902606964
2012-05-31,15,ROST,1.4380345864313981,1.6153582699584934,1.2607109029043027,0.5232322216033936,0.3432027995586395
2012-05-31,16,TNL,1.4352146345345373,1.2146931638938752,1.6557361051751995,0.3941458761692047,0.4117661714553833
2012-05-31,17,MPWR,1.4113435349726227,0.6091853826922999,2.213501687252945,0.1990632861852646,0.5085759162902832
2012-05-31,18,INCY,1.3887158875800414,0.6242356038217665,2.1531961713383163,0.2039121687412262,0.4981088638305664
2012-05-31,19,M,1.37374931598817,1.7155048666650254,1.0319937653113145,0.5554974675178528,0.3035050332546234
2012-05-31,20,TJX,1.3619898058500868,1.4042240221241042,1.3197555895760693,0.455208957195282,0.3534510135650635
2012-06-30,1,CZR,3.914493778548917,1.9320778720561842,5.89690968504165,0.5651532411575317,1.1480050086975098
2012-06-30,2,REGN,3.427283688901686,2.7124746873827577,4.142092690420614,0.8154001832008362,0.8254472017288208
2012-06-30,3,BLDR,3.229895864996735,1.7054349318726596,4.754356798120811,0.4924764931201935,0.9379891753196716
2012-06-30,4,EXPE,2.3325152638273594,1.9310719030479897,2.7339586246067293,0.5648306608200073,0.5666141510009766
2012-06-30,5,MNST,2.2472161817941343,2.3723038136788213,2.122128549909447,0.7063188552856445,0.4541519582271576
2012-06-30,6,VRTX,2.0565713582836587,0.5008669951176317,3.6122757214496852,0.10621217638254166,0.7280600666999817
2012-06-30,7,EQIX,1.982020830732001,1.6520312120152418,2.3120104494487603,0.4753517210483551,0.48905467987060547
2012-06-30,8,AAPL,1.8255423084769413,1.7519514258106155,1.899133191143267,0.5073927640914917,0.41316255927085876
2012-06-30,9,LULU,1.6757050419925528,1.635352888995512,1.7160571949895937,0.47000354528427124,0.3795108497142792
2012-06-30,10,SHW,1.6528175336487292,1.4344982208479997,1.8711368464494587,0.40559622645378113,0.40801647305488586
2012-06-30,11,LEN,1.569179579950792,1.3273215354874177,1.8110376244141662,0.37122827768325806,0.3969694674015045
2012-06-30,12,ROST,1.5639415932909593,1.5561618264895622,1.5717213600923565,0.4446096420288086,0.3529800772666931
2012-06-30,13,TJX,1.5483648164558228,1.6773747721421433,1.4193548607695021,0.4834785461425781,0.3249731659889221
2012-06-30,14,TNL,1.45121526948039,1.3481201120215867,1.5543104269391934,0.3778976798057556,0.34977972507476807
2012-06-30,15,GAP,1.412626479317289,1.2157906697837173,1.6094622888508605,0.33546409010887146,0.3599173426628113
2012-06-30,16,STX,1.4021169640916156,1.3411231254407536,1.4631108027424775,0.3756539821624756,0.3330160677433014
2012-06-30,17,INCY,1.3851459873401266,0.7431941157683725,2.0270978589118807,0.1839183121919632,0.43668410181999207
2012-06-30,18,ULTA,1.3664664749901503,1.6631523555379293,1.0697805944423715,0.4789178967475891,0.2607169449329376
2012-06-30,19,SWKS,1.3503524673126128,0.3353513913561386,2.365353543269087,0.053136903792619705,0.49885982275009155
2012-06-30,20,DHI,1.3288676296301538,1.1733432201100606,1.484392039150247,0.3218526244163513,0.3369278311729431
2012-07-31,1,BLDR,3.5105372570666784,2.536710126350321,4.484364387783035,0.7905691862106323,0.8430872559547424
2012-07-31,2,CZR,3.2309608525546345,1.4436911419498266,5.018230563159443,0.4495820105075836,0.9322062134742737
2012-07-31,3,REGN,3.0059870214405384,2.2469586631654628,3.765015379715614,0.700175940990448,0.7230054140090942
2012-07-31,4,EQIX,2.2504541690360256,1.7757531277557983,2.7251552103162533,0.5531747937202454,0.5494202375411987
2012-07-31,5,EXPE,2.1685450093862486,1.8516505646577908,2.4854394541147067,0.5768523812294006,0.509404182434082
2012-07-31,6,LEN,1.951363322840709,1.7351339637459537,2.1675926819354645,0.5405029058456421,0.4563456177711487
2012-07-31,7,MNST,1.9273735762706958,1.813043644521867,2.0417035080195247,0.5648082494735718,0.4353307783603668
2012-07-31,8,PHM,1.8357130713396463,1.073940947996893,2.5974851946824,0.3342317044734955,0.5281081199645996
2012-07-31,9,STX,1.7534849222900566,1.5043111350116638,2.002658709568449,0.4684935212135315,0.42881298065185547
2012-07-31,10,AAPL,1.7020653149324425,1.7776688863319285,1.6264617435329565,0.5537724494934082,0.36601394414901733
2012-07-31,11,SHW,1.6766291583377715,1.5172617546951022,1.8359965619804406,0.4725337028503418,0.40099185705184937
2012-07-31,12,DHI,1.6298173427116993,1.5393469527693637,1.720287732654035,0.4794235825538635,0.38167643547058105
2012-07-31,13,GAP,1.6182682729217825,1.4178356614519023,1.8187008843916628,0.4415159225463867,0.3981046676635742
2012-07-31,14,SWKS,1.5571239254091265,0.5571034074721751,2.5571444433460777,0.17299482226371765,0.521373987197876
2012-07-31,15,TNL,1.4949873374510823,1.5064108843635808,1.4835637905385834,0.46914857625961304,0.34215980768203735
2012-07-31,16,ULTA,1.4492575186173955,1.2203272954447302,1.678187741790061,0.3798995912075043,0.3746486306190491
2012-07-31,17,TJX,1.3967199530026861,1.617394005682131,1.1760459003232415,0.5037717819213867,0.2908254563808441
2012-07-31,18,VRTX,1.3957449490315643,0.23616003869909344,2.555329859364035,0.07287069410085678,0.5210710763931274
2012-07-31,19,ALGN,1.3622059954536652,1.2321571571938332,1.4922548337134973,0.38359013199806213,0.34361061453819275
2012-07-31,20,TDG,1.3542708899571516,1.2435065985839375,1.4650351813303657,0.3871307969093323,0.3390668034553528
2012-08-31,1,EXPE,2.502338759984346,1.9496549058179744,3.0550226141507175,0.6580197811126709,0.5703749060630798
2012-08-31,2,REGN,2.4370551777032072,2.8088223570652935,2.065287998341121,0.9312554597854614,0.39335888624191284
2012-08-31,3,STX,2.1835197976919494,2.4392106649205685,1.9278289304633305,0.8137101531028748,0.36877405643463135
2012-08-31,4,BSET,1.8880143901489312,1.5225905063919494,2.253438273905913,0.5222031474113464,0.4270099401473999
2012-08-31,5,GAP,1.8337796046072796,1.2846968234308405,2.382862385783719,0.4465472996234894,0.45015770196914673
2012-08-31,6,PHM,1.8202603893202618,1.4453495994921077,2.195171179148416,0.4976387023925781,0.41658875346183777
2012-08-31,7,EQIX,1.8186857451041782,1.5593522023976625,2.078019287810694,0.5338942408561707,0.3956359028816223
2012-08-31,8,SHW,1.6861992991194037,1.6753660305246736,1.697032567714134,0.5707893967628479,0.32749566435813904
2012-08-31,9,ALGN,1.578691100323823,1.2471155311253017,1.9102666695223445,0.4345955550670624,0.3656330108642578
2012-08-31,10,BLDR,1.5636895361996164,1.2893423582320356,1.8380367141671974,0.4480246901512146,0.35271453857421875
2012-08-31,11,LEN,1.5389756458425121,1.4802220819825587,1.5977292097024656,0.5087289810180664,0.3097350597381592
2012-08-31,12,ROST,1.5357470286771782,1.6795665318445205,1.391927525509836,0.572125256061554,0.27292701601982117
2012-08-31,13,CAL,1.49769431691181,0.9522502530945669,2.043138380729053,0.34082138538360596,0.38939738273620605
2012-08-31,14,CSGP,1.4582462822712325,0.9487259702631194,1.9677665942793454,0.3397005796432495,0.375916987657547
2012-08-31,15,MNST,1.4089778246538627,1.6108986809580839,1.2070569683496413,0.5502872467041016,0.23986254632472992
2012-08-31,16,INCY,1.4030238022210786,1.011641934425683,1.7944056700164739,0.35970935225486755,0.34491103887557983
2012-08-31,17,AAPL,1.3905085986924615,1.2871497085380819,1.493867488846841,0.4473273754119873,0.29115918278694153
2012-08-31,18,TJX,1.381451477585279,1.4004059971363179,1.3624969580342403,0.48334556818008423,0.26766330003738403
2012-08-31,19,UAA,1.3679647047271897,1.1200513970208001,1.6158780124335792,0.3941861391067505,0.3129810094833374
2012-08-31,20,TNL,1.3274494795091458,1.2277211050777488,1.4271778539405426,0.42842766642570496,0.27923160791397095
2012-09-30,1,PHM,2.7544259746856827,3.059264835004698,2.449587114366668,1.0473190546035767,0.43891313672065735
2012-09-30,2,LPX,2.332025962851232,1.88400978231964,2.7800421433828237,0.6991263628005981,0.49627721309661865
2012-09-30,3,GAP,2.324730027399613,2.211046804345745,2.438413250453481,0.796017587184906,0.4369734525680542
2012-09-30,4,REGN,2.2699232375849454,2.6278517484118953,1.9119947267579955,0.9195043444633484,0.34559184312820435
2012-09-30,5,BLDR,2.211191266456617,2.343920324955711,2.078462207957523,0.8353840112686157,0.3744891285896301
2012-09-30,6,STX,2.1272227231101617,3.0877950839750965,1.1666503622452267,1.0557717084884644,0.2162066400051117
2012-09-30,7,LEN,2.0207655909457864,2.2192703852621274,1.822260796629445,0.7984539866447449,0.33001482486724854
2012-09-30,8,EQIX,1.9658482795195487,2.03134558734479,1.900350971694307,0.7427775263786316,0.3435705900192261
2012-09-30,9,EXPE,1.9373986442734736,1.5442790809237543,2.330518207623193,0.598474383354187,0.4182438254356384
2012-09-30,10,BSET,1.7891308743167988,1.4179828558147984,2.1602788928187993,0.5610566139221191,0.388691782951355
2012-09-30,11,CAL,1.782942389858691,1.6591987757053888,1.906686004011993,0.6325216293334961,0.34467029571533203
2012-09-30,12,SHW,1.7801745239005493,1.7192732051881259,1.8410758426129725,0.6503198742866516,0.3332809507846832
2012-09-30,13,STZ,1.7679414609425694,1.2474133625097674,2.2884695593753714,0.5105220079421997,0.41094455122947693
2012-09-30,14,DHI,1.5585497687360816,1.5528682124450164,1.564231325027147,0.6010190844535828,0.28522318601608276
2012-09-30,15,ALGN,1.505422382905374,1.4657229198409718,1.5451218459697758,0.5752005577087402,0.2819059491157532
2012-09-30,16,ROST,1.500049044867286,1.5547372081078306,1.4453608816267414,0.6015728116035461,0.264588326215744
2012-09-30,17,CSGP,1.3769412015524973,1.0842512482477025,1.6696311548572924,0.4621819853782654,0.30351966619491577
2012-09-30,18,EXR,1.3303536216748795,1.17331110460042,1.4873961387493388,0.4885677397251129,0.2718852758407593
2012-09-30,19,UAA,1.3264257053507629,1.2000788846252768,1.452772526076249,0.4964982271194458,0.2658749222755432
2012-09-30,20,NEU,1.2811198348766286,0.8713260682492998,1.6909136015039576,0.399098664522171,0.3072141110897064
2012-10-31,1,PHM,3.8338622699018865,4.438227383263063,3.229497156540709,1.3671244382858276,0.5604224801063538
2012-10-31,2,BLDR,2.870332685699094,4.603222678203225,1.1374426931949628,1.4077167510986328,0.2045317441225052
2012-10-31,3,EXPE,2.8209698722244196,2.459591157668859,3.182348586779981,0.8803383111953735,0.5524017810821533
2012-10-31,4,CAL,2.7651981407050092,2.2872845001511983,3.24311178125882,0.8379472494125366,0.5627385377883911
2012-10-31,5,KBH,2.6916270256165093,2.6075916169431754,2.7756624342898433,0.9167495369911194,0.4832181930541992
2012-10-31,6,STX,2.1892380059483285,3.5231053791091473,0.8553706327875099,1.1419851779937744,0.1565469354391098
2012-10-31,7,REGN,2.1595561073172753,2.8009827052061484,1.5181295094284017,0.9643278121948242,0.2692924439907074
2012-10-31,8,LPX,2.08358133969897,2.525235457833664,1.6419272215642762,0.8964881896972656,0.29035234451293945
2012-10-31,9,ALGN,2.0830221687000985,2.5020618932986443,1.6639824441015525,0.8907870054244995,0.29410427808761597
2012-10-31,10,LEN,2.07170348327056,2.7440622284786356,1.3993447380624837,0.9503241777420044,0.24908532202243805
2012-10-31,11,DHI,2.0213794574381847,2.276237747944834,1.7665211669315353,0.8352295160293579,0.3115476965904236
2012-10-31,12,GAP,2.009037576394099,2.18179572091238,1.8362794318758173,0.8119947910308838,0.3234146535396576
2012-10-31,13,EQIX,1.908885563403498,2.3012964510647675,1.5164746757422285,0.8413944840431213,0.2690109312534332
2012-10-31,14,NKTR,1.8912923213734811,2.0899314955176953,1.6926531472292667,0.7893942594528198,0.29898160696029663
2012-10-31,15,LYB,1.8320758903001224,2.628437649491912,1.0357141311083327,0.9218780994415283,0.18722614645957947
2012-10-31,16,SHW,1.7932513170548794,1.7639028220079038,1.822599812101855,0.7091843485832214,0.3210875391960144
2012-10-31,17,BSET,1.6493066598084896,1.5325795280099128,1.7660337916070663,0.652273952960968,0.311464786529541
2012-10-31,18,MPC,1.6053946742567042,1.8405042327807675,1.370285115732641,0.7280299067497253,0.2441418319940567
2012-10-31,19,FBIN,1.5840913751482144,2.045693124479154,1.1224896258172747,0.7785106897354126,0.20198799669742584
2012-10-31,20,NYT,1.5288676560436003,0.9896908689768986,2.0680444431103018,0.5187119245529175,0.3628414571285248
2012-11-30,1,PHM,3.73716299809891,4.2824406883799515,3.1918853078178677,1.2082109451293945,0.5665602684020996
2012-11-30,2,KBH,3.171441261767044,2.8573741504491226,3.485508373084966,0.8524220585823059,0.617385983467102
2012-11-30,3,LPX,3.0206027748759303,2.9067918726159565,3.134413677135904,0.8647599220275879,0.5566120147705078
2012-11-30,4,BLDR,2.9250956571732454,4.321588109380597,1.5286032049658933,1.217984676361084,0.27864861488342285
2012-11-30,5,GNRC,2.875512399959599,2.182072304855185,3.568952495064013,0.6838229894638062,0.6318300366401672
2012-11-30,6,CAL,2.496383164831442,1.8381667855984574,3.1545995440644266,0.5979619026184082,0.5601061582565308
2012-11-30,7,EXPE,2.406928372370197,2.9801159356456046,1.8337408090947893,0.8830663561820984,0.33146747946739197
2012-11-30,8,WHR,2.3158092173332196,2.1852133902463735,2.446405044420066,0.684607207775116,0.43751874566078186
2012-11-30,9,STZ,2.2212437255027866,1.6794800206445757,2.7630074303609975,0.5583434104919434,0.4923221468925476
2012-11-30,10,LEN,2.20533692995308,2.7413239729466143,1.6693498869595451,0.8234484195709229,0.3030116558074951
2012-11-30,11,AXON,2.1151939808692948,1.253475835297644,2.9769121264409453,0.4519851803779602,0.5293487310409546
2012-11-30,12,NC,2.0537498361294215,2.1808046022309386,1.9266950700279046,0.6835064888000488,0.3475577235221863
2012-11-30,13,LYB,1.7619168028311218,2.0801377931457457,1.443695812516498,0.6583735346794128,0.26395127177238464
2012-11-30,14,REGN,1.7203985991046682,3.2288425328648893,0.21195466534444718,0.9451646208763123,0.05073871463537216
2012-11-30,15,DHI,1.6994913398403622,2.01998876533675,1.378993914343974,0.643356442451477,0.2527514696121216
2012-11-30,16,FBIN,1.6720175275640976,2.133039190772656,1.2109958643555392,0.6715811491012573,0.22367125749588013
2012-11-30,17,GAP,1.6693355511588592,2.068381104684161,1.2702899976335578,0.6554383039474487,0.23393498361110687
2012-11-30,18,WY,1.5325980842930351,1.2908108712753212,1.774385297310749,0.4613064229488373,0.321193128824234
2012-11-30,19,CHTR,1.4393078025483588,1.5330293315099979,1.34558627358672,0.5217798352241516,0.24696865677833557
2012-11-30,20,AOS,1.4385071295844318,1.4850645732172059,1.3919496859516578,0.5098047256469727,0.25499409437179565
2012-12-31,1,PHM,3.2035742534540335,3.5245455578058826,2.882602949102184,1.0120471715927124,0.5855286717414856
2012-12-31,2,KBH,2.8227596147943093,2.1573099055576246,3.488209324030994,0.6833656430244446,0.6876302361488342
2012-12-31,3,LPX,2.80912210711252,2.562116573329062,3.056127640895978,0.7806805968284607,0.6147838830947876
2012-12-31,4,NC,2.688389032415749,2.765498777904436,2.611279286927062,0.829573392868042,0.5397851467132568
2012-12-31,5,BLDR,2.6875274350923366,4.349660654559144,1.0253942156255298,1.2104036808013916,0.27241453528404236
2012-12-31,6,CAL,2.5523639117788797,2.8355738197676037,2.269154003790155,0.8464193344116211,0.4821048974990845
2012-12-31,7,STZ,2.4740705388022555,1.857556046823034,3.090585030781477,0.6113052368164062,0.6205931901931763
2012-12-31,8,WHR,2.4498593242569617,2.4641704944283793,2.4355481540855437,0.7571344971656799,0.5101579427719116
2012-12-31,9,REGN,2.4086066962253847,3.84454007225222,0.9726733201985494,1.0889734029769897,0.2635261118412018
2012-12-31,10,DINO,2.3377795752608854,2.4438584317362317,2.2317007187855387,0.7522515058517456,0.47579050064086914
2012-12-31,11,GNRC,2.177378701722022,1.6042524288388769,2.7505049746051666,0.5504114031791687,0.5632577538490295
2012-12-31,12,MPC,2.1458678425040407,1.8290339169711745,2.4627017680369074,0.6044485569000244,0.5147358775138855
2012-12-31,13,EXPE,2.071378280227692,2.9336617208654707,1.2090948395899133,0.8699995279312134,0.30338534712791443
2012-12-31,14,GILD,1.8828347513018584,1.945162990019915,1.820506512583802,0.6323658227920532,0.40646564960479736
2012-12-31,15,LEN,1.8753494928848293,2.3572618477238354,1.3934371380458235,0.7314338088035583,0.33446434140205383
2012-12-31,16,SW,1.655832048760257,2.0897522076944735,1.2219118898260406,0.66712486743927,0.30554622411727905
2012-12-31,17,VMC,1.6325596991311906,1.3481656742054349,1.9169537240569463,0.4888485074043274,0.4227260649204254
2012-12-31,18,CPAY,1.5765900159274744,1.8458941463954965,1.3072858854594522,0.6085017323493958,0.3199397623538971
2012-12-31,19,THC,1.5580629651088236,1.1564234272875797,1.9597025029300676,0.44275394082069397,0.42993324995040894
2012-12-31,20,DDS,1.5276455278721788,1.9802010068333074,1.0750900489110502,0.6407889127731323,0.2807929515838623
2013-01-31,1,PHM,3.2629247599519973,3.830157220028772,2.695692299875223,1.0570857524871826,0.528977632522583
2013-01-31,2,REGN,3.0316372927778006,4.1375085359902135,1.9257660495653874,1.1269519329071045,0.40394648909568787
2013-01-31,3,LPX,2.9972686809720654,3.020281940027619,2.974255421916512,0.8729873299598694,0.574214518070221
2013-01-31,4,NC,2.9058585839150037,2.8831010858562642,2.9286160819737437,0.841803789138794,0.566802978515625
2013-01-31,5,SW,2.7778018475221495,2.4085438470569773,3.147059847987322,0.7339288592338562,0.6022768616676331
2013-01-31,6,KBH,2.7029899622205322,3.0007229577116283,2.4052569667294366,0.8685412406921387,0.4818127751350403
2013-01-31,7,WHR,2.6499787999088857,2.653528406046039,2.646429193771733,0.7896180152893066,0.5209776163101196
2013-01-31,8,GNRC,2.3605878395962763,1.3311227286516056,3.3900529505409467,0.4890127182006836,0.6417374014854431
2013-01-31,9,TEX,2.3223798132406546,2.403116637855358,2.241642988625951,0.7326951622962952,0.45524290204048157
2013-01-31,10,AXON,2.179911652091938,1.6318852479748078,2.727938056209068,0.5573811531066895,0.5342141389846802
2013-01-31,11,IPGP,2.159263043618414,2.20262848176012,2.1158976054767074,0.687120795249939,0.4348226487636566
2013-01-31,12,CAL,2.0628635443412757,2.464334655649446,1.6613924330331056,0.7466110587120056,0.36101388931274414
2013-01-31,13,LYB,2.053764515796571,2.060316714956758,2.047212316636384,0.6547709107398987,0.42366859316825867
2013-01-31,14,DXC,2.028296999627958,1.6020342863191344,2.4545597129367813,0.5505955219268799,0.4898192286491394
2013-01-31,15,BLDR,2.0247281269754005,3.6064748111386926,0.4429814428121081,1.0062389373779297,0.16315166652202606
2013-01-31,16,BAC,2.0243413381665762,2.4401185730034736,1.6085641033296791,0.7411063313484192,0.352434903383255
2013-01-31,17,DINO,1.9885942624597333,2.5791653089353233,1.3980232159841433,0.7727140188217163,0.31824439764022827
2013-01-31,18,CPAY,1.9088282840628152,1.7561420653146522,2.061514502810978,0.5856268405914307,0.4259911775588989
2013-01-31,19,MPC,1.8526423710600417,2.1006272077290897,1.6046575343909935,0.6639341711997986,0.35180050134658813
2013-01-31,20,DDS,1.8416716175189745,2.192321032068573,1.4910222029693763,0.6847777366638184,0.3333468437194824
2013-02-28,1,PHM,3.33346131726376,3.951793036450365,2.715129598077155,1.0238502025604248,0.6072614192962646
2013-02-28,2,NC,3.29654074389601,2.7932978941800872,3.799783593611932,0.777044415473938,0.786943793296814
2013-02-28,3,KBH,3.0783485614223505,2.7240480578852146,3.4326490649594863,0.762291431427002,0.7261247634887695
2013-02-28,4,NFLX,3.064970554663986,0.6397002809471811,5.490240828380791,0.31824201345443726,1.0669827461242676
2013-02-28,5,LPX,2.942245414030077,3.015591843943963,2.8688989841161914,0.8244019150733948,0.6327346563339233
2013-02-28,6,BLDR,2.8937468874547196,3.398426372482582,2.3890674024268574,0.9059609770774841,0.5532463788986206
2013-02-28,7,THC,2.7635094126475037,1.9954956529261874,3.5315231723688205,0.6070806384086609,0.7425041198730469
2013-02-28,8,WHR,2.5800391623004924,2.8077080399430234,2.352370284657961,0.7801143527030945,0.547167181968689
2013-02-28,9,SW,2.5480276670636846,1.8927254758156344,3.2033298583117347,0.5851864814758301,0.6881360411643982
2013-02-28,10,HCA,2.1321483761079163,2.2132532255732733,2.0510435266425597,0.6534717082977295,0.4972497820854187
2013-02-28,11,MPC,2.1163877034669967,2.3828212339798367,1.8499541729541567,0.6895964741706848,0.46393758058547974
2013-02-28,12,VLO,2.0019181524375034,2.0819209952542774,1.9219153096207298,0.6254926919937134,0.47585856914520264
2013-02-28,13,DXC,1.9201667174774268,1.5271375178092879,2.313195917145566,0.5073016285896301,0.5406776070594788
2013-02-28,14,APO,1.9065107205334608,1.503404493158621,2.3096169479083004,0.5022455453872681,0.540084719657898
2013-02-28,15,CPAY,1.8826859611811742,1.8008245299009717,1.9645473924613766,0.5656079053878784,0.48292094469070435
2013-02-28,16,BC,1.8476979734748915,1.6311001236401907,2.0642958233095925,0.5294498205184937,0.4994451403617859
2013-02-28,17,GNRC,1.8224982493833084,1.6489826375045502,1.9960138612620666,0.5332595109939575,0.48813363909721375
2013-02-28,18,DINO,1.794956456384848,2.2506409859575602,1.3392719268121356,0.6614367961883545,0.3793386220932007
2013-02-28,19,TEX,1.7826575395684423,1.4546506096480498,2.110664469488835,0.4918590188026428,0.50712651014328
2013-02-28,20,AXON,1.7394680293764324,1.7951835754524266,1.683752483300438,0.564406156539917,0.436404824256897
2013-03-31,1,NFLX,4.1199765322609645,1.7811117968814152,6.458841267640514,0.5297726392745972,1.1472004652023315
2013-03-31,2,LPX,2.8501972098345894,3.7391513164322423,1.9612431032369368,0.9426239132881165,0.4463467001914978
2013-03-31,3,NC,2.81461695145381,2.6136666178021386,3.015567285105481,0.7053162455558777,0.6106404066085815
2013-03-31,4,APO,2.7612165565953015,2.2659452338839325,3.256487879306671,0.6319994330406189,0.6481826901435852
2013-03-31,5,THC,2.543908865887816,1.8937820488903772,3.194035682885255,0.5535290837287903,0.6384508609771729
2013-03-31,6,MPC,2.423700890883852,2.6596142186347027,2.1877875631330017,0.7150042653083801,0.4816487729549408
2013-03-31,7,SW,2.3647374638450898,1.5059644305255182,3.223510497164661,0.47175800800323486,0.6430438756942749
2013-03-31,8,CPAY,2.227718906734931,2.2756651904911687,2.1797726229786933,0.6340488791465759,0.48039981722831726
2013-03-31,9,PHM,2.109216297752692,2.9529135700320097,1.265519025473374,0.7768462300300598,0.33793309330940247
2013-03-31,10,GNRC,2.087201256832789,2.066930931556291,2.107471582109287,0.5900374054908752,0.46913325786590576
2013-03-31,11,KBH,2.0694043581858574,1.6448367840342497,2.4939719323374647,0.5010391473770142,0.5293610095977783
2013-03-31,12,VLO,1.9556824138926308,2.3266531248017173,1.5847117029835442,0.6447996497154236,0.38767239451408386
2013-03-31,13,GILD,1.9349749593162107,2.2527787407784587,1.6171711778539626,0.6292232871055603,0.3927305042743683
2013-03-31,14,CTRA,1.8459796784528955,2.0029639265236616,1.688995430382129,0.5765500068664551,0.40392276644706726
2013-03-31,15,DINO,1.8459521574662117,2.249858852696905,1.4420454622355179,0.6286076307296753,0.3654409348964691
2013-03-31,16,STZ,1.8030000929672152,2.616370249287469,0.9896299366469612,0.7058863043785095,0.2949417233467102
2013-03-31,17,BLDR,1.7846974152287927,2.5013929775637664,1.0680018528938187,0.6816434264183044,0.3071542978286743
2013-03-31,18,BSET,1.7464557987605906,2.5076228636651585,0.9852887338560229,0.6829569935798645,0.2942652404308319
2013-03-31,19,CAR,1.7243513436838551,2.0867957253774594,1.3619069619902509,0.5942258834838867,0.35295307636260986
2013-03-31,20,AXON,1.7172011991988851,2.1954167493023693,1.238985649095401,0.6171285510063171,0.33379843831062317
2013-04-30,1,NFLX,3.949787693237673,1.480312342291313,6.419263044184033,0.49794745445251465,1.2461282014846802
2013-04-30,2,FMCC,3.8390512302534097,2.9463176310812593,4.7317848294255604,0.8183103203773499,0.9614112377166748
2013-04-30,3,FNMA,3.7736702864333775,3.168259030820388,4.379081542046367,0.86681067943573,0.9019019603729248
2013-04-30,4,THC,2.8606220142175243,2.8923930561420312,2.828850972293017,0.8065263032913208,0.6403418779373169
2013-04-30,5,LPX,2.6543553019371964,3.0332936230087775,2.2754169808656153,0.8373169898986816,0.5469646453857422
2013-04-30,6,MTG,2.5924550157098882,-0.8075693173688209,5.9924793487885974,-0.002018221653997898,1.1741198301315308
2013-04-30,7,KBH,2.4272096055629717,3.333399376420129,1.5210198347058146,0.9028984308242798,0.41968023777008057
2013-04-30,8,CAR,2.422731901301084,2.296925039720426,2.548538762881742,0.6764000058174133,0.5930466651916504
2013-04-30,9,MPC,2.3344656740670864,2.6352157408451005,2.033715607289072,0.7503259181976318,0.5061839818954468
2013-04-30,10,CPAY,2.2700387386994523,2.32192744275113,2.218150034647775,0.6818637251853943,0.5373023748397827
2013-04-30,11,ALK,2.2257489728410746,1.8546539523219856,2.5968439933601632,0.5797514915466309,0.6011968851089478
2013-04-30,12,HRB,2.1680283676563428,2.0556657337276203,2.2803910015850652,0.6236781477928162,0.5478038787841797
2013-04-30,13,CTRA,2.1087672500049095,2.7532190314085114,1.4643154686013073,0.7761129140853882,0.4101128876209259
2013-04-30,14,DAL,2.0301773399216643,1.535088187056418,2.525266492786911,0.5099174976348877,0.589120090007782
2013-04-30,15,GNRC,1.89458079979563,2.1814010963909856,1.6077605032002744,0.6511548161506653,0.43431541323661804
2013-04-30,16,STZ,1.8728193395168726,2.4179616438799845,1.327677035153761,0.7028498649597168,0.3870587944984436
2013-04-30,17,GILD,1.860411539102739,2.3810480094183153,1.3397750687871623,0.6947832107543945,0.38910001516342163
2013-04-30,18,PHM,1.801119754391113,2.98719603907351,0.615043469708716,0.8272433876991272,0.26682087779045105
2013-04-30,19,SW,1.74000599760457,1.988225306919864,1.4917866882892763,0.6089405417442322,0.4147479236125946
2013-04-30,20,APO,1.7097945654432563,1.6303826753471506,1.7892064555393619,0.5307419896125793,0.46492958068847656
2013-05-31,1,FNMA,4.9236297811826875,3.9907544581325065,5.856505104232868,1.0866360664367676,1.1230037212371826
2013-05-31,2,FMCC,4.831918380220675,3.724199019419722,5.939637741021628,1.0271533727645874,1.1363526582717896
2013-05-31,3,NFLX,4.337906550232863,3.565895184801309,5.109917915664417,0.9918273687362671,1.003121256828308
2013-05-31,4,MTG,3.5518746599679814,1.1160214654710503,5.987727854464913,0.44513025879859924,1.1440746784210205
2013-05-31,5,FSLR,3.0970377923738477,3.2816231422226347,2.912452442525061,0.92839115858078,0.6502655148506165
2013-05-31,6,APO,2.9255490708588403,2.9543666532700694,2.896731488447611,0.8553628325462341,0.6477411389350891
2013-05-31,7,THC,2.7778517706191543,2.62383041972812,2.9318731215101885,0.7816026210784912,0.6533839702606201
2013-05-31,8,CAR,2.483114904049981,2.6371791057448206,2.3290507023551412,0.7845814228057861,0.5565863847732544
2013-05-31,9,KBH,2.230142022392093,3.4402215902690214,1.0200624545151644,0.9637829065322876,0.34639695286750793
2013-05-31,10,TSLA,2.116380700584194,1.3097420810525933,2.9230193201157952,0.48835963010787964,0.6519622802734375
2013-05-31,11,CPAY,1.988004576085319,2.1010398266453003,1.8749693255253377,0.6649402379989624,0.48367273807525635
2013-05-31,12,VRTX,1.9872619644945015,2.219282111301715,1.755241817687288,0.691326379776001,0.46444761753082275
2013-05-31,13,HRB,1.9693692060558652,2.1621265720709326,1.7766118400407978,0.6785719394683838,0.4678790867328644
2013-05-31,14,STZ,1.883127293394697,2.823880416176374,0.94237417061302,0.8262444138526917,0.33392223715782166
2013-05-31,15,ALK,1.8249610138791263,1.813837675902643,1.8360843518556094,0.6008501648902893,0.4774288237094879
2013-05-31,16,DAL,1.7891959955976926,1.1251289735039949,2.4532630176913903,0.4471626281738281,0.5765316486358643
2013-05-31,17,GILD,1.7631573114618688,2.1069569356841984,1.4193576872395395,0.6662606596946716,0.41051337122917175
2013-05-31,18,GNW,1.7603788619944643,1.416377985576871,2.1043797384120575,0.5121557712554932,0.5205100774765015
2013-05-31,19,WOR,1.666237840290424,1.8937633875009159,1.4387122930799325,0.6186858415603638,0.4136212170124054
2013-05-31,20,CTRA,1.6331592958957861,2.0910718497472445,1.1752467420443276,0.6627158522605896,0.37131550908088684
2013-06-30,1,FNMA,8.162210332877295,6.894514645580904,9.429906020173686,2.0512704849243164,2.0512704849243164
2013-06-30,2,FMCC,7.741281025988432,6.76124964166507,8.721312410311794,2.017369031906128,1.91200852394104
2013-06-30,3,NFLX,4.002114807581178,3.8294551695775043,4.17477444558485,1.2715461254119873,1.018464207649231
2013-06-30,4,TSLA,3.967201773719317,3.5408411638009927,4.393562383637641,1.1981252431869507,1.0614632368087769
2013-06-30,5,YELLQ,3.900638029744554,3.5095256264092662,4.291750433079843,1.1901588439941406,1.0414538383483887
2013-06-30,6,MTG,3.8693556558136555,2.3262906305321023,5.412420681095209,0.8891541957855225,1.2617024183273315
2013-06-30,7,FSLR,3.5755061658230325,4.5927366580763955,2.558275673569669,1.4657182693481445,0.7007690072059631
2013-06-30,8,KBH,2.2308285310931257,3.2491277975218567,1.2125292646643953,1.1239159107208252,0.4362855553627014
2013-06-30,9,MU,1.9837656636633507,1.555796357506995,2.4117349698197064,0.6931471824645996,0.671968936920166
2013-06-30,10,WDC,1.9819354774032938,1.660895793988564,2.302975160818024,0.7198835611343384,0.6505940556526184
2013-06-30,11,THC,1.9759113159321693,2.4554326040000483,1.4963900278642905,0.9220067858695984,0.49207353591918945
2013-06-30,12,CAR,1.915668803151148,1.9889767396277955,1.8423608666745004,0.8033444881439209,0.5600681900978088
2013-06-30,13,STZ,1.8916954403011534,2.804842857519186,0.9785480230831207,1.010893702507019,0.39030054211616516
2013-06-30,14,GNW,1.8541774459750286,1.6776679079029395,2.030686984047118,0.7241502404212952,0.5970804691314697
2013-06-30,15,CPAY,1.8492946456136732,2.101133383422567,1.5974559078047792,0.8318761587142944,0.5119363069534302
2013-06-30,16,APO,1.829393964687134,2.1298425338902542,1.5289453954840138,0.839179515838623,0.498471736907959
2013-06-30,17,TMUS,1.8276062973932212,2.5020811660857754,1.153131428700667,0.9338737726211548,0.4246119260787964
2013-06-30,18,ENPH,1.7218708415539004,-0.7275140993461422,4.171255782453943,0.11229294538497925,1.0177726745605469
2013-06-30,19,BBY,1.692307624957108,0.5036488703210565,2.8809663795931595,0.42549005150794983,0.7641883492469788
2013-06-30,20,STX,1.6255898236923043,1.394947326281441,1.856232321103168,0.652228593826294,0.5627943873405457
2013-07-31,1,FNMA,6.791949181542034,5.81129148974087,7.772606873343198,1.6906633377075195,1.6906633377075195
2013-07-31,2,FMCC,6.673025731533127,5.794090675256167,7.551960787810088,1.686398983001709,1.647178292274475
2013-07-31,3,YELLQ,5.607046471735022,4.667219022533664,6.54687392093638,1.407029628753662,1.4490952491760254
2013-07-31,4,TSLA,4.506303400144926,3.964801461424555,5.047805338865297,1.232889175415039,1.1536580324172974
2013-07-31,5,NFLX,3.4539708651258563,3.532318688176054,3.375623042075659,1.1256698369979858,0.8241034746170044
2013-07-31,6,TMUS,3.0090265228709923,3.5762800116766664,2.4417730340653185,1.136568546295166,0.6400598287582397
2013-07-31,7,MU,2.816047702444628,2.3002466386462124,3.3318487662430436,0.8202196359634399,0.8154764175415039
2013-07-31,8,MTG,2.68973373275428,1.999130926708811,3.380336538799749,0.7455682754516602,0.8250324130058289
2013-07-31,9,FSLR,2.2386383049915324,3.390009500777124,1.0872671092059407,1.0903891324996948,0.37311309576034546
2013-07-31,10,GME,2.205514854255631,2.5013661474240423,1.9096635610872201,0.8700803518295288,0.5351914167404175
2013-07-31,11,BBY,1.8582055459330928,0.21177615129292157,3.504634940573264,0.3024546802043915,0.8495292067527771
2013-07-31,12,CPAY,1.844943899390955,2.386711842152437,1.303175956629473,0.8416557312011719,0.41566452383995056
2013-07-31,13,APO,1.6805133635777272,2.140360855802058,1.2206658713533964,0.7805814146995544,0.3994033932685852
2013-07-31,14,THC,1.5717940676779483,2.171079927527498,0.9725082078283986,0.7881971597671509,0.3504963517189026
2013-07-31,15,GNW,1.5679724434913438,1.8196266369045802,1.3163182500781072,0.7010663151741028,0.4182546138763428
2013-07-31,16,WDC,1.5592795227267944,1.9518928797846833,1.1666661656689055,0.7338572144508362,0.38876110315322876
2013-07-31,17,EA,1.5120297223808348,1.498295447997521,1.5257639967641483,0.6214032173156738,0.4595322906970978
2013-07-31,18,DXCM,1.474490441765042,1.2079540469781205,1.7410268365519634,0.5494229793548584,0.5019564032554626
2013-07-31,19,VRTX,1.4593738926797177,0.4392710116338422,2.4794767737255934,0.3588542640209198,0.6474905014038086
2013-07-31,20,CHTR,1.4496905266450564,1.2434539276606822,1.6559271256294306,0.5582239627838135,0.485184907913208
2013-08-31,1,FNMA,6.937770045033136,6.062956650919727,7.812583439146545,1.9014583826065063,1.7047481536865234
2013-08-31,2,YELLQ,6.469799119367362,5.437812782223618,7.501785456511106,1.7368768453598022,1.6428478956222534
2013-08-31,3,FMCC,6.442053849827033,5.619808204746196,7.264299494907871,1.7847907543182373,1.5955488681793213
2013-08-31,4,TSLA,5.265626158393822,4.874807474196371,5.656444842591272,1.5886545181274414,1.2753195762634277
2013-08-31,5,MTG,3.775997310262764,3.2229526109210975,4.329042009604431,1.153770923614502,1.0109466314315796
2013-08-31,6,GME,3.1803863196586493,3.2507048854319183,3.1100677538853803,1.1610772609710693,0.7681689262390137
2013-08-31,7,NFLX,2.8007048658108524,4.381317787636324,1.2200919439853808,1.4587335586547852,0.3917508125305176
2013-08-31,8,FSLR,2.63641531067203,3.219578778364724,2.053251842979335,1.152882695198059,0.5576875805854797
2013-08-31,9,TMUS,1.9604292654205424,1.642976546151237,2.2778819846898477,0.7378108501434326,0.6024261713027954
2013-08-31,10,EA,1.9589329539042128,2.11845283762906,1.7994130701793658,0.8629894256591797,0.5071316361427307
2013-08-31,11,MU,1.8914506075317923,1.7161743587804874,2.0667268562830974,0.7570816278457642,0.5603713393211365
2013-08-31,12,SW,1.784990942697626,2.6871630062626357,0.8828188791326163,1.0127136707305908,0.3245776295661926
2013-08-31,13,CPAY,1.7524259404765128,2.2153421905904227,1.2895096903626029,0.8884974718093872,0.4055764377117157
2013-08-31,14,GNW,1.719168579049736,2.4366979363978367,1.0016392217016352,0.9467737674713135,0.34824255108833313
2013-08-31,15,GILD,1.7061367672921395,1.9379958121149752,1.474277722469304,0.8154805302619934,0.44237586855888367
2013-08-31,16,SANM,1.6729418577352186,1.3374939165164912,2.0083897989539463,0.6573864817619324,0.5487526059150696
2013-08-31,17,BBY,1.6635986039644743,0.9140976276069678,2.413099580321981,0.5459190011024475,0.629356861114502
2013-08-31,18,DAL,1.6093004110063909,1.8353515638542932,1.3832492581584888,0.7884573936462402,0.4242461323738098
2013-08-31,19,TRIP,1.5809703648383722,1.4834663976971594,1.6784743319795852,0.6958166360855103,0.4830448031425476
2013-08-31,20,CSGP,1.5491249339092836,1.2722647513497742,1.8259851164687928,0.6402136087417603,0.5124238729476929
2013-09-30,1,TSLA,7.00871039659604,6.092423090825893,7.924997702366187,1.779293179512024,1.5794196128845215
2013-09-30,2,FNMA,6.333439122053418,5.320763903448475,7.346114340658361,1.5851452350616455,1.4718165397644043
2013-09-30,3,FMCC,6.0145604276053835,5.143098988062923,6.886021867147843,1.54044508934021,1.3862943649291992
2013-09-30,4,MTG,5.204294104588612,6.219798921188585,4.18878928798864,1.8113406896591187,0.8849316835403442
2013-09-30,5,YELLQ,4.1838318737803135,3.445807543617744,4.921856203942884,1.1134098768234253,1.0211944580078125
2013-09-30,6,NFLX,3.430094067268312,5.2168089003273455,1.6433792342092783,1.5589903593063354,0.41178983449935913
2013-09-30,7,GME,3.1508715633446,3.0016277242399068,3.3001154024492925,1.001655101776123,0.7197446227073669
2013-09-30,8,BBY,2.8549235252317273,1.9806628308682352,3.7291842195952194,0.7447823286056519,0.7995001077651978
2013-09-30,9,DXCM,2.2355202513214754,1.8421108059520452,2.6289296966909057,0.7099229097366333,0.5949843525886536
2013-09-30,10,TRIP,2.1067589131179183,2.1759131481892235,2.0376046780466135,0.7939069271087646,0.4850686192512512
2013-09-30,11,MU,2.0758887437269844,2.1273980021356835,2.0243794853182853,0.781700611114502,0.4826103150844574
2013-09-30,12,TMUS,2.014849241108197,1.4082453234927728,2.621453158723621,0.600763201713562,0.5935946106910706
2013-09-30,13,CPAY,2.003137319506113,2.480017411466083,1.5262572275461423,0.8704189658164978,0.39001914858818054
2013-09-30,14,META,1.9854146006428783,2.307130143943013,1.6636990573427437,0.8269208669662476,0.41556689143180847
2013-09-30,15,AXON,1.9621830842052634,2.1101099150248315,1.8142562533856954,0.7773509621620178,0.44355252385139465
2013-09-30,16,LYV,1.8315235191308024,1.7332255886361378,1.9298214496254669,0.6825276017189026,0.4650338292121887
2013-09-30,17,SW,1.7837109231929207,2.6653293589016673,0.9020924874841741,0.9170430898666382,0.2739991545677185
2013-09-30,18,DAL,1.7478028003898014,2.3092137167575375,1.1863918840220653,0.8274450898170471,0.32684484124183655
2013-09-30,19,EA,1.7259651820975486,1.772451245525023,1.6794791186700744,0.6923967003822327,0.4185000956058502
2013-09-30,20,SANM,1.724900077206795,1.5360568207577852,1.913743333655805,0.6329203248023987,0.46204522252082825
2013-10-31,1,TSLA,7.51874549992662,6.262822190778581,8.77466880907466,1.8877007961273193,1.6299182176589966
2013-10-31,2,FNMA,4.004856235273766,4.9293548620511585,3.0803576084963735,1.5429928302764893,0.6410907506942749
2013-10-31,3,FMCC,4.00291048276427,5.065493851401392,2.940327114127149,1.5781854391098022,0.6167742013931274
2013-10-31,4,NFLX,3.9471968510162903,5.679547250989015,2.2148464510435653,1.7369213104248047,0.4907931685447693
2013-10-31,5,MTG,3.30225875633352,4.994616190612372,1.609901322054668,1.5598632097244263,0.3857433497905731
2013-10-31,6,YELLQ,3.2582844098431494,2.49472303135494,4.021845788331358,0.913628339767456,0.804581880569458
2013-10-31,7,MU,2.861661585870194,3.1076171026544674,2.6157060690859204,1.0720645189285278,0.5604031682014465
2013-10-31,8,META,2.7444081931254676,2.2143295240633676,3.2744868621875676,0.8411452174186707,0.6748016476631165
2013-10-31,9,AXON,2.7232873423840056,2.4482468330561318,2.99832785171188,0.9016140103340149,0.6268461346626282
2013-10-31,10,GME,2.596737753922212,2.420950277887853,2.7725252299565706,0.8945577144622803,0.5876350998878479
2013-10-31,11,BBY,2.291277159638823,2.10041583563154,2.4821384836461067,0.8116979598999023,0.5372089147567749
2013-10-31,12,REGN,2.212325797247111,1.7363092801576747,2.688342314336547,0.7175745964050293,0.5730165839195251
2013-10-31,13,DAL,2.0454921302006777,2.6309385714195033,1.4600456889818523,0.9488407373428345,0.3597206473350525
2013-10-31,14,INCY,2.028163336483841,1.8554772989453305,2.200849374022351,0.7483801245689392,0.48836255073547363
2013-10-31,15,GT,2.016669588116669,1.3229504101183618,2.7103887661149764,0.6107192635536194,0.5768449902534485
2013-10-31,16,CPAY,1.9582760367075407,2.4409422347731478,1.4756098386419334,0.8997257351875305,0.3624233901500702
2013-10-31,17,DXCM,1.9001163889074155,1.3974690719012774,2.4027637059135536,0.6299827098846436,0.5234253406524658
2013-10-31,18,MKTX,1.8983284328124508,1.6436312671445514,2.15302559848035,0.6936168670654297,0.48005786538124084
2013-10-31,19,TMUS,1.8929603913335047,0.9792803590515583,2.806640423615451,0.5218788385391235,0.5935592651367188
2013-10-31,20,TRIP,1.8460378392966537,2.1876243923356147,1.5044512862576926,0.8342418074607849,0.36743175983428955
2013-11-30,1,FNMA,6.047625488833189,6.876214240980008,5.219036736686371,2.1594841480255127,1.03648042678833
2013-11-30,2,FMCC,5.98071385252241,6.854050358535904,5.107377346508915,2.1535496711730957,1.0171968936920166
2013-11-30,3,TSLA,5.403851424550647,5.301928122777585,5.505774726323709,1.7379621267318726,1.0859999656677246
2013-11-30,4,MTG,3.105171111399553,4.6166126143448825,1.5937296084542238,1.554465889930725,0.41039130091667175
2013-11-30,5,FANG,3.044548890132644,2.95482052131503,3.134277258950258,1.109513759613037,0.6764432787895203
2013-11-30,6,MU,3.0431947196127727,3.223359139668425,2.8630302995571206,1.1814161539077759,0.6295990347862244
2013-11-30,7,NFLX,2.794557259651246,4.053014138770372,1.5361003805321196,1.403559923171997,0.40043875575065613
2013-11-30,8,AXON,2.5831649350594725,1.8833133189032716,3.283016551215674,0.822613000869751,0.7021304965019226
2013-11-30,9,BBY,2.481639548059987,2.7954869518029795,2.167792144316995,1.0668514966964722,0.5095316767692566
2013-11-30,10,META,2.3464802024962315,2.046726873524755,2.646233531467708,0.8663676977157593,0.592158317565918
2013-11-30,11,INCY,2.3205698260903125,2.147970297123909,2.4931693550567156,0.8934760689735413,0.5657241940498352
2013-11-30,12,TRIP,2.2021668615279806,2.5631557525923836,1.8411779704635771,1.0046437978744507,0.453125536441803
2013-11-30,13,DAL,2.158052718016367,2.5853521360090976,1.7307533000236364,1.0105869770050049,0.43405523896217346
2013-11-30,14,DXCM,2.1021938847574244,1.7440686896045847,2.4603190799102643,0.7853296399116516,0.5600509643554688
2013-11-30,15,GME,2.0609004367549804,2.2099120309003695,1.911888842609591,0.910061240196228,0.46533727645874023
2013-11-30,16,TMUS,2.0360187544063435,1.516986174860936,2.555051333951751,0.7245272994041443,0.5764111876487732
2013-11-30,17,ALGN,2.0163931173432115,1.6656048860538941,2.367181348632529,0.7643206119537354,0.5439661145210266
2013-11-30,18,EPAM,1.993654162002692,1.553412419045342,2.4338959049600417,0.7342805862426758,0.5554876923561096
2013-11-30,19,SW,1.9026198014682545,1.8009792282992965,2.0042603746372123,0.8005676865577698,0.481289803981781
2013-11-30,20,CSGP,1.8497038637891028,1.6437103609855213,2.055697366592684,0.7584582567214966,0.49017295241355896
2013-12-31,1,FNMA,4.012221973314724,7.330449576845258,0.6939943697841892,2.283892869949341,0.23262234032154083
2013-12-31,2,FMCC,3.436988282127903,6.5807546497795855,0.29322191447622115,2.08359956741333,0.17159101366996765
2013-12-31,3,NFLX,3.3568207719489638,4.3922712295716,2.3213703143263276,1.4989103078842163,0.4804460406303406
2013-12-31,4,MU,3.2802804573941042,3.5106251014356604,3.0499358133525476,1.2633640766143799,0.5913950800895691
2013-12-31,5,INCY,3.2354905743678515,2.4264226376820717,4.044558511053632,0.9737015962600708,0.7428604364395142
2013-12-31,6,MTG,2.7363998629864956,4.521672851600279,0.9511268743727126,1.5334820747375488,0.2717795670032501
2013-12-31,7,DAL,2.5536358341755863,2.7836265145046406,2.323645153846532,1.0691344738006592,0.48079246282577515
2013-12-31,8,BBY,2.4520253736677753,3.129076180495472,1.774974566840079,1.1614270210266113,0.3972385823726654
2013-12-31,9,TSLA,2.320900740368531,3.742589050965444,0.8992124297716179,1.3253370523452759,0.263873815536499
2013-12-31,10,AXON,2.296372775609713,1.5251178897676443,3.0676276614517817,0.732903242111206,0.5940892696380615
2013-12-31,11,DXCM,2.2308243606371336,2.255911842349302,2.2057368789249647,0.9281468391418457,0.462836891412735
2013-12-31,12,MKTX,2.2186396037956326,2.0618988721340474,2.3753803354572183,0.8763130903244019,0.4886709153652191
2013-12-31,13,FANG,2.147839468790511,2.5863835123184282,1.709295425262594,1.0164377689361572,0.38723668456077576
2013-12-31,14,META,2.103751312670266,0.7213209311353668,3.4861816942051655,0.5181556940078735,0.6578284502029419
2013-12-31,15,CSGP,2.0768883464507075,1.636790924244714,2.5169857686567005,0.7627385258674622,0.5102351903915405
2013-12-31,16,PBI,2.0070734364744385,1.7258184852323422,2.288328387716535,0.786523699760437,0.4754142761230469
2013-12-31,17,TKO,1.8349081200192212,1.376155365463122,2.29366087457532,0.6931054592132568,0.4762263298034668
2013-12-31,18,DECK,1.8305104479889804,1.6613693302522095,1.9996515657257512,0.7693050503730774,0.4314533472061157
2013-12-31,19,GNW,1.8178624215100467,2.270205146554536,1.3655196964655576,0.9319655299186707,0.3348850607872009
2013-12-31,20,TYL,1.741028975411696,1.7107255930602678,1.7713323577631244,0.7824913859367371,0.396683931350708
2014-01-31,1,FNMA,5.800156075092976,7.839637131492724,3.7606750186932274,2.4490137100219727,0.7583503723144531
2014-01-31,2,FMCC,5.751295542252913,7.701852698376156,3.800738386129669,2.4117844104766846,0.764606237411499
2014-01-31,3,INCY,3.5713728860938763,2.900790829002445,4.241954943185307,1.114539384841919,0.8335018754005432
2014-01-31,4,NFLX,3.175530651108134,3.884598029305049,2.466463272911219,1.3803637027740479,0.5562601685523987
2014-01-31,5,META,2.6906005931188703,1.4379045314394348,3.943296654798306,0.7192680835723877,0.7868666052818298
2014-01-31,6,TSLA,2.679077052353918,4.293917089820492,1.0642370148873446,1.4909615516662598,0.3373035788536072
2014-01-31,7,MU,2.457253856188946,3.338228675373411,1.5762790370044808,1.2327349185943604,0.4172585606575012
2014-01-31,8,BBY,2.365009268464201,3.350530809631348,1.3794877272970532,1.2360589504241943,0.38652974367141724
2014-01-31,9,FANG,2.201608433617843,2.541014727329379,1.8622021399063076,1.0173280239105225,0.46190524101257324
2014-01-31,10,DXCM,2.0713356431936387,2.320185152505323,1.8224861338819547,0.9576599597930908,0.45570361614227295
2014-01-31,11,MTG,2.032157696398443,3.0492613184187376,1.0150540743781487,1.1546560525894165,0.3296236991882324
2014-01-31,12,PBI,1.9392991383801657,1.8940512486422383,1.984547028118093,0.8425187468528748,0.481009304523468
2014-01-31,13,SW,1.910794683976747,1.5823531353337306,2.2392362326197635,0.7582980394363403,0.5207788348197937
2014-01-31,14,AXON,1.8969045805664115,0.9022148365565256,2.8915943245762974,0.5745249390602112,0.6226440668106079
2014-01-31,15,TKO,1.8845177000341997,1.695047770643402,2.0739876294249977,0.7887480854988098,0.49497538805007935
2014-01-31,16,DECK,1.856812009895465,1.5171170580164277,2.196506961774502,0.7406712770462036,0.5141066908836365
2014-01-31,17,HII,1.7126071328587298,1.5107078948990464,1.9145063708184131,0.7389395236968994,0.47007250785827637
2014-01-31,18,DAL,1.6482597976606157,1.900251067235685,1.3962685280855467,0.8441939353942871,0.38915005326271057
2014-01-31,19,MGM,1.6292491862091119,1.3791907824036633,1.8793075900145606,0.703403651714325,0.46457624435424805
2014-01-31,20,BX,1.591531174506485,1.584687690757123,1.5983746582558471,0.7589288353919983,0.4207087755203247
2014-02-28,1,FNMA,5.926693066856751,7.9490105104559685,3.9043756232575326,2.41399884223938,0.7092506289482117
2014-02-28,2,FMCC,5.918824232771501,7.689171730538131,4.148476735004869,2.3431313037872314,0.7475824356079102
2014-02-28,3,INCY,4.850147232595596,3.7584960786998556,5.941798386491335,1.2710922956466675,1.0291922092437744
2014-02-28,4,TKO,3.9104231660565194,3.0761299306008616,4.744716401512178,1.0849860906600952,0.8412114381790161
2014-02-28,5,ILMN,3.3091377318098383,3.128745447773768,3.4895300158459084,1.0993362665176392,0.644106388092041
2014-02-28,6,TSLA,3.0902674772569294,4.877010500474858,1.3035244540390003,1.5761520862579346,0.30083248019218445
2014-02-28,7,MU,3.0497442139565725,3.1838331223602383,2.9156553055529066,1.1143606901168823,0.5539894104003906
2014-02-28,8,DXCM,3.0060318095156315,2.680365545890569,3.331698073140694,0.9770466685295105,0.6193216443061829
2014-02-28,9,NFLX,2.5468603112101604,2.423986081717012,2.669734540703309,0.9071226119995117,0.5153718590736389
2014-02-28,10,AXON,2.3242367122482763,1.487386997920064,3.161086426576489,0.6516777873039246,0.5925300717353821
2014-02-28,11,META,2.221631539345049,1.675356848715071,2.7679062299750274,0.7029440402984619,0.530788004398346
2014-02-28,12,UAA,2.142205678477861,1.8621006737772197,2.422310683178503,0.7538759112358093,0.47651827335357666
2014-02-28,13,STZ,2.054998982539103,2.260695626275744,1.8493023388024614,0.8625873327255249,0.3865373432636261
2014-02-28,14,HII,2.019768983306474,1.9256098994538307,2.1139280671591174,0.7711971998214722,0.42809218168258667
2014-02-28,15,WYNN,2.00204181422914,1.292500482522699,2.7115831459355806,0.5985251069068909,0.5219434499740601
2014-02-28,16,SMCI,1.9979561938220782,0.9578920534192458,3.038020334224911,0.5072651505470276,0.5732046961784363
2014-02-28,17,NOW,1.9555351096618814,2.1330831752893835,1.7779870440343792,0.8277827501296997,0.37533852458000183
2014-02-28,18,DAL,1.882198930537843,2.0138785071897467,1.7505193538859394,0.7952712774276733,0.3710252046585083
2014-02-28,19,PBI,1.7782415036079364,1.3595555669364976,2.1969274402793753,0.6168134808540344,0.4411257803440094
2014-02-28,20,FANG,1.7669257572596861,2.181198893916916,1.3526526206024567,0.8409056663513184,0.3085471987724304
2014-03-31,1,FMCC,8.184539728272123,8.800236110665935,7.56884334587831,2.8033604621887207,1.417065978050232
2014-03-31,2,FNMA,8.106820687103198,8.933802546980802,7.279838827225596,2.8415815830230713,1.369765043258667
2014-03-31,3,ILMN,3.519207194371307,3.3016849119624827,3.736729476780131,1.229905366897583,0.7898696660995483
2014-03-31,4,TSLA,3.4965236858538464,5.818118447296553,1.17492892441114,1.9500032663345337,0.3705836236476898
2014-03-31,5,TKO,3.4720471438975458,2.701975270528325,4.242119017266766,1.0582935810089111,0.8725860118865967
2014-03-31,6,YELLQ,2.8130568918873395,4.079783909791025,1.5463298739836542,1.4525647163391113,0.43137025833129883
2014-03-31,7,INCY,2.766542685770534,2.7131618376209237,2.8199235339201447,1.0614947080612183,0.6398174166679382
2014-03-31,8,MU,2.5765221363919326,2.7103436375545837,2.4427006352292815,1.0606882572174072,0.5780779123306274
2014-03-31,9,DXCM,2.4516849084384065,2.869316366174829,2.0340534507019843,1.1061795949935913,0.5111952424049377
2014-03-31,10,FANG,2.2097815873399576,2.6423131627824237,1.7772500118974917,1.041220784187317,0.4691646099090576
2014-03-31,11,AXON,2.143048110463785,2.308077551012123,1.9780186699154472,0.945576548576355,0.5020241141319275
2014-03-31,12,META,2.111462010755674,2.2228783431528867,2.000045678358462,0.9211961030960083,0.5056292414665222
2014-03-31,13,WYNN,2.0562548744382685,1.708331250064907,2.40417849881163,0.7739542722702026,0.5717730522155762
2014-03-31,14,DAL,2.0489954377349777,1.9801857013423734,2.1178051741275823,0.8517476320266724,0.5249027609825134
2014-03-31,15,TPL,1.9147602101614547,2.1070061623764906,1.722514257946419,0.8880383372306824,0.4602060914039612
2014-03-31,16,CAR,1.8965210649596898,1.4445866745881024,2.348455455331277,0.6984816193580627,0.5626529455184937
2014-03-31,17,NFLX,1.8417113159086744,2.0181853695539536,1.665237262263395,0.862621545791626,0.45083165168762207
2014-03-31,18,LUV,1.8295441605649931,1.3098356777575455,2.349252643372441,0.6599215269088745,0.562783420085907
2014-03-31,19,AYI,1.7748685985395078,1.5663035481850087,1.9834336488940068,0.7333118915557861,0.5029103755950928
2014-03-31,20,UAA,1.7634837473425589,1.9083670074566488,1.618600487228469,0.831196129322052,0.44319868087768555
2014-04-30,1,FMCC,6.5266502206093495,6.302681822509948,6.75061861870875,1.7363295555114746,1.1195554733276367
2014-04-30,2,FNMA,6.419696454018444,6.284611939845245,6.554780968191643,1.732040286064148,1.090949535369873
2014-04-30,3,TKO,5.226461731716479,4.137474868234749,6.315448595198209,1.2223718166351318,1.0559903383255005
2014-04-30,4,ILMN,3.255775674620405,3.254073504392647,3.257477844848163,1.012677788734436,0.6093136072158813
2014-04-30,5,FSLR,2.9278197359626947,2.9948115426316484,2.8608279292937415,0.9511364698410034,0.5513750910758972
2014-04-30,6,TSLA,2.8854645301350508,6.170746719407563,-0.39981765913746165,1.7050119638442993,0.07509371638298035
2014-04-30,7,FANG,2.5362972270732875,2.86117672251532,2.2114177316312555,0.9194154143333435,0.45651596784591675
2014-04-30,8,YELLQ,2.3208259139492227,3.5881069441675164,1.0535448837309287,1.0919677019119263,0.28738588094711304
2014-04-30,9,DXCM,2.2533252318747907,2.8034327981183065,1.7032176656312747,0.9057086706161499,0.38228335976600647
2014-04-30,10,CAR,2.010203246410835,1.3451923631055067,2.675214129716163,0.5595644116401672,0.524262547492981
2014-04-30,11,NXPI,2.0013944740916454,1.7830293213312491,2.219759626852041,0.6634942889213562,0.45773446559906006
2014-04-30,12,UAA,1.989970325097634,2.3836202728926903,1.5963203773025776,0.8060572743415833,0.3666689097881317
2014-04-30,13,DAL,1.9437944015056747,2.1406687142400793,1.7469200887712701,0.7483875751495361,0.38866695761680603
2014-04-30,14,INCY,1.9375356115048652,2.471393619316216,1.4036776036935144,0.8268921375274658,0.33852964639663696
2014-04-30,15,LUV,1.906034840977554,1.389546464773682,2.422523217181426,0.5700927972793579,0.48735207319259644
2014-04-30,16,MU,1.8944865897078382,2.6264744035350476,1.1624987758806287,0.8637038469314575,0.30330073833465576
2014-04-30,17,HII,1.8665897336793336,1.763120108318321,1.9700593590403461,0.6587684154510498,0.4212608337402344
2014-04-30,18,HP,1.8604606253344822,1.4971112568472258,2.2238099938217384,0.5956255793571472,0.4583261013031006
2014-04-30,19,URI,1.8578328413661107,1.2899755405002387,2.4256901422319825,0.5464575290679932,0.48781466484069824
2014-04-30,20,TPL,1.789465372366243,1.5590177176514095,2.019913027081077,0.6103203892707825,0.42854294180870056
2014-05-31,1,YELLQ,4.922057743986599,3.971634698855951,5.8724807891172475,1.0954962968826294,0.8570045232772827
2014-05-31,2,FMCC,4.868021197021017,6.140421266392073,3.5956211276499617,1.5742583274841309,0.5570615530014038
2014-05-31,3,FNMA,4.631487103859548,6.018328344036191,3.2446458636829063,1.5473061800003052,0.5108256936073303
2014-05-31,4,TSLA,3.2369189215668435,5.116425883710002,1.3574119594236849,1.3482102155685425,0.2622102200984955
2014-05-31,5,MU,2.9792605789930686,3.6290318852532764,2.3294892727328613,1.0198663473129272,0.39026719331741333
2014-05-31,6,FANG,2.7282485425540752,3.5743060498840333,1.8821910352241167,1.0077855587005615,0.3313421905040741
2014-05-31,7,TKO,2.576710901134632,2.586071385044734,2.5673504172245307,0.7896316647529602,0.42160192131996155
2014-05-31,8,CAR,2.5146109436894486,1.7304969599296371,3.29872492744926,0.600762665271759,0.5179498195648193
2014-05-31,9,SWKS,2.3562917737046667,1.820230729820935,2.8923528175883986,0.620571494102478,0.4644162356853485
2014-05-31,10,SMCI,2.3293613516636764,2.405307805111694,2.2534148982156585,0.7497279047966003,0.38024550676345825
2014-05-31,11,ILMN,2.286065751240111,2.3700503828606783,2.202081119619543,0.7419447898864746,0.3734830319881439
2014-05-31,12,MTW,2.2678644322895867,1.415054287729712,3.120674576849461,0.5311283469200134,0.4944942891597748
2014-05-31,13,NXPI,2.253574868002201,2.506148369083935,2.001001366920468,0.771988570690155,0.34699371457099915
2014-05-31,14,DAL,2.2189765557831667,2.505991764232423,1.9319613473339103,0.7719539999961853,0.33789870142936707
2014-05-31,15,HII,2.1142609330467392,2.062598878221701,2.165922987871778,0.6740745306015015,0.3687197268009186
2014-05-31,16,AVGO,2.094817385911697,2.2127783406795363,1.9768564311438586,0.7072268128395081,0.3438129723072052
2014-05-31,17,TPL,2.032063012154774,1.7699060307959096,2.2942199935136385,0.6094622611999512,0.38562098145484924
2014-05-31,18,TSN,2.0110080048355674,1.45989916699364,2.5621168426774945,0.5410279035568237,0.4209124743938446
2014-05-31,19,HP,1.9706303127474225,1.9108520172069225,2.0304086082879227,0.6405762434005737,0.35086768865585327
2014-05-31,20,URI,1.915821847637669,1.630002816689275,2.201640878586063,0.5785784721374512,0.37342503666877747
2014-06-30,1,FMCC,3.428968212570492,3.059286378747051,3.798650046393933,0.7826186418533325,0.6110276579856873
2014-06-30,2,ILMN,3.0334468939621564,3.2106907190947687,2.856203068829544,0.811119794845581,0.4792085886001587
2014-06-30,3,FNMA,2.985508268818748,2.8672156121320667,3.1038009255054293,0.7464622259140015,0.513839840888977
2014-06-30,4,TSLA,2.9202363137767318,2.906812769190988,2.9336598583624753,0.7539162039756775,0.49004238843917847
2014-06-30,5,TPL,2.8393317970783754,2.637447802322323,3.041215791834428,0.7032095193862915,0.5050861239433289
2014-06-30,6,FANG,2.7931458070480586,3.1744356219985597,2.411855992097557,0.8042949438095093,0.41705822944641113
2014-06-30,7,META,2.7670695948053607,3.976891607789211,1.5572475818215106,0.9553534984588623,0.2975250482559204
2014-06-30,8,YELLQ,2.7384510860582947,-0.46920211111978033,5.9461042832363695,0.11839732527732849,0.9113898277282715
2014-06-30,9,MU,2.629613829435958,3.657231725652226,1.60199593321969,0.895179033279419,0.30378395318984985
2014-06-30,10,AVGO,2.5547492140242647,2.3454252204075408,2.7640732076409886,0.6482376456260681,0.46632248163223267
2014-06-30,11,SWKS,2.5099904970452416,2.0830040124192437,2.93697698167124,0.5988380908966064,0.4905063509941101
2014-06-30,12,DAL,2.4590423505972363,3.1747228080133563,1.7433618931811166,0.8043490052223206,0.32355666160583496
2014-06-30,13,NXPI,2.3799041895262345,2.618322226962047,2.141486152090422,0.6996092200279236,0.3792418837547302
2014-06-30,14,SMCI,2.201168582372625,2.8060000291125435,1.596337135632706,0.7349386811256409,0.30299246311187744
2014-06-30,15,CAR,2.1882166012850544,1.8009024882791338,2.5755307142909745,0.5457338094711304,0.43995124101638794
2014-06-30,16,NBR,2.163248962326427,1.57370225442748,2.752795670225374,0.502964437007904,0.46474510431289673
2014-06-30,17,LUV,2.1240306528475994,2.2685103463343745,1.9795509593608247,0.6337587833404541,0.35659217834472656
2014-06-30,18,HP,2.0899152415905258,2.110513709594078,2.0693167735869737,0.6040166616439819,0.3691476285457611
2014-06-30,19,URI,2.0720445334642226,1.9583633822002064,2.1857256847282387,0.5753750801086426,0.38542962074279785
2014-06-30,20,TRGP,2.071761004512779,2.1265087357500585,2.0170132732754995,0.6070276498794556,0.36183199286460876
2014-07-31,1,FANG,3.4021116757012098,3.6614092391864745,3.142814112215945,0.9802287817001343,0.5183236002922058
2014-07-31,2,ILMN,2.9834921512999415,3.1060960531760373,2.860888249423846,0.8694602251052856,0.47898295521736145
2014-07-31,3,SWKS,2.7990818073374415,2.587041610020633,3.0111220046542497,0.7659242153167725,0.4999469518661499
2014-07-31,4,TRGP,2.790777590676889,2.7699432448451766,2.811611936508602,0.8024076819419861,0.47210681438446045
2014-07-31,5,TSLA,2.7796530421440053,2.7814410272088756,2.7778650570791354,0.8047011494636536,0.46739768981933594
2014-07-31,6,FMCC,2.7458095674348018,4.01401208174219,1.4776070531274133,1.0505626201629639,0.28595641255378723
2014-07-31,7,NBR,2.714556990430053,2.0550030814328397,3.3741108994272664,0.659798264503479,0.5505993366241455
2014-07-31,8,MU,2.6632800876023515,2.9214860961472917,2.405074079057411,0.8326359987258911,0.41537749767303467
2014-07-31,9,SMCI,2.642850509603405,3.083723516574538,2.2019775026322717,0.8649975657463074,0.38703688979148865
2014-07-31,10,FNMA,2.5817872118371614,3.86053141873914,1.3030430049351824,1.0199477672576904,0.26159730553627014
2014-07-31,11,TPL,2.3919870009205964,1.967684419626795,2.8162895822143974,0.6423807740211487,0.47275954484939575
2014-07-31,12,META,2.3273634521923525,3.7351978815620415,0.9195290228226635,0.9949474334716797,0.20808079838752747
2014-07-31,13,CAR,2.3158239947482264,2.409584075640089,2.222063913856364,0.7305266857147217,0.3898397982120514
2014-07-31,14,NXPI,2.295979865797023,2.5460430723775915,2.0459166592164544,0.7577462196350098,0.3652597665786743
2014-07-31,15,LUV,2.236244145301179,2.473420702795972,1.999067587806386,0.7432602047920227,0.3587223291397095
2014-07-31,16,ZBRA,2.195589028398325,1.9519058214685552,2.4392722353280947,0.639233410358429,0.4201495945453644
2014-07-31,17,WMB,2.1921154758067427,1.8723742642001162,2.511856687413369,0.6233692169189453,0.4302782118320465
2014-07-31,18,DAL,2.175185187085871,2.436760054507207,1.9136103196645358,0.7359474897384644,0.3467974066734314
2014-07-31,19,PANW,2.1648550238730357,2.194167843004879,2.1355422047411925,0.6875575184822083,0.37776634097099304
2014-07-31,20,URI,2.0038045784730834,2.4629134903302843,1.544695666615882,0.7411643266677856,0.2953181266784668
2014-08-31,1,FMCC,3.3818728410501224,4.79523138730047,1.9685142947997742,1.0702416896820068,0.3226592540740967
2014-08-31,2,SWKS,3.302683856233002,3.0988949656256355,3.5064727468403682,0.7502555251121521,0.5202704071998596
2014-08-31,3,TPL,3.1926618654760848,2.8671238923232396,3.5181998386289304,0.7065356969833374,0.5217772126197815
2014-08-31,4,FANG,3.1078756389340727,3.1887672132038634,3.0269840646642825,0.767208456993103,0.4586612582206726
2014-08-31,5,FNMA,3.0775219284767497,4.427729120288474,1.7273147366650257,1.0009183883666992,0.2916676998138428
2014-08-31,6,NBR,2.634789529739737,2.177015826480091,3.092563232999383,0.5763580799102783,0.4670874774456024
2014-08-31,7,HWM,2.6327520975678085,3.0193461314163272,2.2461580637192897,0.735249936580658,0.3583334982395172
2014-08-31,8,MU,2.6036025382245067,3.554098059179735,1.6531070172692783,0.8361221551895142,0.2821328043937683
2014-08-31,9,WFRD,2.493054140325478,1.6212647532280755,3.36484352742288,0.471524715423584,0.5020725727081299
2014-08-31,10,TRGP,2.4015252621669543,2.5741296155465565,2.228920908787352,0.6512671113014221,0.35611870884895325
2014-08-31,11,LUV,2.3928514793721263,2.961766820169716,1.823936138574537,0.7243885397911072,0.3040825128555298
2014-08-31,12,SMCI,2.3871862939021935,3.4393195617602106,1.3350530260441762,0.8144710659980774,0.24126628041267395
2014-08-31,13,CAR,2.363698767820388,2.166193795184075,2.561203740456701,0.574316680431366,0.39881348609924316
2014-08-31,14,ZBRA,2.213131892564025,2.04031141146792,2.3859523736601305,0.5505710244178772,0.3762955665588379
2014-08-31,15,WMB,2.111825265375642,2.009820830431713,2.213829700319571,0.5448194742202759,0.35417965054512024
2014-08-31,16,NXPI,1.9937744024903967,2.551077541875222,1.4364712631055716,0.6469187140464783,0.2542974352836609
2014-08-31,17,AVGO,1.9911583575130907,2.6007314191247337,1.3815852959014479,0.6562851071357727,0.2472451776266098
2014-08-31,18,URI,1.9624944295287032,2.375748248426823,1.5492406106305834,0.613845705986023,0.26878708600997925
2014-08-31,19,UAA,1.9325901401788097,2.766053912108491,1.0991263682491286,0.6874704957008362,0.21095223724842072
2014-08-31,20,ENPH,1.8582822850872067,1.685751723856339,2.0308128463180743,0.4836891293525696,0.3306639492511749
2014-09-30,1,ENPH,3.4910592331176833,3.069190340214117,3.912928126021249,0.8057942390441895,0.5566019415855408
2014-09-30,2,SWKS,3.1714761288092133,3.0847107052991505,3.258241552319276,0.8086659908294678,0.4734339714050293
2014-09-30,3,CAR,3.048568421647637,3.713404358298125,2.383732484997149,0.9249939322471619,0.36234089732170105
2014-09-30,4,LUV,3.0414681845176643,3.7080414891006233,2.374894879934706,0.9240016341209412,0.3612182140350342
2014-09-30,5,TPL,2.9532927538523714,3.307549388388036,2.599036119316707,0.849898099899292,0.38969194889068604
2014-09-30,6,MU,2.6656192636060494,3.451053170830554,1.8801853563815445,0.876450777053833,0.29837289452552795
2014-09-30,7,TRGP,2.6146522207875753,2.7284574434718407,2.5008469981033103,0.7427480220794678,0.3772185146808624
2014-09-30,8,HWM,2.6085673364305264,2.9220116651835943,2.2951230076774585,0.7785615921020508,0.3510844111442566
2014-09-30,9,AVGO,2.376072084210949,2.9071755104647012,1.8449686579571973,0.7758164405822754,0.29389914870262146
2014-09-30,10,FANG,2.3448207952323417,2.8408670216761296,1.8487745687885535,0.7635473012924194,0.29438263177871704
2014-09-30,11,URI,2.316645873788432,2.846402231996929,1.7868895155799351,0.764571487903595,0.2865210771560669
2014-09-30,12,WMB,2.0737037502116724,1.6026176336877653,2.5447898667355795,0.5344325304031372,0.38280078768730164
2014-09-30,13,HCA,1.9741009837724524,1.9750651627121443,1.9731368048327604,0.6033469438552856,0.3101809620857239
2014-09-30,14,UHS,1.9477110636924706,1.5618233623378606,2.3335987650470806,0.5268843173980713,0.35597217082977295
2014-09-30,15,INTC,1.8787290797556953,1.3998980855459708,2.35756007396542,0.4969230890274048,0.359016090631485
2014-09-30,16,WFRD,1.7573076453881145,1.2166745061773983,2.2979407845988304,0.46302101016044617,0.3514423668384552
2014-09-30,17,DAL,1.7331816729900693,2.521509256216903,0.9448540897632357,0.7044561505317688,0.17955328524112701
2014-09-30,18,GILD,1.7182342342820245,1.844640621929703,1.591827846634346,0.579214334487915,0.2617414593696594
2014-09-30,19,FMCC,1.6899087779131063,5.345171024566093,-1.9653534687398801,1.2269216775894165,-0.19014431536197662
2014-09-30,20,BIGGQ,1.646425211017509,0.18822756436543195,3.104622857669586,0.27272623777389526,0.45391905307769775
2014-10-31,1,ENPH,3.6973707851153605,2.4576284670341852,4.937113103196536,0.6130531430244446,0.7113233804702759
2014-10-31,2,SMCI,3.4748377486502036,3.337295198684793,3.612380298615614,0.7760265469551086,0.5269300937652588
2014-10-31,3,SWKS,3.376297884098161,3.7561152545673857,2.996480513628936,0.853620171546936,0.44120126962661743
2014-10-31,4,TPL,3.136106381963911,3.5997265546281345,2.672486209299688,0.8246464729309082,0.3961035907268524
2014-10-31,5,LUV,3.081045890783133,3.733737519186918,2.428354262379348,0.849474310874939,0.36212217807769775
2014-10-31,6,PANW,2.8270876033719157,3.257627359324712,2.396547847419119,0.7612667083740234,0.35769495368003845
2014-10-31,7,MU,2.6350977481914755,2.783860948416539,2.486334547966412,0.6734933257102966,0.37019261717796326
2014-10-31,8,AVGO,2.5373505171262254,3.032408044941865,2.042292989310586,0.7195409536361694,0.3083852231502533
2014-10-31,9,TRGP,2.414925437681184,2.6524549715421486,2.1773959038202193,0.6491481065750122,0.3271905779838562
2014-10-31,10,GILD,2.3707850614497463,1.9910219920178447,2.7505481308816484,0.5266062617301941,0.40696924924850464
2014-10-31,11,VRTX,2.2095381412166595,1.269331982933407,3.149744299499912,0.3929007649421692,0.46253448724746704
2014-10-31,12,HWM,2.176480474509727,2.892630524960696,1.4603304240587576,0.6936447620391846,0.22738021612167358
2014-10-31,13,MNST,2.001969903427872,2.1829015177448965,1.8210382891108479,0.5621552467346191,0.2775881588459015
2014-10-31,14,WMB,1.910067880139257,1.6286192067706944,2.1915165535078196,0.4594649076461792,0.3291560709476471
2014-10-31,15,HCA,1.898491932024276,1.8502567837334658,1.946727080315086,0.5005270838737488,0.2950831353664398
2014-10-31,16,RCL,1.8501882057989074,2.300534229489417,1.399842182108398,0.5839487314224243,0.2189606875181198
2014-10-31,17,INTC,1.8380547762652926,1.589054247162798,2.087055305367787,0.4521348178386688,0.31461581587791443
2014-10-31,18,URI,1.7930494001119337,2.6300662975941536,0.956032502629714,0.6450002193450928,0.15718556940555573
2014-10-31,19,ILMN,1.7468357288073768,2.9648804069243275,0.5287910506904261,0.7070302963256836,0.09771662950515747
2014-10-31,20,MAR,1.712079964556984,1.9613942384247307,1.4627656906892372,0.5211172103881836,0.22771918773651123
2014-11-30,1,ENPH,3.5052671636098545,2.815623606273345,4.194910720946364,0.6878350973129272,0.6878350973129272
2014-11-30,2,PANW,3.5041557668522927,4.029934119668512,2.9783774140360735,0.9191329479217529,0.5083059072494507
2014-11-30,3,SMCI,3.0787685970144505,3.5680689588852696,2.589468235143631,0.8311583995819092,0.45091286301612854
2014-11-30,4,SWKS,2.7202897325406026,3.504072961660546,1.9365065034206592,0.818968653678894,0.35455241799354553
2014-11-30,5,ILMN,2.4479643153754114,2.9973164128284826,1.89861221792234,0.7224433422088623,0.34896019101142883
2014-11-30,6,LUV,2.4312460775750564,2.8925483532967906,1.9699438018533226,0.7024874687194824,0.3594869077205658
2014-11-30,7,EW,2.328967144678642,2.4480614024097638,2.2098728869475197,0.61782306432724,0.3948943018913269
2014-11-30,8,VRTX,2.292735734852819,1.6016402544599995,2.9838312152456385,0.45659956336021423,0.5091107487678528
2014-11-30,9,MNST,2.2457969086476677,2.1804713915996286,2.311122425695707,0.566853404045105,0.40983614325523376
2014-11-30,10,AVGO,2.1595976909597354,2.657778078367181,1.6614173035522894,0.6577692031860352,0.31395629048347473
2014-11-30,11,INCY,1.8856938825182488,2.050128089521476,1.7212596755150216,0.5420260429382324,0.32278749346733093
2014-11-30,12,MU,1.8159658407462613,2.4951748606570727,1.1367568208354497,0.626797080039978,0.23652982711791992
2014-11-30,13,CNC,1.8133602141741043,1.8339019776720793,1.7928184506761293,0.5008400082588196,0.33334773778915405
2014-11-30,14,EA,1.7913469362493168,1.5416571889667798,2.041036683531854,0.4451741874217987,0.3699783980846405
2014-11-30,15,GILD,1.7638664175439462,1.5846179951131123,1.9431148399747802,0.4533572196960449,0.3555276393890381
2014-11-30,16,HWM,1.7036864162724576,2.364931068270952,1.0424417642739636,0.601988673210144,0.22261133790016174
2014-11-30,17,MAR,1.6963830480404976,1.9982710230304157,1.3944950730505794,0.5321484804153442,0.2745653986930847
2014-11-30,18,TPL,1.6819754754634864,2.3644450979825065,0.9995058529444665,0.6018961071968079,0.21627509593963623
2014-11-30,19,DXCM,1.6492714226745204,1.5544396470012727,1.744103198347768,0.44760894775390625,0.3261586129665375
2014-11-30,20,WMB,1.6250391309521794,1.7265397818292387,1.5235384800751204,0.4803900122642517,0.2936089038848877
2014-12-31,1,PANW,3.0944707580858557,3.6104266066865063,2.578514909485205,0.9011618494987488,0.49589699506759644
2014-12-31,2,SWKS,3.035542533855159,3.788515470877385,2.2825695968329334,0.9380622506141663,0.44755589962005615
2014-12-31,3,LUV,2.793313925994036,3.2135607942295947,2.3730670577584774,0.8189303874969482,0.4623381793498993
2014-12-31,4,SMCI,2.5247404729675287,2.8321250005202154,2.2173559454148415,0.7398960590362549,0.43690359592437744
2014-12-31,5,EW,2.482046899870646,2.5554182404497503,2.408675559291541,0.6825618147850037,0.468154639005661
2014-12-31,6,MNST,2.414528851094484,2.3464037513316325,2.4826539508573355,0.639253556728363,0.4802386164665222
2014-12-31,7,VRTX,2.1776953256862845,1.816672759825241,2.538717891547328,0.5294921398162842,0.4893963634967804
2014-12-31,8,AVGO,2.0961824508616194,2.8950716755576873,1.2972932261655516,0.7529387474060059,0.2866162359714508
2014-12-31,9,YELLQ,1.983605006576909,3.996928166538879,-0.029718153385060786,0.9812458157539368,0.06985597312450409
2014-12-31,10,UAA,1.9046140755914842,2.0887021003905915,1.7205260507923772,0.5858572125434875,0.35574907064437866
2014-12-31,11,INCY,1.8590986610858047,1.5932297547890537,2.1249675673825554,0.4831942617893219,0.4218124449253082
2014-12-31,12,DXCM,1.7577936086360983,1.392360045323954,2.1232271719482427,0.4415736198425293,0.421528160572052
2014-12-31,13,EA,1.7364110270018753,2.5616711966479473,0.9111508573558033,0.6838574409484863,0.22354193031787872
2014-12-31,14,RCL,1.5881186699373357,1.8436625634936248,1.3325747763810467,0.5350844860076904,0.2923792898654938
2014-12-31,15,ILMN,1.5848209550718895,2.4790103202867027,0.6906315898570764,0.6667299270629883,0.18752127885818481
2014-12-31,16,HWM,1.5834703647567552,2.1368918908528536,1.0300488386606566,0.5958422422409058,0.2429632842540741
2014-12-31,17,TTWO,1.5667787235289388,1.7957069316707943,1.337850515387083,0.5251479744911194,0.29324105381965637
2014-12-31,18,NXPI,1.5516223518951113,2.17995924532941,0.923285458460813,0.6047658920288086,0.22552405297756195
2014-12-31,19,INTC,1.5434964046594364,1.5657435865846259,1.5212492227342467,0.4774990677833557,0.32319825887680054
2014-12-31,20,ZTS,1.4853865204717098,1.071650015379645,1.8991230255637745,0.3751218020915985,0.38492193818092346
2015-01-31,1,SWKS,2.9709032227640186,3.7928018130446204,2.149004632483417,0.9413861036300659,0.4414392113685608
2015-01-31,2,ENPH,2.868486632347226,3.19218709720666,2.5447861674877923,0.8126811981201172,0.5136287212371826
2015-01-31,3,LUV,2.7253992462488643,3.2110240542836794,2.2397744382140496,0.8167177438735962,0.45799538493156433
2015-01-31,4,AXON,2.645055157965846,1.7858970743636204,3.504213241568072,0.5113292336463928,0.688625693321228
2015-01-31,5,PANW,2.372280395222579,2.934301694806485,1.8102590956386735,0.7574192881584167,0.3796529173851013
2015-01-31,6,UAL,2.231233187052447,2.0594429468820783,2.403023427222816,0.5699470043182373,0.48777157068252563
2015-01-31,7,EW,2.188904787081134,2.4851113917871204,1.8926981823751474,0.6611629128456116,0.3946895897388458
2015-01-31,8,SMCI,2.1028480138043557,2.70990041469875,1.4957956129099608,0.7093326449394226,0.322295606136322
2015-01-31,9,AVGO,2.0349708098378825,2.4734421135577094,1.5964995061180554,0.6586623191833496,0.34066373109817505
2015-01-31,10,RCL,1.997434723950838,2.0628327758283236,1.9320366720733524,0.570673406124115,0.40186482667922974
2015-01-31,11,EA,1.9802960767984445,2.748408782519707,1.212183371077182,0.7175845503807068,0.2705654799938202
2015-01-31,12,AAL,1.955586942667605,2.9385101227999773,0.9726637625352325,0.7583211064338684,0.22687773406505585
2015-01-31,13,MNST,1.8166971718891904,1.5895164702397881,2.0438778735385927,0.46924710273742676,0.42226436734199524
2015-01-31,14,CNC,1.7554789973460054,2.042227333279882,1.4687306614121292,0.566257894039154,0.3173590302467346
2015-01-31,15,DAL,1.6113875711680326,2.1565110478376,1.0662640944984647,0.590747594833374,0.24395018815994263
2015-01-31,16,BBWI,1.5351165338454646,1.1552003038332466,1.915032763857683,0.3761780858039856,0.39876335859298706
2015-01-31,17,REGN,1.5185632259111739,1.262276424842956,1.7748500269793916,0.39912328124046326,0.3731943964958191
2015-01-31,18,DXCM,1.4926844902907637,1.4588538209565702,1.526515159624957,0.4412475824356079,0.327898770570755
2015-01-31,19,KR,1.4647986118183285,1.7310464877785083,1.1985507358581486,0.4995753765106201,0.26807892322540283
2015-01-31,20,LOW,1.3820098737799906,1.0098457069878162,1.754174040572165,0.3450302481651306,0.36942315101623535
2015-02-28,1,SWKS,3.046763580859558,3.9048267027490513,2.1887004589700654,1.016861081123352,0.49659067392349243
2015-02-28,2,AXON,2.7267143666708287,1.7396171038452015,3.7138116294964556,0.5198755264282227,0.8063129186630249
2015-02-28,3,LUV,2.4611349568438152,2.8552795176411863,2.066990396046444,0.7759560942649841,0.47187358140945435
2015-02-28,4,EA,2.4093859976484238,2.6612520282188865,2.157519967077961,0.7314205169677734,0.49025848507881165
2015-02-28,5,PANW,2.3517279096031025,2.7606546868760717,1.9428011323301329,0.75423663854599,0.44665300846099854
2015-02-28,6,MNST,2.279268780195513,1.843458190369731,2.7150793700212956,0.5437104105949402,0.6034886240959167
2015-02-28,7,AVGO,2.0094320303658986,2.299813074572703,1.719050986159094,0.6484586000442505,0.4012134373188019
2015-02-28,8,KR,1.9147936681022628,2.3632281644260082,1.4663591717785172,0.6630144119262695,0.3498963415622711
2015-02-28,9,CNC,1.9125606081623123,2.0386786436126823,1.7864425727119424,0.588519811630249,0.41489943861961365
2015-02-28,10,ALK,1.8906673260500524,1.8758188271572758,1.9055158249428292,0.5511382222175598,0.4390810430049896
2015-02-28,11,EW,1.8444555949381627,2.3277809869392327,1.3611302029370924,0.6548781394958496,0.32852625846862793
2015-02-28,12,LULU,1.7563210846254138,1.092778175543113,2.4198639937077147,0.37140509486198425,0.5435357689857483
2015-02-28,13,BSET,1.7504723307354086,1.5821087454690268,1.9188359160017903,0.4837222695350647,0.44178611040115356
2015-02-28,14,BBWI,1.698155372027208,1.7415260017654477,1.654784742288968,0.5203136801719666,0.38816213607788086
2015-02-28,15,SMCI,1.6873620516065266,1.9836145601826118,1.3911095430304414,0.5758808255195618,0.33461451530456543
2015-02-28,16,DXCM,1.5957310056712197,1.175347034427625,2.016114976914815,0.3903573155403137,0.46154171228408813
2015-02-28,17,UAL,1.5021980732246671,1.2796468433268129,1.7247493031225216,0.414297491312027,0.4023706614971161
2015-02-28,18,ULTA,1.4276455548089895,1.3540602338283492,1.5012308757896298,0.4313777685165405,0.3569781482219696
2015-02-28,19,KDP,1.4153855628708545,1.6781802461176527,1.1525908796240563,0.5057737827301025,0.2861757278442383
2015-02-28,20,WHR,1.3667928135027338,1.3032483886575674,1.4303372383479005,0.4197148084640503,0.3425809442996979
2015-03-31,1,SWKS,2.8427204814306117,3.6088449042707946,2.0765960585904284,0.914587140083313,0.4411531686782837
2015-03-31,2,PANW,2.539566102141648,2.594802479750638,2.4843297245326577,0.692584753036499,0.5148415565490723
2015-03-31,3,SMCI,2.474905836234145,2.5746916936887305,2.37511997877956,0.6881819367408752,0.49510443210601807
2015-03-31,4,AVGO,2.469742390556049,2.8222936486686145,2.117191132443483,0.7423889636993408,0.448489785194397
2015-03-31,5,BSET,2.3422694162804367,2.0254083452974463,2.6591304872634276,0.5679283738136292,0.5464327335357666
2015-03-31,6,MNST,2.3015063180036073,2.379940482628642,2.223072153378573,0.6455454230308533,0.46762531995773315
2015-03-31,7,CNC,2.2891607376595795,2.4352910876179323,2.143030387701227,0.6576632261276245,0.4531596302986145
2015-03-31,8,EA,2.258645290063056,2.5973714940233195,1.9199190861027924,0.6931471824645996,0.4128374457359314
2015-03-31,9,LUV,1.8843696033104247,2.4613171951192787,1.3074220115015704,0.6633610725402832,0.30214282870292664
2015-03-31,10,BBWI,1.8422926022830535,1.8611844618500053,1.8234007427161016,0.5319751501083374,0.3953939974308014
2015-03-31,11,EW,1.8174701102484883,2.379453143125876,1.2554870773711009,0.6454387307167053,0.2927567958831787
2015-03-31,12,EPAM,1.7805823934960265,1.1942210112208373,2.3669437757712157,0.38595810532569885,0.49362677335739136
2015-03-31,13,LULU,1.7270329499071366,0.8370053756723163,2.617060524141957,0.3077535629272461,0.5388295650482178
2015-03-31,14,KR,1.7075635566645304,1.9031016487353987,1.512025464593662,0.5411520004272461,0.33912014961242676
2015-03-31,15,FICO,1.6413425421190289,1.5372463550242943,1.7454387292137634,0.4610559940338135,0.38130417466163635
2015-03-31,16,ULTA,1.5840707718935687,1.4899295008995952,1.678212042887542,0.45069700479507446,0.36915451288223267
2015-03-31,17,MOH,1.5239369466377908,1.8288583341844107,1.2190155590911709,0.5248980522155762,0.28616541624069214
2015-03-31,18,DLTR,1.4851865755811997,1.1436011387455478,1.8267720124168518,0.3748759925365448,0.39600327610969543
2015-03-31,19,INCY,1.467409345601533,0.7543783242618733,2.1804403669411925,0.2896641790866852,0.45992061495780945
2015-03-31,20,NCLH,1.4507131328445158,1.0941938976363585,1.8072323680526727,0.36405935883522034,0.39247193932533264
2015-04-30,1,BSET,2.9654136859718165,2.322567889501711,3.6082594824419223,0.6803701519966125,0.7543468475341797
2015-04-30,2,SWKS,2.9543513418041374,3.5265809699975152,2.3821217136107595,0.9715487360954285,0.530347466468811
2015-04-30,3,CNC,2.657406171681127,2.9011429378462026,2.4136694055160515,0.8202927708625793,0.5361108183860779
2015-04-30,4,EA,2.3286845723383776,2.431673646512295,2.2256954981644608,0.7067562937736511,0.5017704367637634
2015-04-30,5,INCY,2.3177903186124156,1.733999502471315,2.901581134753516,0.538030743598938,0.6252459287643433
2015-04-30,6,PANW,2.1466553125847234,2.6347239838924437,1.6585866412770027,0.7558619976043701,0.39816704392433167
2015-04-30,7,MNST,2.047095149230096,2.3603398359748637,1.733850462485328,0.6895049214363098,0.4119167625904083
2015-04-30,8,SSP,1.9940818409615955,1.4655241837723014,2.5226394981508897,0.4731026589870453,0.5560182332992554
2015-04-30,9,AVGO,1.9798719724406055,2.3750278034937047,1.5847161413875066,0.6930570602416992,0.3846718668937683
2015-04-30,10,MOH,1.970209288732097,1.92024327565854,2.0201753018056543,0.5830719470977783,0.46422457695007324
2015-04-30,11,FICO,1.7783317730830994,1.4673804204929684,2.0892831256732305,0.47355157136917114,0.47684967517852783
2015-04-30,12,KR,1.7626564902005755,1.8900850667907576,1.635227913610393,0.5757784843444824,0.39389970898628235
2015-04-30,13,EW,1.7539728253088904,2.2081592327657242,1.2997864178520566,0.6527015566825867,0.33261892199516296
2015-04-30,14,COR,1.7298898713673383,1.835928254462205,1.6238514882724713,0.5626811981201172,0.39182138442993164
2015-04-30,15,EPAM,1.7006275084565896,2.081805003251766,1.319450013661413,0.6221440434455872,0.3362112045288086
2015-04-30,16,NCLH,1.6677027391226553,1.6388970385309218,1.6965084397143886,0.5150311589241028,0.40509486198425293
2015-04-30,17,BBWI,1.6545550963139786,1.7847484697309355,1.5243617228970217,0.5503038763999939,0.3736459016799927
2015-04-30,18,NXPI,1.64725247833446,1.7192006265644635,1.5753043301044565,0.5344517827033997,0.3829524517059326
2015-04-30,19,RMD,1.5724410185143043,1.5523571950710986,1.5925248419575098,0.4941023588180542,0.3860984146595001
2015-04-30,20,COTY,1.5639231980097281,1.5530755117307793,1.5747708842886772,0.4942760765552521,0.38285499811172485
2015-05-31,1,BLDR,3.3024902583772153,1.628206704505792,4.976773812248639,0.4858018159866333,0.7662911415100098
2015-05-31,2,PAYC,3.1645616455571335,2.6785945896103147,3.6505287015039523,0.7184569239616394,0.5770880579948425
2015-05-31,3,SWKS,2.9922021774686764,3.1289677656601804,2.8554365892771725,0.81821209192276,0.4636596441268921
2015-05-31,4,BSET,2.9619558230554026,2.7932463807494745,3.1306652653613307,0.7438516616821289,0.5029239654541016
2015-05-31,5,DXCM,2.6051552857170335,2.747738511072361,2.462572060361706,0.7337719202041626,0.4076133072376251
2015-05-31,6,PANW,2.596270380698093,3.2409683621209715,1.9515723992752145,0.8430196046829224,0.33471372723579407
2015-05-31,7,AXON,2.5849590637193747,2.259323705332322,2.9105944221064273,0.6255907416343689,0.4715285003185272
2015-05-31,8,INCY,2.385254621423484,2.5661857651423086,2.20432347770466,0.6935589909553528,0.3707713782787323
2015-05-31,9,EA,2.3672156925266394,2.6816419026977942,2.052789482355485,0.7191318869590759,0.34915342926979065
2015-05-31,10,EPAM,2.2379431241697314,2.738581771190017,1.737304477149446,0.7317437529563904,0.3041461110115051
2015-05-31,11,MNST,2.2134399780372735,2.6706087133135967,1.7562712427609508,0.7166880965232849,0.30685192346572876
2015-05-31,12,CZR,2.1515221417291395,0.9322950116520304,3.370749271806248,0.3316612243652344,0.5371745228767395
2015-05-31,13,FTNT,2.039697606910325,1.8755530497556157,2.203842164065034,0.5405876636505127,0.37070271372795105
2015-05-31,14,AVGO,2.0177226352724755,2.253966688233024,1.7814785823119272,0.6244041919708252,0.31044802069664
2015-05-31,15,NFLX,1.9761367673723926,1.904464311577095,2.0478092231676905,0.5469913482666016,0.348442941904068
2015-05-31,16,CNC,1.9498684761008247,2.2540525318284765,1.6456844203731729,0.6244232058525085,0.29107552766799927
2015-05-31,17,COR,1.859918466856942,2.028564549361829,1.691272384352055,0.5744788646697998,0.2975791394710541
2015-05-31,18,NXPI,1.7774068174017943,1.591206096599345,1.9636075382042437,0.4776063859462738,0.3364306688308716
2015-05-31,19,LULU,1.7421580671182824,0.9072942081607087,2.577021926075856,0.3261236846446991,0.4239408075809479
2015-05-31,20,FICO,1.7376119092895341,1.4087678699456658,2.0664559486334024,0.43719732761383057,0.3511030972003937
2015-06-30,1,SWKS,3.1721442420474615,3.426698911726985,2.9175895723679384,0.9334431290626526,0.48588722944259644
2015-06-30,2,BLDR,3.010282671212983,1.7605996153058387,4.259965727120128,0.5366725325584412,0.6898951530456543
2015-06-30,3,CZR,2.9169694951485967,1.6486351503947652,4.185303839902429,0.5100089311599731,0.6785483956336975
2015-06-30,4,AVGO,2.7343003011885765,2.6730243680007053,2.795576234376447,0.7539604902267456,0.4673442244529724
2015-06-30,5,AXON,2.702081618855167,3.1477702583340412,2.256392979376293,0.8670181035995483,0.38540172576904297
2015-06-30,6,INCY,2.5314977598306063,2.8615679606411546,2.2014275590200585,0.7988609075546265,0.3770483434200287
2015-06-30,7,BSET,2.487604606315652,2.713466040551022,2.2617431720802816,0.7635914087295532,0.38621482253074646
2015-06-30,8,CNC,2.481611390076921,2.463614193849426,2.4996085863044164,0.7040908336639404,0.4223644733428955
2015-06-30,9,NFLX,2.390895106253037,1.1916122136032534,3.59017799890282,0.4011719226837158,0.5881040096282959
2015-06-30,10,PANW,2.3828620195363976,2.9356647235459605,1.830059315526835,0.816506564617157,0.32060956954956055
2015-06-30,11,DXCM,2.2879196411687293,2.6710616028308847,1.9047776795065743,0.753493070602417,0.331964910030365
2015-06-30,12,PAYC,2.2474673796349283,3.5254110825534304,0.9695236767164264,0.9569507837295532,0.18982946872711182
2015-06-30,13,HUM,2.240204340379258,1.8285730614700608,2.651835619288455,0.5528599619865417,0.4454992115497589
2015-06-30,14,NXPI,2.0623008544448935,1.9928549043353836,2.1317468045544037,0.5919826030731201,0.36645859479904175
2015-06-30,15,FTNT,2.0582110509563627,1.9349680988678923,2.1814540030448333,0.5781972408294678,0.37401285767555237
2015-06-30,16,EA,2.0052254498297475,1.943305470784736,2.0671454288747593,0.5801827311515808,0.3566407859325409
2015-06-30,17,MOH,1.8735128600264852,1.705708016518689,2.0413177035342813,0.5236004590988159,0.3527156114578247
2015-06-30,18,EPAM,1.8677569101717035,1.758113496148503,1.977400324194904,0.5360804796218872,0.34300175309181213
2015-06-30,19,FIX,1.7763001110271357,0.8576067476733938,2.6949934743808774,0.32163071632385254,0.4520581364631653
2015-06-30,20,ON,1.7649937482559095,1.2815042053192078,2.248483291192611,0.4225791096687317,0.3841996490955353
2015-07-31,1,BLDR,2.7672008405852377,1.8296632825841774,3.7047383985862985,0.5403324961662292,0.6254011988639832
2015-07-31,2,CNC,2.607532739862889,2.6622379691576894,2.5528275105680884,0.7545728087425232,0.43721386790275574
2015-07-31,3,NFLX,2.5807563086886294,1.2821899660581955,3.879322651319063,0.3994552195072174,0.653922975063324
2015-07-31,4,CZR,2.554531440685925,1.204982566313351,3.904080315058499,0.3795880079269409,0.6579676270484924
2015-07-31,5,BSET,2.51862787372803,2.8233571801548036,2.213898567301256,0.7960324287414551,0.3818431496620178
2015-07-31,6,SWKS,2.4712790614208915,2.8513566223257047,2.0912015005160787,0.8032373189926147,0.36179816722869873
2015-07-31,7,COTY,2.374703514218951,2.200346544279518,2.549060484158385,0.6357176899909973,0.43659844994544983
2015-07-31,8,PANW,2.3141449474185007,2.582447040745485,2.045842854091517,0.7340407967567444,0.35438793897628784
2015-07-31,9,DXCM,2.309385850896159,2.4557296328253404,2.163042068966978,0.701433539390564,0.3735347390174866
2015-07-31,10,CI,2.2936037101121496,1.9312062553381384,2.6560011648861606,0.5664618015289307,0.4540693163871765
2015-07-31,11,AXON,2.2894527159909486,3.297708192338959,1.281197239642938,0.9180936813354492,0.22946801781654358
2015-07-31,12,PAYC,2.251577419193211,3.034740946745869,1.4684138916405531,0.8504262566566467,0.2600535452365875
2015-07-31,13,INCY,2.0795677235562016,2.1129554760811704,2.0461799710312327,0.6132299900054932,0.3544430136680603
2015-07-31,14,EA,2.0638873740703323,2.12877491305946,1.9989998350812044,0.6173006892204285,0.3467352092266083
2015-07-31,15,IBKR,2.0575030652395636,2.03355438751719,2.081451742961937,0.5927982926368713,0.36020535230636597
2015-07-31,16,EPAM,1.9743432479603236,1.6240459260356632,2.3246405698849837,0.48742249608039856,0.3999350368976593
2015-07-31,17,AVGO,1.8888857872908402,2.159482387117223,1.6182891874644578,0.6252024173736572,0.2845386266708374
2015-07-31,18,MNST,1.687600469240389,2.1971173361249776,1.1780836023558001,0.6348867416381836,0.21262237429618835
2015-07-31,19,FTNT,1.683927006135991,1.6633112302256672,1.7045427820463148,0.4975263476371765,0.29862985014915466
2015-07-31,20,MKTX,1.67526722422345,1.8680621601834018,1.4824722882634984,0.5502133965492249,0.26235026121139526
2015-08-31,1,BLDR,3.9331044054702557,2.812518796577295,5.053690014363217,0.9290041923522949,0.9323768615722656
2015-08-31,2,CZR,2.8783542187288953,1.7144001098444115,4.042308327613379,0.6081101298332214,0.7566606402397156
2015-08-31,3,NFLX,2.4614829983566016,1.8170791448776982,3.105886851835505,0.6381151676177979,0.5939679145812988
2015-08-31,4,BSET,2.2295423707635127,2.497490393079536,1.9615943484474891,0.8369460701942444,0.39515992999076843
2015-08-31,5,FIX,2.2166454114909904,1.7947949421537135,2.638495880828267,0.6316032409667969,0.5127639770507812
2015-08-31,6,PANW,2.193357315837312,2.4809512280109147,1.9057634036637092,0.8321129679679871,0.38545992970466614
2015-08-31,7,FTNT,2.1452874348974755,1.9092785752579542,2.381296294536997,0.6650578379631042,0.4680784344673157
2015-08-31,8,DXCM,2.0462619022846518,2.403211277833339,1.6893125267359639,0.8093956708908081,0.34785401821136475
2015-08-31,9,EPAM,1.9685040159577012,1.8602993042523184,2.076708727663084,0.6507450342178345,0.41515976190567017
2015-08-31,10,MNST,1.942333770495511,2.6303428080871853,1.254324732903837,0.8757684230804443,0.2722797691822052
2015-08-31,11,TKO,1.9109114371828637,1.2872070156944397,2.534615858671288,0.48327505588531494,0.49471598863601685
2015-08-31,12,MOH,1.84107773391219,1.7321543281443401,1.95000113968004,0.6132982969284058,0.39314574003219604
2015-08-31,13,PAYC,1.8095609362530278,2.774363840642838,0.8447580318632174,0.9178544878959656,0.20112214982509613
2015-08-31,14,NCLH,1.784421856782363,1.8374472472063663,1.7313964663583599,0.6440671682357788,0.35516563057899475
2015-08-31,15,INCY,1.7764695915466202,2.319307946173405,1.2336312369198354,0.7848773002624512,0.2686845064163208
2015-08-31,16,AMZN,1.7715811736094456,1.4753099836700838,2.0678523635488073,0.5382428169250488,0.41362106800079346
2015-08-31,17,EA,1.7179958956752217,2.2200448078103725,1.215946983540071,0.7558704614639282,0.26561206579208374
2015-08-31,18,AYI,1.5933991692788307,1.7970841048891442,1.389714233668517,0.6322721838951111,0.29580217599868774
2015-08-31,19,HAS,1.557899639216666,1.2847669146694056,1.8310323637639263,0.48256200551986694,0.3724762499332428
2015-08-31,20,CNC,1.5205465389097168,1.911073925021588,1.1300191527978456,0.6655824780464172,0.250683069229126
2015-09-30,1,BLDR,4.122649669825503,2.628005615569664,5.617293724081342,0.7637812495231628,0.8985555768013
2015-09-30,2,CZR,3.5430179962276975,2.533550867462787,4.552485124992608,0.7365378737449646,0.7167787551879883
2015-09-30,3,DXCM,2.7608736990804648,2.6012293018330728,2.920518096327857,0.7560582160949707,0.438180536031723
2015-09-30,4,NFLX,2.6185624815996844,1.790588187879379,3.44653677531999,0.522246778011322,0.5279788374900818
2015-09-30,5,FIX,2.406724389021022,2.1056251963589547,2.70782358168309,0.613112211227417,0.4018707871437073
2015-09-30,6,INCY,2.375093778057663,2.6237227196887116,2.126464836426614,0.7625459432601929,0.30262520909309387
2015-09-30,7,PAYC,2.0500055574973466,2.634932850929152,1.4650782640655413,0.7657792568206787,0.1897178292274475
2015-09-30,8,COTY,2.0300929795223572,1.9870120223330936,2.0731739367116204,0.5789008736610413,0.293527752161026
2015-09-30,9,IBKR,1.7858162543179452,1.8675267701109661,1.7041057385249243,0.5444380044937134,0.23052296042442322
2015-09-30,10,AMZN,1.761534587809308,1.4150918786004338,2.1079772970181825,0.41394320130348206,0.29946914315223694
2015-09-30,11,PANW,1.7299390403713573,2.2635893490893224,1.1962887316533921,0.6586734652519226,0.14383192360401154
2015-09-30,12,BSET,1.7054484564620065,2.3141826969960277,1.096714215927985,0.6732659935951233,0.1268332451581955
2015-09-30,13,FTNT,1.6791160013183093,1.6796024949400319,1.6786295076965867,0.49023541808128357,0.22617383301258087
2015-09-30,14,EPAM,1.6529730004766674,2.160150335678494,1.145795665274841,0.6288387775421143,0.13521209359169006
2015-09-30,15,NCLH,1.5707765222237557,1.8787145827624974,1.2628384616850143,0.5476648807525635,0.15519283711910248
2015-09-30,16,AYI,1.5676794545163135,1.5622603438871887,1.5730985651454386,0.4563906788825989,0.20815831422805786
2015-09-30,17,EA,1.5619174629338726,1.9164823882296593,1.2073525376380858,0.5585581660270691,0.14572066068649292
2015-09-30,18,ALK,1.508359593486834,1.6805593011127127,1.3361598858609554,0.49051138758659363,0.16770976781845093
2015-09-30,19,GPN,1.4731931880577998,1.4612363877845749,1.4851499883310249,0.42725256085395813,0.19314433634281158
2015-09-30,20,HOLX,1.4688182747376168,1.5228225706702574,1.4148139788049763,0.44501572847366333,0.1811370551586151
2015-10-31,1,BLDR,3.3469609551468666,2.764338320889387,3.929583589404346,0.8444103598594666,0.6424061059951782
2015-10-31,2,CZR,3.056257642094911,2.4941383074767156,3.618376976713106,0.7619816660881042,0.5840243697166443
2015-10-31,3,NFLX,2.4913219474472115,1.5412714121068638,3.4413724827875587,0.4712948799133301,0.550818681716919
2015-10-31,4,DXCM,2.356319682491584,2.5010449055790875,2.211594459404081,0.7640886306762695,0.32011479139328003
2015-10-31,5,FIX,2.120383340015027,2.3279633961962807,1.912803283833774,0.7112874388694763,0.26406216621398926
2015-10-31,6,INCY,2.073530983054008,2.6536254497553093,1.4934365163527066,0.8106356859207153,0.18538980185985565
2015-10-31,7,AMZN,1.8584022758985665,1.5114346503988918,2.205369901398241,0.46219271421432495,0.31894707679748535
2015-10-31,8,PAYC,1.8216725387201027,2.5336183987255705,1.1097266787146352,0.7740256786346436,0.11340660601854324
2015-10-31,9,ALK,1.7561277480328874,2.003631706338603,1.5086237897271717,0.6123450398445129,0.18823890388011932
2015-10-31,10,EA,1.6819306183265559,2.104767287428208,1.2590939492249036,0.6431980133056641,0.14142760634422302
2015-10-31,11,TYL,1.6805771973395767,1.7145383400757452,1.6466160546034079,0.5241526365280151,0.21412597596645355
2015-10-31,12,GPN,1.6635222361758522,1.6243312210348266,1.7027132513168775,0.4966335594654083,0.22464969754219055
2015-10-31,13,EPAM,1.6431104255673494,1.739153878521682,1.547066972613017,0.5316619873046875,0.1954507678747177
2015-10-31,14,FTNT,1.6224676084461462,1.6996585473890402,1.545276669503252,0.5196133255958557,0.19511491060256958
2015-10-31,15,PANW,1.6064426484648406,1.8369857263426512,1.37589957058703,0.5615071058273315,0.16334010660648346
2015-10-31,16,AAP,1.4982444398936443,1.2295548291285248,1.766934050658764,0.37620091438293457,0.23669739067554474
2015-10-31,17,HOLX,1.4817020255825961,1.5540046280855513,1.409399423079641,0.4751793444156647,0.16962461173534393
2015-10-31,18,ORLY,1.4707578261245637,1.662995099277015,1.2785205529721122,0.5084285736083984,0.14507199823856354
2015-10-31,19,SBUX,1.4475526673368506,1.3845368272999445,1.5105685073737565,0.4234805703163147,0.1886037290096283
2015-10-31,20,IBKR,1.4324118022891055,1.5392287792215984,1.3255948253566123,0.47067174315452576,0.1539030373096466
2015-11-30,1,FIX,2.447046972477681,2.5658112989469957,2.3282826460083665,0.7440328598022461,0.4389626681804657
2015-11-30,2,CZR,2.4375192159817023,3.0427892867856436,1.8322491451777612,0.8766815662384033,0.339507132768631
2015-11-30,3,AMZN,2.288750482038748,2.4699437977803855,2.1075571662971107,0.7173718810081482,0.3947068452835083
2015-11-30,4,NFLX,1.9710824635176458,2.257643117442523,1.6845218095927685,0.6583305597305298,0.309887558221817
2015-11-30,5,PAYC,1.8435108770200341,2.628489304335286,1.0585324497047826,0.7614637613296509,0.18437565863132477
2015-11-30,6,EXPE,1.8084265033045475,1.6178992171459117,1.9989537894631833,0.48041626811027527,0.37293168902397156
2015-11-30,7,GPN,1.7326621557602113,1.7898614415399194,1.6754628699805032,0.528239369392395,0.30807122588157654
2015-11-30,8,DXCM,1.6467421678661074,2.1095222267228344,1.1839621090093801,0.6171377897262573,0.2095245122909546
2015-11-30,9,RCL,1.644830931558348,1.2748707593630382,2.014791103753658,0.3850192427635193,0.3761070966720581
2015-11-30,10,TYL,1.6037062298981108,1.401120403555702,1.8062920562405196,0.42012956738471985,0.334302693605423
2015-11-30,11,NCLH,1.5707198256186703,1.6500813794176739,1.4913582718196665,0.48936620354652405,0.2711579501628876
2015-11-30,12,EA,1.5679013369164223,1.9213180354932398,1.2144846383396046,0.5647977590560913,0.21564432978630066
2015-11-30,13,SBUX,1.5414435235739283,1.7537686819999307,1.329118365147926,0.5182018876075745,0.2386285811662674
2015-11-30,14,COTY,1.5334310840218122,1.9253255082391183,1.141536659804506,0.5659122467041016,0.20101813971996307
2015-11-30,15,AYI,1.5040695992937734,1.5181439444596807,1.489995254127866,0.45267409086227417,0.2708846628665924
2015-11-30,16,INCY,1.4981473447506763,1.9080428801607454,1.0882518093406075,0.5611059069633484,0.19033443927764893
2015-11-30,17,BSET,1.4775914581904268,2.1669406652492214,0.7882422511316325,0.633105993270874,0.13018202781677246
2015-11-30,18,TKO,1.4740831138329875,1.3237529037264542,1.6244133239395209,0.39861348271369934,0.29783570766448975
2015-11-30,19,ORLY,1.4190966677677865,1.5140676729785667,1.3241256625570064,0.451540470123291,0.2376275360584259
2015-11-30,20,AAP,1.375957319189292,0.9755196394457044,1.7763949989328793,0.3017689883708954,0.3283082842826843
2015-12-31,1,NFLX,2.489712890225472,3.2245695283274824,1.7548562521234612,0.9126322269439697,0.3245282471179962
2015-12-31,2,FIX,2.3574251111435225,2.834102845092043,1.880747377195002,0.802716076374054,0.35065796971321106
2015-12-31,3,AMZN,2.338957084827878,2.378800152922757,2.2991140167329984,0.6745486259460449,0.43749335408210754
2015-12-31,4,CZR,2.0113776990473133,3.0034906926943363,1.0192647054002903,0.8503986597061157,0.1718502640724182
2015-12-31,5,TYL,1.895525296418795,1.7472414080154617,2.0438091848221283,0.4967651963233948,0.3845027685165405
2015-12-31,6,NVDA,1.7375958757852623,1.5109859077306027,1.9642058438399217,0.4302594065666199,0.3679804503917694
2015-12-31,7,GPN,1.7049085218615747,1.7442587347829104,1.665558308940239,0.49592557549476624,0.3059937357902527
2015-12-31,8,BLDR,1.6963007813069195,2.7592519652851464,0.6333495973286929,0.7816455960273743,0.09175045788288116
2015-12-31,9,AYI,1.654119918312308,1.8162444569675251,1.491995379657091,0.5161895155906677,0.2699693441390991
2015-12-31,10,VRSN,1.6299871959980181,1.394817809791862,1.8651565822041745,0.39755815267562866,0.3474219739437103
2015-12-31,11,LDOS,1.5626989207035946,1.3693571529325894,1.7560406884745998,0.3903909921646118,0.3247740864753723
2015-12-31,12,GOOGL,1.4796238825383377,1.150622065569852,1.808625699506823,0.3288171887397766,0.3356885313987732
2015-12-31,13,GOOG,1.4545798103112286,1.1120065419051035,1.797153078717354,0.3179469406604767,0.33330729603767395
2015-12-31,14,MKTX,1.4322282496933028,1.7464067295727883,1.1180497698138174,0.4965302348136902,0.19235390424728394
2015-12-31,15,IBKR,1.406205150606918,1.6613815387945838,1.1510287624192521,0.4725956916809082,0.19919896125793457
2015-12-31,16,HRL,1.3991374165626476,1.2689424989651563,1.5293323341601386,0.36212432384490967,0.2777189314365387
2015-12-31,17,DXCM,1.388520334466455,1.7661277546346115,1.0109129142982984,0.5020816922187805,0.17011678218841553
2015-12-31,18,PAYC,1.3724084521502076,1.4618205524912786,1.2829963518091363,0.4164193868637085,0.22658990323543549
2015-12-31,19,VLO,1.3273708885586752,1.4686763708464532,1.1860654062708973,0.4183492958545685,0.20647110044956207
2015-12-31,20,MPWR,1.2941530024060537,1.2792095519856501,1.309096452826457,0.3650144934654236,0.2320071905851364
2016-01-31,1,CZR,2.66177408414107,3.5266983277549886,1.7968498405271511,0.9991782903671265,0.3412107229232788
2016-01-31,2,AMZN,2.51554722614717,2.770225509377217,2.260868942917123,0.778329610824585,0.4427785575389862
2016-01-31,3,NVDA,2.1973168692425027,1.8630034895210825,2.5316302489639226,0.5134704113006592,0.5020447373390198
2016-01-31,4,NFLX,2.0818230311492067,3.0217728020130226,1.1418732602853905,0.8517676591873169,0.1978447437286377
2016-01-31,5,HRL,1.7077849847095443,1.593529905450306,1.8220400639687828,0.43479886651039124,0.3467245399951935
2016-01-31,6,VRSN,1.6960148942545112,1.5667691424985004,1.8252606460105223,0.4269861876964569,0.347429484128952
2016-01-31,7,GOOG,1.6635161290704967,1.3665190117582195,1.960513246382774,0.36852410435676575,0.3770345449447632
2016-01-31,8,GOOGL,1.6603833298716832,1.4147944481372978,1.905972211606069,0.38261789083480835,0.36509621143341064
2016-01-31,9,AYI,1.6543324598954734,1.8693282781953835,1.439336641595563,0.515316903591156,0.2629556655883789
2016-01-31,10,TYL,1.6494098798832832,1.6987462021439572,1.6000735576226093,0.46551626920700073,0.29813891649246216
2016-01-31,11,EXR,1.648782113390322,1.6106020778556462,1.6869621489249977,0.4397830069065094,0.31715771555900574
2016-01-31,12,FSLR,1.6184218049131365,1.446524658738376,1.790318951087897,0.39188137650489807,0.3397811949253082
2016-01-31,13,FIX,1.5550744703682924,1.875527914493644,1.2346210262429407,0.5171268582344055,0.21814604103565216
2016-01-31,14,GPN,1.4806430445317322,1.7127181480726759,1.2485679409907884,0.4695953130722046,0.22119884192943573
2016-01-31,15,LDOS,1.477604769611669,1.1065113776693538,1.848698161553984,0.2926160991191864,0.3525596559047699
2016-01-31,16,PSA,1.4378062879032902,1.217316656898238,1.6582959189083426,0.3249651789665222,0.3108830451965332
2016-01-31,17,MKTX,1.3747604717390383,1.6492944763447237,1.1002264671333526,0.4510790705680847,0.18872879445552826
2016-01-31,18,TAP,1.3053457638772725,0.969860193232605,1.6408313345219399,0.2527214288711548,0.30706027150154114
2016-01-31,19,STZ,1.3011173120847954,1.4048847482543703,1.1973498759152204,0.37972480058670044,0.20998786389827728
2016-01-31,20,MSCI,1.2884869679543787,1.5834155314124352,0.9935584044963219,0.431846022605896,0.16538052260875702
2016-02-29,1,CZR,2.5457687045692348,3.601290864669887,1.4902465444685822,0.9565778970718384,0.19991731643676758
2016-02-29,2,FSLR,2.263947098640728,1.9412067452001447,2.586687452081311,0.4839070737361908,0.43818220496177673
2016-02-29,3,NVDA,2.077878459823821,1.7816618087456808,2.3740951109019615,0.43848031759262085,0.3919842839241028
2016-02-29,4,HRL,1.9481226043189062,1.882748136690426,2.0134970719473864,0.467262327671051,0.3136236071586609
2016-02-29,5,MKTX,1.5747839992357693,1.766313970813364,1.3832540276581744,0.4341103732585907,0.17666703462600708
2016-02-29,6,STZ,1.5473119066980765,1.4005772673610826,1.6940465460350704,0.3299752473831177,0.2442045956850052
2016-02-29,7,EXR,1.5372253948267218,1.4683503369994775,1.606100452653966,0.34927207231521606,0.22509324550628662
2016-02-29,8,MCD,1.5103881066477687,1.3860298394148427,1.6347463738806947,0.32583320140838623,0.23131822049617767
2016-02-29,9,AMZN,1.499916560103511,2.0125903997044636,0.9872427205025583,0.5042319297790527,0.09061078727245331
2016-02-29,10,META,1.4994689752423773,1.6142850589267328,1.384652891558022,0.390823632478714,0.17697101831436157
2016-02-29,11,SKY,1.4627503059239089,0.88199763496166,2.043502976886158,0.18232160806655884,0.3201441168785095
2016-02-29,12,NDAQ,1.4451694592143203,1.3813904550519724,1.508948463376668,0.324512243270874,0.20398138463497162
2016-02-29,13,FIX,1.4256121701848024,2.145746718031586,0.7054776223380185,0.5421451330184937,0.029381103813648224
2016-02-29,14,TSN,1.4104088655064215,1.3747038340057396,1.4461138970071037,0.3226083815097809,0.19032695889472961
2016-02-29,15,MSFT,1.4085014962752846,1.425244695242439,1.3917582973081306,0.33699873089790344,0.17851507663726807
2016-02-29,16,POOL,1.4034164386400316,1.3660961033891583,1.440736773890905,0.320157527923584,0.18915846943855286
2016-02-29,17,PSA,1.3950396086188965,1.1737220064687528,1.6163572107690403,0.26538342237472534,0.22732211649417877
2016-02-29,18,EQIX,1.387452896213746,1.6195097568298331,1.155396035597659,0.3923112452030182,0.12715177237987518
2016-02-29,19,GOOG,1.3845090637428266,1.407693348610385,1.3613247788752683,0.33200138807296753,0.1719016432762146
2016-02-29,20,MPWR,1.3709925286905702,1.2618518874778983,1.4801331699032423,0.29047638177871704,0.19771960377693176
2016-03-31,1,TSN,2.273412551989717,2.0968106786444802,2.450014425334954,0.45940881967544556,0.4314917027950287
2016-03-31,2,B,2.2426906882185436,0.6909374320216799,3.7944439444154074,0.07621806859970093,0.6966259479522705
2016-03-31,3,CZR,1.9170099953601696,3.263946705411429,0.5700732853089103,0.7775283455848694,0.060749489814043045
2016-03-31,4,HRL,1.9088183031215005,1.841948679760513,1.9756879264824878,0.38994255661964417,0.3379500210285187
2016-03-31,5,NVDA,1.8745472214381338,1.7613181148463408,1.987776328029927,0.36796554923057556,0.3403339684009552
2016-03-31,6,MKTX,1.7785315378385507,1.9028241406834125,1.6542389349936888,0.4065350294113159,0.2745572328567505
2016-03-31,7,MAT,1.7379956092065258,1.4077178811337883,2.0682733372792637,0.2715867757797241,0.3562087416648865
2016-03-31,8,FSLR,1.7075097077186214,1.0892121372652028,2.32580727817204,0.1847735047340393,0.40699687600135803
2016-03-31,9,ANF,1.6644149216096518,1.1002438881136514,2.228585955105652,0.18778036534786224,0.3878239095211029
2016-03-31,10,CPB,1.5701668849119805,1.5383893518055343,1.6019444180184266,0.30720314383506775,0.2642442584037781
2016-03-31,11,ATO,1.5116786881229185,1.4967815546990457,1.5265758215467915,0.2958623468875885,0.24938085675239563
2016-03-31,12,NI,1.4995608924762323,1.4102958032968005,1.588825981655664,0.2722894251346588,0.261657178401947
2016-03-31,13,O,1.4496488065630935,1.1553057119577301,1.7439919011684568,0.20278824865818024,0.2922573685646057
2016-03-31,14,DPZ,1.4457983229236913,1.4455866687697605,1.4460099770776222,0.28190845251083374,0.23349250853061676
2016-03-31,15,TTWO,1.4350333251073195,1.5357138978713296,1.3343527523433092,0.30647391080856323,0.21147264540195465
2016-03-31,16,PSA,1.411276829640777,1.3923225129191534,1.4302311463624007,0.26739054918289185,0.23038077354431152
2016-03-31,17,DLR,1.3828757401599026,1.2454479753850154,1.5203035049347897,0.22735780477523804,0.24814389646053314
2016-03-31,18,NEM,1.368110091822833,0.3591904347102048,2.3770297489354615,-0.014204294420778751,0.41709843277931213
2016-03-31,19,EW,1.3646489910785289,1.3965977284501276,1.33270025370693,0.26855581998825073,0.2111467570066452
2016-03-31,20,VRSN,1.3612925705749235,1.4291840554024062,1.2934010857474407,0.277437686920166,0.20339658856391907
2016-04-30,1,SKY,5.060822540049332,3.849243161811792,6.272401918286873,0.961577296257019,1.167913794517517
2016-04-30,2,B,2.4765919721934386,0.9879153492507233,3.9652685951361537,0.225881427526474,0.7627682089805603
2016-04-30,3,TSN,2.219214929352008,2.3034782987738422,2.1349515599301734,0.564134955406189,0.44135424494743347
2016-04-30,4,MAT,2.1458570005363184,1.8449148843742897,2.4467991166983474,0.44623053073883057,0.49611642956733704
2016-04-30,5,CZR,2.140134861540796,3.3052052264810827,0.9750644966005084,0.8216959238052368,0.23767155408859253
2016-04-30,6,NVDA,2.002152893101333,2.2424430852008577,1.7618627010018089,0.5484417676925659,0.3758377432823181
2016-04-30,7,ANF,1.8019416760221105,1.63563395821673,1.968249393827491,0.39242085814476013,0.41208040714263916
2016-04-30,8,NEM,1.7075349841220004,0.9151855524870259,2.499884415756975,0.20718136429786682,0.505438506603241
2016-04-30,9,HRL,1.6224442592896269,1.804156432601318,1.4407320859779358,0.4357508420944214,0.31944540143013
2016-04-30,10,MKTX,1.5331428181006546,1.7357636253439035,1.3305220108574058,0.4181658923625946,0.3000918924808502
2016-04-30,11,KLAC,1.480204356561368,1.1077899849327317,1.8526187281900042,0.2567032277584076,0.3917750120162964
2016-04-30,12,FSLR,1.4702709851046456,0.6366191992418173,2.303922770967474,0.13555723428726196,0.47102653980255127
2016-04-30,13,DLR,1.4618513670436024,1.4449571024203944,1.4787456316668102,0.34339460730552673,0.3261207938194275
2016-04-30,14,AMD,1.4229776789711117,0.3485982882709883,2.497357069671235,0.06150217726826668,0.5049946904182434
2016-04-30,15,TTWO,1.3991111523073483,1.6338096570210334,1.1644126475936631,0.3919517993927002,0.27092215418815613
2016-04-30,16,PSA,1.3731160875285342,1.537707732587123,1.2085244424699457,0.36724236607551575,0.27866843342781067
2016-04-30,17,ALB,1.3682060885473408,0.9381347839813385,1.7982773931133431,0.21308200061321259,0.3822323679924011
2016-04-30,18,WOR,1.3660488573355343,1.3491130768466673,1.3829846378244015,0.3187514841556549,0.3093046247959137
2016-04-30,19,NI,1.2432643875389657,1.4162088556791599,1.0703199193987714,0.3360029458999634,0.2543989419937134
2016-04-30,20,AVY,1.236050158458228,1.4045928591973031,1.067507457719153,0.3330162763595581,0.2539050579071045
2016-05-31,1,SKY,4.590997229579788,3.731553844032076,5.4504406151275,0.9274020195007324,0.9500018358230591
2016-05-31,2,B,3.502944707716933,1.6831183623939745,5.322771053039891,0.4087745249271393,0.9280033111572266
2016-05-31,3,AMD,2.3905846218889,1.8521991936538698,2.92897005012393,0.45158278942108154,0.5155315399169922
2016-05-31,4,MTW,2.2896572281954333,1.323115786402042,3.2561986699888243,0.31762826442718506,0.5719157457351685
2016-05-31,5,NEM,2.26804703532188,1.1844419298019924,3.351652140841767,0.28251850605010986,0.5883631706237793
2016-05-31,6,TSN,2.191229851688706,2.124809041152805,2.2576506622246075,0.5206027626991272,0.39985764026641846
2016-05-31,7,CZR,2.0428513718755092,2.518773697889218,1.5669290458618006,0.6203476190567017,0.28084057569503784
2016-05-31,8,EW,1.8985832324646497,2.1111246724764565,1.6860417924528428,0.5171381235122681,0.3013646900653839
2016-05-31,9,NKTR,1.7960254573547765,2.0394492984616663,1.5526016162478868,0.4989911913871765,0.2783718407154083
2016-05-31,10,CLF,1.6433324907094968,-0.40412644858921903,3.6907914300082125,-0.1196788027882576,0.6467996835708618
2016-05-31,11,NVDA,1.6385773950380371,1.9909366141664315,1.286218175909643,0.4867086410522461,0.232471764087677
2016-05-31,12,EVRG,1.512079828141811,1.4634265314602373,1.560733124823385,0.35315245389938354,0.27977296710014343
2016-05-31,13,WOR,1.350304863623038,1.492874515017788,1.2077352122282876,0.36060816049575806,0.21894849836826324
2016-05-31,14,AWK,1.342520129750784,1.3036261491381165,1.3814141103634516,0.31269383430480957,0.24887481331825256
2016-05-31,15,DLR,1.316499814636031,1.5577815094594878,1.0752181198125739,0.37704145908355713,0.1961147040128708
2016-05-31,16,MKTX,1.2967374834820014,1.5160582749972316,1.0774166919667714,0.3664778769016266,0.19649353623390198
2016-05-31,17,NC,1.2838183235206846,0.9201448883837771,1.647491758657592,0.21560318768024445,0.29472219944000244
2016-05-31,18,CPB,1.2824514223914645,1.4344396216903006,1.1304632230926281,0.34581348299980164,0.20563389360904694
2016-05-31,19,STLD,1.2590834551652017,0.6946136526872247,1.8235532576431785,0.15850268304347992,0.32505905628204346
2016-05-31,20,SEDG,1.2153563207207294,0.3417068104178218,2.089005831023637,0.06915293633937836,0.3707987368106842
2016-06-30,1,SKY,5.125161310368009,4.451617811846626,5.798704808889392,1.1401612758636475,1.0257508754730225
2016-06-30,2,AMD,3.2137719339519197,2.7396201933102255,3.687923674593614,0.6953377723693848,0.6608516573905945
2016-06-30,3,B,3.04455374456548,1.4291228237303173,4.659984665400643,0.3548349440097809,0.8288957476615906
2016-06-30,4,NVDA,2.567581926884067,2.9940118125339215,2.141152041234213,0.7614356279373169,0.39345502853393555
2016-06-30,5,CZR,2.3674662916376916,2.3808405120296197,2.3540920712457636,0.6021170616149902,0.4302668273448944
2016-06-30,6,DXC,2.3475179985043746,2.1710742926818285,2.5239617043269207,0.5476140975952148,0.45963287353515625
2016-06-30,7,MTW,2.014385585311791,1.4594900263930053,2.569281144230577,0.362725168466568,0.46746742725372314
2016-06-30,8,NEM,1.9502253461872383,0.750751653048769,3.1496990393257076,0.17857567965984344,0.567806601524353
2016-06-30,9,ULTA,1.7419620613780915,1.6919714299438098,1.7919526928123735,0.4231301546096802,0.3330875337123871
2016-06-30,10,EVRG,1.7160242120501623,1.8609613708083756,1.571087053291949,0.4670383334159851,0.2949056029319763
2016-06-30,11,MKTX,1.6588617946908044,1.8620183364688303,1.4557052529127785,0.4673129618167877,0.27495908737182617
2016-06-30,12,ALB,1.6573598269247185,1.175046057543838,2.139673596305599,0.288818895816803,0.39319944381713867
2016-06-30,13,DLR,1.6446914085904787,1.6718240471776493,1.6175587700033078,0.4178953170776367,0.30293935537338257
2016-06-30,14,TSN,1.484117410487042,1.6685890325832424,1.2996457883908419,0.41705477237701416,0.24798046052455902
2016-06-30,15,CLF,1.4220461923654588,-0.7664663492593737,3.6105587339902914,-0.21563878655433655,0.6474772691726685
2016-06-30,16,OKE,1.4082164062988687,0.4814503661061635,2.334982446491574,0.10860388725996017,0.42696326971054077
2016-06-30,17,AWK,1.4077567790608094,1.4501403249446825,1.3653732331769364,0.3602958619594574,0.2593430280685425
2016-06-30,18,DG,1.3362813576841646,0.9327991630146892,1.73976355235364,0.2258765697479248,0.3240653872489929
2016-06-30,19,STLD,1.3114099892256328,0.6493388661681325,1.9734811122831333,0.15222588181495667,0.36446908116340637
2016-06-30,20,CPRT,1.3093519768035615,1.4425396923358902,1.176164261271233,0.35832101106643677,0.2266337126493454
2016-07-31,1,SKY,4.359523982924243,4.104921542790391,4.614126423058094,1.1622999906539917,0.9721296429634094
2016-07-31,2,B,3.782146265846153,2.486133011058723,5.078159520633584,0.7029680013656616,1.0649210214614868
2016-07-31,3,CLF,3.5507371731154325,0.9589235330981615,6.142550813132703,0.2696216106414795,1.2777643203735352
2016-07-31,4,NEM,2.7437319187987113,1.841812360143336,3.6456514774540865,0.5201417207717896,0.7784664630889893
2016-07-31,5,AMD,2.679786599775042,2.692709666858535,2.6668635326915497,0.7615842223167419,0.5827410221099854
2016-07-31,6,NVDA,2.3053881486841434,3.0513210881900785,1.5594552091782086,0.8633403778076172,0.3612957298755646
2016-07-31,7,OKE,2.0867702893332645,0.9294268963637857,3.2441136823027437,0.26125192642211914,0.6981720924377441
2016-07-31,8,DXC,2.000650840749536,2.1233497964958397,1.8779518850032328,0.6000280976295471,0.4249846041202545
2016-07-31,9,CZR,1.8590474617726604,2.3497941449247217,1.3683007786205994,0.6642817854881287,0.32307112216949463
2016-07-31,10,DLR,1.7873948043859225,1.8990358774200415,1.6757537313518034,0.5363789200782776,0.38455161452293396
2016-07-31,11,AWK,1.7869797743004336,2.0363628661804385,1.5375966824204286,0.575345516204834,0.35692474246025085
2016-07-31,12,MTW,1.6702623589154237,0.9933441882180273,2.34718052961282,0.2793884873390198,0.5188149213790894
2016-07-31,13,EVRG,1.5498275893923892,1.8709323591504314,1.228722819634347,0.5284045338630676,0.29516011476516724
2016-07-31,14,O,1.5305754585777893,1.7336849831611667,1.3274659339944122,0.4894605278968811,0.3149054944515228
2016-07-31,15,IRM,1.4798152721397382,1.1164116684223804,1.8432188758570958,0.31430894136428833,0.41803914308547974
2016-07-31,16,ALB,1.447007224258647,1.3577681820825211,1.5362462664347725,0.38279396295547485,0.35665470361709595
2016-07-31,17,NI,1.4302200616828311,1.5015348777511033,1.3589052456145587,0.423587828874588,0.32119232416152954
2016-07-31,18,ATO,1.4046519497350771,1.72369998721663,1.0856039122535242,0.4866272807121277,0.2665410339832306
2016-07-31,19,WOR,1.4003257249904735,1.3003953120874128,1.5002561378935344,0.3665143847465515,0.34945785999298096
2016-07-31,20,ULTA,1.3723593041711988,1.6151329544825372,1.1295856538598603,0.45582133531570435,0.2753359377384186
2016-08-31,1,CLF,6.276148790632338,4.296155437929073,8.256142143335603,1.1438689231872559,1.5918936729431152
2016-08-31,2,AMD,5.204843177353646,4.779017036013412,5.630669318693879,1.2681875228881836,1.1372500658035278
2016-08-31,3,B,3.9614344987497785,4.275800297665774,3.647068699833783,1.1386282444000244,0.7937571406364441
2016-08-31,4,NEM,3.5817261874979813,3.525906781039736,3.637545593956227,0.945559024810791,0.7921080589294434
2016-08-31,5,SKY,3.544158161814602,3.882785238581755,3.205531085047449,1.0374417304992676,0.7172976732254028
2016-08-31,6,NVDA,3.47354739627124,3.9928230099327853,2.954271782609695,1.065772294998169,0.6737880110740662
2016-08-31,7,FCX,2.646954134568583,0.24902544252243342,5.0448828266147325,0.10188601166009903,1.0358115434646606
2016-08-31,8,CNX,2.3553463894577473,0.4863810868755847,4.22431169203991,0.1629961133003235,0.8937162160873413
2016-08-31,9,ALB,1.7358585668329747,1.6470236652976342,1.8246934683683151,0.4618176817893982,0.4781830310821533
2016-08-31,10,MTW,1.7329475855253376,1.4256766787312585,2.0402184923194167,0.404829204082489,0.5155047178268433
2016-08-31,11,DXC,1.7309346089755278,2.0512365518166598,1.4106326661343958,0.5658872127532959,0.40648162364959717
2016-08-31,12,OKE,1.6513607820454705,0.7546665073843875,2.5480550567065534,0.2320694625377655,0.6034449338912964
2016-08-31,13,WOR,1.5646857405775856,1.8655365266296793,1.2638349545254919,0.518076479434967,0.3810611963272095
2016-08-31,14,PAYC,1.508255957955841,1.3636893916872286,1.6528225242244534,0.3888698220252991,0.44842076301574707
2016-08-31,15,AMAT,1.4843633751896816,1.5480369450870044,1.4206898052923589,0.4363323450088501,0.4082231819629669
2016-08-31,16,CZR,1.4721728106543814,1.9372034093421135,1.0071422119666493,0.5365279912948608,0.3366106450557709
2016-08-31,17,IRM,1.4445614033854366,1.3272733595654345,1.5618494472054387,0.3794940710067749,0.4326672852039337
2016-08-31,18,MKTX,1.4165388603289024,1.8384683387091438,0.9946093819486608,0.5111074447631836,0.3344403803348541
2016-08-31,19,AXON,1.4040298107588491,0.09396410067812316,2.714095520839575,0.061963580548763275,0.6321975588798523
2016-08-31,20,TSN,1.4030168694228864,1.859314045168452,0.9467196936773208,0.5164744257926941,0.32614749670028687
2016-09-30,1,AMD,5.9545757748241215,5.6831424001070285,6.2260091495412135,1.4081531763076782,1.2406741380691528
2016-09-30,2,SKY,5.265271969679302,5.160654087040626,5.369889852317978,1.2879585027694702,1.0911402702331543
2016-09-30,3,NVDA,3.4831455911718816,3.977000147631353,2.9892910347124104,1.01566743850708,0.675333559513092
2016-09-30,4,CLF,2.906286587964219,1.134192697086099,4.678380478842339,0.36170005798339844,0.9703579545021057
2016-09-30,5,NL,2.6940623039250284,1.4175277960530848,3.9705968117969723,0.42687925696372986,0.8467330932617188
2016-09-30,6,NEM,2.2331308292395455,3.0877098719733156,1.378551786505776,0.8110926151275635,0.39399418234825134
2016-09-30,7,DXC,2.091615897094546,2.1973907006214906,1.9858410935676019,0.6062811017036438,0.5000662207603455
2016-09-30,8,OKE,2.0843615687067345,1.0383020021672391,3.1304211352462294,0.33964109420776367,0.6999840140342712
2016-09-30,9,AMAT,2.0607335992425404,2.33015322394636,1.7913139745387208,0.6368221640586853,0.4660891890525818
2016-09-30,10,B,1.888325493522816,3.480776269163857,0.2958747178817748,0.9015147089958191,0.20488865673542023
2016-09-30,11,CNX,1.8823246141600667,0.3571917730288151,3.4074574552913184,0.18295659124851227,0.748372495174408
2016-09-30,12,MKTX,1.7332363672110684,2.304010567482956,1.162462166939181,0.6308082342147827,0.35625094175338745
2016-09-30,13,NKTR,1.726630871498782,1.6465887119483318,1.806673031049232,0.4795730710029602,0.46877187490463257
2016-09-30,14,DVN,1.7260235719734234,-0.26064255309638984,3.7126896970432366,0.04082825407385826,0.8016858100891113
2016-09-30,15,ALB,1.663038310398492,2.135281519593451,1.1907951012035334,0.5919933319091797,0.3611997067928314
2016-09-30,16,IDXX,1.568275346392034,1.540960948237588,1.5955897445464804,0.45527416467666626,0.43190306425094604
2016-09-30,17,GEN,1.4988003022359049,1.3138974528669984,1.683703151604811,0.4030398428440094,0.44729337096214294
2016-09-30,18,WOR,1.46952238888651,1.9161902169084146,1.0228545608646058,0.5415929555892944,0.33186641335487366
2016-09-30,19,ULTA,1.4681191527120605,1.5053137674006267,1.430924538023494,0.4470737874507904,0.4031418561935425
2016-09-30,20,GNW,1.4421119004595797,-0.8331799471069292,3.7174037480260886,-0.09087985008955002,0.8025091886520386
2016-10-31,1,AMD,5.174905484064791,5.399873029227501,4.94993793890208,1.3906452655792236,0.8856506943702698
2016-10-31,2,SKY,4.032007351229703,6.125698417702479,1.938316284756927,1.558875322341919,0.3909614682197571
2016-10-31,3,NVDA,3.7141637991857643,3.8620396938354475,3.566287904536081,1.034209966659546,0.6583722233772278
2016-10-31,4,CLF,3.3982966138565835,3.172730952533074,3.623862275180093,0.8744436502456665,0.6678293943405151
2016-10-31,5,NEM,2.6090000231987633,3.2725305547675942,1.9454694916299324,0.8975749611854553,0.39213645458221436
2016-10-31,6,CNX,2.5518152529548366,2.312815832849962,2.790814673059711,0.6751345992088318,0.5309929251670837
2016-10-31,7,B,2.5202959999265424,3.848709386909722,1.1918826129433628,1.0311203002929688,0.268352210521698
2016-10-31,8,OKE,2.395353235848531,1.7432000604163655,3.047506411280697,0.5431104302406311,0.5731571316719055
2016-10-31,9,DXC,2.3256526907278277,2.491772554547801,2.1595328269078538,0.7166127562522888,0.42729851603507996
2016-10-31,10,AMAT,2.1695344251856117,2.583518579693176,1.755550270678048,0.7378774285316467,0.3609403073787689
2016-10-31,11,TPL,2.151065373540435,1.714617666650262,2.5875130804306083,0.5364856719970703,0.4975985884666443
2016-10-31,12,ALB,1.8555944730665404,2.3364704671185974,1.3747184790144833,0.6806172132492065,0.2983848452568054
2016-10-31,13,NL,1.7529281153183316,0.5793929801866831,2.9264632504499803,0.2733660340309143,0.5532745718955994
2016-10-31,14,WOR,1.7480316245200243,2.063101453159751,1.4329617958802972,0.6172564029693604,0.3079518973827362
2016-10-31,15,MKTX,1.615100893125569,1.9295710517140117,1.3006307345371264,0.5863070487976074,0.2862151861190796
2016-10-31,16,AMZN,1.5874950851559535,1.5230501804060896,1.6519399899058174,0.4920846223831177,0.3439212739467621
2016-10-31,17,EW,1.5696914535466135,1.6791764756001082,1.460206431493119,0.5282711982727051,0.3124271035194397
2016-10-31,18,GEN,1.5154414800161662,1.5292174660896443,1.5016654939426881,0.4935140609741211,0.3192371726036072
2016-10-31,19,SPXC,1.503389449272452,1.6628633337713907,1.343915564773513,0.5244901776313782,0.29332515597343445
2016-10-31,20,IDXX,1.4884279161084573,1.2015055153952567,1.7753503168216576,0.4175577759742737,0.3641926646232605
2016-11-30,1,AMD,4.789457063794225,5.2146598440278025,4.364254283560647,1.2268229722976685,0.7112914323806763
2016-11-30,2,NVDA,4.097917173786381,3.9108615477241186,4.284972799848643,0.931459903717041,0.698988139629364
2016-11-30,3,SKY,3.2203834160932745,5.077066377900107,1.3637004542864424,1.1956524848937988,0.24565064907073975
2016-11-30,4,DXC,2.9037291364967315,2.788287154847697,3.0191711181457666,0.6771513819694519,0.5025547742843628
2016-11-30,5,TPL,2.8610818144483714,2.331572692345265,3.3905909365514773,0.5736870765686035,0.5601935386657715
2016-11-30,6,CNX,2.240549534204535,3.9342355506839435,0.5468635177251264,0.9367550611495972,0.11888985335826874
2016-11-30,7,AMAT,2.2028893228070086,2.3122887057749413,2.0934899398390754,0.5693184733390808,0.3589029908180237
2016-11-30,8,GEN,2.087567756797723,1.71630951409521,2.458825999500236,0.4343050718307495,0.4155976474285126
2016-11-30,9,DPZ,1.935673684059007,1.8863476370925427,1.9849997310254712,0.4728255867958069,0.3420669436454773
2016-11-30,10,OKE,1.7561580320411825,1.679066158999782,1.833249905082583,0.4258679449558258,0.31851765513420105
2016-11-30,11,HPE,1.732779501650151,1.7219922557477434,1.7435667475525587,0.4355924427509308,0.30460017919540405
2016-11-30,12,PRSU,1.6177237070524244,1.2715792337424843,1.9638681803623643,0.333555668592453,0.33878764510154724
2016-11-30,13,NC,1.6084912778426737,2.0498580465727625,1.1671245091125846,0.5098673105239868,0.2151450216770172
2016-11-30,14,ALB,1.5911712482445952,1.847687049878617,1.3346554466105731,0.46406739950180054,0.24114330112934113
2016-11-30,15,IDXX,1.5439214572618374,1.7659572350762096,1.321885679447465,0.4455522894859314,0.2391616255044937
2016-11-30,16,WOR,1.515148842553481,1.7754609650218616,1.2548367200851003,0.4477052688598633,0.2287566363811493
2016-11-30,17,CLF,1.4691513050896823,2.858896176936368,0.07940643324299666,0.6931471824645996,0.04634755104780197
2016-11-30,18,NDSN,1.4464529238227577,1.3601447301664695,1.532761117479046,0.3536193370819092,0.27188631892204285
2016-11-30,19,PAYC,1.446237876598571,1.1596031623240561,1.7328725908730862,0.3081885576248169,0.30294060707092285
2016-11-30,20,ETSY,1.435005873107488,0.5701207031752769,2.299891043039699,0.17464692890644073,0.3909333348274231
2016-12-31,1,CLF,4.627229151718375,5.4756186171778465,3.7788396862589027,1.3694117069244385,0.7219344973564148
2016-12-31,2,AMD,4.37960617792125,5.298918508760326,3.460293847082175,1.3285126686096191,0.6676609516143799
2016-12-31,3,NVDA,3.8807622029784743,4.210468893719798,3.5510555122371503,1.0765799283981323,0.683124840259552
2016-12-31,4,FMCC,3.5155992400701654,2.8589831468614944,4.172215333278836,0.7637647986412048,0.7889574766159058
2016-12-31,5,FNMA,3.269289814180591,2.8629746412396844,3.6756049871214973,0.7646886706352234,0.7043454647064209
2016-12-31,6,NC,3.0945449023764917,3.131732258353889,3.057357546399095,0.8268953561782837,0.5990090370178223
2016-12-31,7,SKY,2.863471086684585,4.92131438504747,0.8056277883217,1.2411123514175415,0.21536140143871307
2016-12-31,8,NL,2.852461692892863,1.990825651647886,3.7140977341378405,0.5628209114074707,0.7109038233757019
2016-12-31,9,TPL,2.670276336918525,2.5181540771916207,2.8223985966454292,0.6848764419555664,0.558976948261261
2016-12-31,10,CNX,2.485722100355575,3.712757871493768,1.258686329217382,0.9613796472549438,0.2925530970096588
2016-12-31,11,SPXC,2.4055101743529343,2.9908505329074155,1.820169815798453,0.794286847114563,0.38821813464164734
2016-12-31,12,STLD,2.243975439486614,2.75034625809664,1.7376046208765883,0.7386196851730347,0.37415075302124023
2016-12-31,13,NBR,2.2204187282112002,1.6760305246492844,2.7648069317731157,0.48995837569236755,0.5491645336151123
2016-12-31,14,WOR,2.1324658910119023,2.2621396277744967,2.0027921542493083,0.6256192922592163,0.41933315992355347
2016-12-31,15,FCX,1.866708081017984,2.278574283981987,1.4548418780539807,0.6294232606887817,0.32597389817237854
2016-12-31,16,OKE,1.823572056059795,2.5493665331660034,1.0977775789535866,0.6921008825302124,0.26513761281967163
2016-12-31,17,STX,1.6757614932456781,0.3314460071919296,3.0200769792994264,0.17874060571193695,0.592657208442688
2016-12-31,18,DXC,1.6367015030307694,2.4722011612364647,0.801201844825074,0.6742401719093323,0.21460731327533722
2016-12-31,19,MBI,1.6168129329634193,1.539383002190772,1.6942428637360667,0.4583299160003662,0.36676281690597534
2016-12-31,20,ATGE,1.6106137584592521,0.6489780761340798,2.5722494407844243,0.25223663449287415,0.5163567662239075
2017-01-31,1,NL,4.3664735998513144,3.3291672562573553,5.403779943445273,0.9861602783203125,1.1541119813919067
2017-01-31,2,AMD,4.208578190829723,4.862565068054584,3.554591313604862,1.3740243911743164,0.7912833094596863
2017-01-31,3,NVDA,3.9160481950054766,4.113957922522596,3.7181384674883566,1.1846685409545898,0.8233728408813477
2017-01-31,4,CLF,3.7857828685196715,6.040580532343695,1.5309852046956478,1.6719965934753418,0.39423224329948425
2017-01-31,5,SKY,3.640337121431817,5.233038963714732,2.0476352791489028,1.46773362159729,0.4956039786338806
2017-01-31,6,FMCC,2.9236796021063265,2.73812450740802,3.1092346968046334,0.8366594314575195,0.7039000391960144
2017-01-31,7,FNMA,2.8903133029007915,2.855229161942221,2.9253974438593615,0.8662803769111633,0.6678293943405151
2017-01-31,8,TPL,2.5379954875675574,2.6740007445851686,2.4019902305499468,0.8204396963119507,0.5651318430900574
2017-01-31,9,SPXC,2.513952232967113,3.119331490246181,1.9085729756880454,0.9330835342407227,0.4683186113834381
2017-01-31,10,NC,2.26028553016196,2.51547445140079,2.0050966089231306,0.780341386795044,0.4872574806213379
2017-01-31,11,NBR,2.086918903561714,2.109735808760507,2.0641019983629207,0.6777121424674988,0.49883490800857544
2017-01-31,12,SLM,1.987467508068396,1.505355170202515,2.469579845934277,0.5248375535011292,0.5783935785293579
2017-01-31,13,TRGP,1.9717194249711532,2.7372858524228056,1.2061529975195007,0.8364472985267639,0.33049702644348145
2017-01-31,14,UIS,1.9073205992030382,0.6254903897859567,3.1891508086201195,0.30228084325790405,0.719580352306366
2017-01-31,15,STLD,1.8547067269492903,2.238622635045403,1.4707908188531775,0.7103133201599121,0.3824215233325958
2017-01-31,16,OKE,1.8363798486001093,3.0470059220242356,0.6257537751759831,0.9147891998291016,0.21661709249019623
2017-01-31,17,CMA,1.784036682416072,1.4332819760994695,2.1347913887326744,0.5066070556640625,0.5127048492431641
2017-01-31,18,ZION,1.7797844550001742,1.2702122418445878,2.2893566681557607,0.46535950899124146,0.5430320501327515
2017-01-31,19,TEX,1.6921966236444255,1.591312711140014,1.7930805361488367,0.5465800166130066,0.445657879114151
2017-01-31,20,RF,1.68380794632365,1.1223875774396477,2.2452283152076524,0.4279681146144867,0.5343736410140991
2017-02-28,1,FMCC,3.720284364107841,3.3733327867233456,4.067235941492337,1.1112548112869263,0.8159680366516113
2017-02-28,2,NVDA,3.6832622803090773,4.195424011649814,3.1711005489683406,1.3253189325332642,0.651530921459198
2017-02-28,3,FNMA,3.656027451736062,3.540011244649254,3.7720436588228696,1.154656171798706,0.7618014812469482
2017-02-28,4,AMD,3.4661854457335277,5.060053661895931,1.8723172295711248,1.550459623336792,0.41320958733558655
2017-02-28,5,NL,3.313413368601686,3.174157530101132,3.45266920710224,1.0593916177749634,0.7031975984573364
2017-02-28,6,TPL,3.0726822243698475,2.7898673084978145,3.35549714024188,0.9593263864517212,0.6853669285774231
2017-02-28,7,CLF,2.8992218847228126,5.6155404782513525,0.18290329119427273,1.6951026916503906,0.10320916026830673
2017-02-28,8,SPXC,2.6191817291316055,2.8956051698743903,2.3427582883888207,0.9868594408035278,0.4995335638523102
2017-02-28,9,TRGP,2.618638531955095,3.0460560588529555,2.191221005057234,1.0260353088378906,0.4717271029949188
2017-02-28,10,NBR,2.5604339748078835,2.2306259840755547,2.8902419655402123,0.8137056827545166,0.5999945402145386
2017-02-28,11,FCX,2.515805545785273,4.0457829903422935,0.9858281012282518,1.2863539457321167,0.2505425214767456
2017-02-28,12,URI,2.487616359501111,2.8346876927809013,2.140545026221321,0.970997154712677,0.4624282717704773
2017-02-28,13,MU,2.3968977760087693,2.108893808459605,2.684901743557934,0.7820078730583191,0.5623154640197754
2017-02-28,14,CSX,2.133547073895047,1.8961993928063292,2.3708947549837647,0.7266244292259216,0.5046964883804321
2017-02-28,15,SANM,1.9393122347641065,1.9153786982200716,1.9632457713081417,0.7316185235977173,0.4298945963382721
2017-02-28,16,SLM,1.919141174382848,1.481182727670036,2.35709962109566,0.6185583472251892,0.5021651387214661
2017-02-28,17,WDC,1.8636354010297134,1.2000160376889129,2.527254764370514,0.5453454256057739,0.5333878993988037
2017-02-28,18,CMA,1.814739418912916,1.780599595626583,1.848879242199249,0.6965234279632568,0.40890881419181824
2017-02-28,19,CFG,1.781997257950809,1.2399939260474802,2.324000589854138,0.5557552576065063,0.4960916042327881
2017-02-28,20,RF,1.7750494100078171,1.4055983593514152,2.144500460664219,0.598876953125,0.4631540775299072
2017-03-31,1,AMD,5.029937063826091,6.508016765805837,3.5518573618463463,1.9105803966522217,0.6699061989784241
2017-03-31,2,CLF,4.278757689144886,5.277013070826663,3.2805023074631077,1.5963901281356812,0.626032292842865
2017-03-31,3,NVDA,3.0954087550365905,3.65154550203583,2.5392720080373508,1.1815204620361328,0.506186842918396
2017-03-31,4,TPL,2.3810928738348647,2.1105764144266326,2.6516093332430963,0.7882174253463745,0.5243500471115112
2017-03-31,5,URI,2.362975166598411,2.585076436547904,2.140873896648918,0.9093245267868042,0.4417720437049866
2017-03-31,6,CSX,2.327737392415605,1.8480829760335415,2.8073918087976684,0.7212209701538086,0.5495376586914062
2017-03-31,7,SLM,2.110772086719566,1.8407218082263892,2.380822365212743,0.7193421721458435,0.480567991733551
2017-03-31,8,DXC,2.1098699747137744,2.4667484839489875,1.752991465478561,0.8791235685348511,0.37905746698379517
2017-03-31,9,CMA,2.010346342919615,2.022915907544389,1.9977767782948408,0.7658437490463257,0.41863545775413513
2017-03-31,10,RF,2.0054689448903895,1.8966184358126128,2.114319453968166,0.7336087226867676,0.43747860193252563
2017-03-31,11,WDC,1.995222314583864,1.3977385883559943,2.5927060408117333,0.6062791347503662,0.5148262977600098
2017-03-31,12,INCY,1.9107862419396526,1.3489053750489857,2.4726671088303194,0.5938153862953186,0.49541786313056946
2017-03-31,13,BAC,1.9001723618172148,1.7422011209024144,2.0581436027320152,0.6941966414451599,0.4283958375453949
2017-03-31,14,ZION,1.89135578415137,1.9759729036923819,1.8067386646103583,0.7538624405860901,0.38774755597114563
2017-03-31,15,NBR,1.8846663255831149,1.9095934836653266,1.8597391675009034,0.7369203567504883,0.39631691575050354
2017-03-31,16,STLD,1.8824690201430134,1.8465477354902777,1.918390304795749,0.7208291292190552,0.40579989552497864
2017-03-31,17,MU,1.8521395106948182,2.12055314263606,1.5837258787535766,0.790763795375824,0.3516898453235626
2017-03-31,18,CFG,1.8520499145760687,1.7001146522402022,2.0039851769119355,0.6834548711776733,0.4196392595767975
2017-03-31,19,SPXC,1.817761104709164,2.1777192511461023,1.4578029582722254,0.8053543567657471,0.3313300609588623
2017-03-31,20,FMCC,1.7645595472362632,1.0846408286120683,2.4444782658604582,0.5263668894767761,0.4908601641654968
2017-04-30,1,AMD,4.965196425845392,5.880518354679857,4.049874497010926,1.6302720308303833,0.7446213364601135
2017-04-30,2,NVDA,3.0827882039371133,3.849515656868747,2.31606075100548,1.1247093677520752,0.4663371443748474
2017-04-30,3,NL,3.0208047656317656,3.54422307010332,2.497386461160211,1.0487151145935059,0.49544066190719604
2017-04-30,4,MU,2.9236062010315944,3.4100949147582194,2.43711748730497,1.0153275728225708,0.4857672452926636
2017-04-30,5,CLF,2.4488748240862392,3.3755992076881025,1.522150440484376,1.0067408084869385,0.3389112949371338
2017-04-30,6,ANET,2.2321490452968487,2.3045187812759753,2.159779309317722,0.7401245832443237,0.44125333428382874
2017-04-30,7,URI,2.224866768565719,2.137377835340365,2.312355701791073,0.6985194087028503,0.46574246883392334
2017-04-30,8,ATGE,2.2063174835415094,2.2848807336024635,2.127754233480555,0.7352362275123596,0.436113178730011
2017-04-30,9,SLM,2.165315700656666,1.9150505105945423,2.41558089071879,0.6431770920753479,0.48231053352355957
2017-04-30,10,FMCC,2.0316234513972082,1.8042204026631121,2.259026500131304,0.6155889630317688,0.457182914018631
2017-04-30,11,FNMA,1.9563127563871523,1.8180809904916422,2.0945445222826624,0.6190391778945923,0.43078288435935974
2017-04-30,12,CSX,1.9497947143329193,1.7993770389245325,2.100212389741306,0.614383339881897,0.43169260025024414
2017-04-30,13,RF,1.8842310281663932,1.893355823224058,1.8751062331087285,0.637776792049408,0.39556214213371277
2017-04-30,14,BAC,1.818051890512895,1.6268166115287321,2.009287169497058,0.5714291334152222,0.417098730802536
2017-04-30,15,CMA,1.7732021541489342,1.783167202980157,1.7632371053177114,0.6103483438491821,0.37760668992996216
2017-04-30,16,NRG,1.726150199183419,0.824253855945268,2.6280465424215698,0.3716530501842499,0.5164121389389038
2017-04-30,17,IDXX,1.7211187617704895,2.0633926825948974,1.3788448409460818,0.6801028251647949,0.3159101605415344
2017-04-30,18,INCY,1.6878054273901641,1.7906112377804222,1.5849996169999059,0.6122013330459595,0.3489988446235657
2017-04-30,19,UIS,1.6836639078649338,1.7185318709644224,1.6487959447654452,0.5942591428756714,0.3592384159564972
2017-04-30,20,DXC,1.6812479557336257,2.186264752379947,1.1762311590873042,0.7106884717941284,0.2833898365497589
2017-05-31,1,NL,4.191491925992503,3.3567828314016106,5.026201020583396,0.9701864719390869,0.928713321685791
2017-05-31,2,AMD,3.9152013365262777,4.821310246258654,3.009092426793901,1.3208165168762207,0.6095250248908997
2017-05-31,3,MU,2.714943255736543,3.2534333225079273,2.176453188965159,0.9454430341720581,0.4777677655220032
2017-05-31,4,NVDA,2.7116744911283317,3.832523281619331,1.5908257006373323,1.0840859413146973,0.38509777188301086
2017-05-31,5,ATGE,2.5281850323367903,2.629743536426498,2.4266265282470827,0.7961222529411316,0.5173553228378296
2017-05-31,6,ANET,2.354254614955858,2.3955920174799714,2.3129172124317443,0.7400628328323364,0.49936190247535706
2017-05-31,7,FMCC,2.3453693025813087,1.8630604487301097,2.8276781564325075,0.6125667095184326,0.5808179378509521
2017-05-31,8,SLM,2.3378692032119783,1.8791653816440286,2.796573024779928,0.6164224743843079,0.5758958458900452
2017-05-31,9,WDC,2.3014402952184048,2.6979691100252405,1.9049114804115688,0.812456488609314,0.43479886651039124
2017-05-31,10,CSX,2.219812719590106,1.9993114325912813,2.44031400658893,0.645187258720398,0.5195212364196777
2017-05-31,11,FNMA,2.1677916722818815,1.6418924100722532,2.69369093449151,0.5596157312393188,0.5596157312393188
2017-05-31,12,IDXX,2.082633866189857,2.1755470345560837,1.9897206978236308,0.6873807311058044,0.4482191205024719
2017-05-31,13,DXC,2.007766619185975,2.778327220773947,1.237206017598003,0.8316954374313354,0.3291408121585846
2017-05-31,14,ALGN,1.9510938352397185,1.907283600167993,1.9949040703114442,0.6231544017791748,0.4490393400192261
2017-05-31,15,BCO,1.9038625083538416,1.840898583217716,1.9668264334899672,0.6072608232498169,0.4445963203907013
2017-05-31,16,LRCX,1.8955350524605143,2.0393020257198766,1.7517680792011519,0.6547616124153137,0.4105653762817383
2017-05-31,17,TER,1.8813216855404118,1.9526733752302114,1.8099699958506121,0.6340214014053345,0.4197752773761749
2017-05-31,18,FMC,1.7832246623633652,1.5569021612197522,2.009547163506978,0.5392677783966064,0.4513564705848694
2017-05-31,19,AMAT,1.7647796755118916,2.223695777395699,1.3058635736280844,0.698908269405365,0.34000521898269653
2017-05-31,20,SSP,1.6718944468137573,0.9071640048458401,2.4366248887816746,0.3837106227874756,0.5189374685287476
2017-06-30,1,NVDA,2.9835752576871184,4.082238086286835,1.8849124290874018,1.1337196826934814,0.45059484243392944
2017-06-30,2,XYZ,2.7708402632216433,3.02555651089006,2.516124015553227,0.8806145787239075,0.5747360587120056
2017-06-30,3,MU,2.4711279073537242,3.037037573909728,1.9052182407977207,0.8833646178245544,0.4545884132385254
2017-06-30,4,BCO,2.2510618298346534,2.6170498472482873,1.8850738124210198,0.7827656865119934,0.45062658190727234
2017-06-30,5,CSX,2.0804694100926193,2.424525424880976,1.7364133953042626,0.7366506457328796,0.4213893413543701
2017-06-30,6,ANET,2.051231420907648,2.265627492781423,1.8368353490338731,0.698590099811554,0.44113945960998535
2017-06-30,7,TTWO,2.017765574945361,2.1845583177646115,1.85097283212611,0.6791717410087585,0.4439198970794678
2017-06-30,8,IAC,1.9753785405384257,2.035361234439577,1.9153958466372745,0.6434348225593567,0.45659005641937256
2017-06-30,9,ADSK,1.9277207296667513,2.0684300702310447,1.7870113891024582,0.6513557434082031,0.4313405156135559
2017-06-30,10,AMD,1.9200254743849015,3.0877313767902996,0.7523195719795033,0.8955072164535522,0.22784630954265594
2017-06-30,11,ALGN,1.8777648720599456,1.899192014769918,1.8563377293499734,0.6108184456825256,0.44497501850128174
2017-06-30,12,TSLA,1.8509291103338168,1.1180344270293858,2.5838237936382478,0.42370912432670593,0.5880506634712219
2017-06-30,13,WDC,1.8350199860770764,2.244259945003607,1.4257800271505456,0.6934719681739807,0.36029666662216187
2017-06-30,14,LRCX,1.802741943218863,2.0336213325662076,1.5718625538715183,0.6430180668830872,0.3890269100666046
2017-06-30,15,IDXX,1.7479062820402382,2.078819215427437,1.4169933486530393,0.6538442373275757,0.35856857895851135
2017-06-30,16,NL,1.737378925668819,3.0221655436663175,0.4525923076713203,0.8798023462295532,0.1688985526561737
2017-06-30,17,AMAT,1.725370098678826,2.0308027014850207,1.4199374958726314,0.6423429250717163,0.3591476082801819
2017-06-30,18,TER,1.6820181559832255,1.8303193229509693,1.5337169890154816,0.5943214893341064,0.3815247714519501
2017-06-30,19,APO,1.6288253010966816,1.7484725173056852,1.509178084887678,0.5747168660163879,0.37669867277145386
2017-06-30,20,ATGE,1.5932597568347253,2.4462017853339715,0.7403177283354789,0.7418427467346191,0.2254858911037445
2017-07-31,1,XYZ,2.80082955120006,3.0590565033975374,2.5426025990025822,0.9525320529937744,0.5430235266685486
2017-07-31,2,NVDA,2.491776603473594,3.754435460959349,1.2291177459878389,1.1289854049682617,0.3056125044822693
2017-07-31,3,BCO,2.48231953998616,2.716623950065198,2.2480151299071225,0.865639328956604,0.489777147769928
2017-07-31,4,ANET,2.2942506334062416,2.633045882249952,1.955455384562531,0.8444312810897827,0.43689727783203125
2017-07-31,5,CSX,2.089970701539296,2.2891034309380154,1.8908379721405764,0.7571554183959961,0.42521774768829346
2017-07-31,6,TSLA,1.926518694548718,1.404397642241317,2.448639746856119,0.5326601266860962,0.5260398387908936
2017-07-31,7,IAC,1.9053942405005742,1.6948462966830724,2.115942184318076,0.6063618659973145,0.465905100107193
2017-07-31,8,ALGN,1.881505202517129,1.7586683782705659,2.0043420267636924,0.6225568056106567,0.4457334876060486
2017-07-31,9,TTWO,1.8233879940326836,1.9069078035726676,1.7398681844926998,0.6601727604866028,0.3979301154613495
2017-07-31,10,MU,1.8034910114429539,2.3584567940475303,1.2485252288383777,0.7747539281845093,0.30912038683891296
2017-07-31,11,VRTX,1.76519796480072,0.8982493267629547,2.6321466028384854,0.40422430634498596,0.5592085123062134
2017-07-31,12,IPGP,1.6606381463695152,1.6516333359627056,1.6696429567763251,0.5953965187072754,0.3852369785308838
2017-07-31,13,APO,1.637819700731842,1.801893553473655,1.473745847990029,0.6335252523422241,0.3498287796974182
2017-07-31,14,BBY,1.5658646909533807,1.8852021979873148,1.2465271839194463,0.654664933681488,0.30875924229621887
2017-07-31,15,ADSK,1.5020781853490184,1.7555419404814498,1.2486144302165871,0.6217634677886963,0.3091365098953247
2017-07-31,16,KBH,1.488695660857846,1.1215661271403166,1.8558251945753756,0.4608912467956543,0.41888922452926636
2017-07-31,17,PENN,1.4805801357465036,0.9915972190518147,1.9695630524411925,0.4279114603996277,0.43944722414016724
2017-07-31,18,WDC,1.4804360069577551,1.8898098767004101,1.0710621372151001,0.6558341383934021,0.2770441174507141
2017-07-31,19,WYNN,1.4721336323872685,0.9289755627326367,2.0152917020419,0.41202113032341003,0.44771263003349304
2017-07-31,20,ATGE,1.4628914922202585,2.303922417206967,0.6218605672335497,0.7609157562255859,0.1958514004945755
2017-08-31,1,XYZ,3.1774933663907965,3.3017177642200033,3.0532689685615897,0.9619075655937195,0.5890778303146362
2017-08-31,2,BCO,2.948866778231192,2.9581355587767373,2.9395979976856466,0.8769049048423767,0.5699693560600281
2017-08-31,3,NVDA,2.79651494924417,3.664201582954866,1.928828315533474,1.0515865087509155,0.40005555748939514
2017-08-31,4,ALGN,2.5401169671419055,1.9563006651089059,3.1239332691749055,0.6290497183799744,0.6009567379951477
2017-08-31,5,ANET,2.3516316949329337,2.4024001809368087,2.300863208929059,0.7394152879714966,0.4625958800315857
2017-08-31,6,NL,2.213114624573379,3.3164882709777777,1.1097409781689798,0.9655618071556091,0.2623642086982727
2017-08-31,7,VRTX,2.0816933037009764,1.2244325113190244,2.938954096082928,0.44798463582992554,0.569861114025116
2017-08-31,8,TTWO,2.0289381656913585,2.1708768000302454,1.886999531352472,0.6821361184120178,0.3930239975452423
2017-08-31,9,BA,1.9713725715645234,1.950569107143103,1.992176035985944,0.6276317238807678,0.41070452332496643
2017-08-31,10,IAC,1.9216025742102398,1.801198538925698,2.042006609494782,0.5906772613525391,0.4190812110900879
2017-08-31,11,NRG,1.8528282325366234,1.772787454239894,1.9328690108333528,0.5836483240127563,0.4007348120212555
2017-08-31,12,NKTR,1.7052050546829969,0.35609515527135377,3.05431495409464,0.23315690457820892,0.5892536640167236
2017-08-31,13,SEDG,1.685590735695402,0.418182094312895,2.952999377077909,0.24851728975772858,0.5722221732139587
2017-08-31,14,AMD,1.674619977259847,2.1828460951668176,1.1663938593528762,0.685097336769104,0.27188774943351746
2017-08-31,15,LRCX,1.6669050208671137,1.7936518671425619,1.5401581745916657,0.5888102054595947,0.3347187936306
2017-08-31,16,ADSK,1.6584932063247355,1.9298302151189632,1.387156197530508,0.6225008964538574,0.30899864435195923
2017-08-31,17,NFLX,1.6326307904165094,2.196736510236947,1.0685250705960716,0.6885338425636292,0.25543567538261414
2017-08-31,18,APO,1.57824862303069,1.7177869036063875,1.4387103424549927,0.5700411200523376,0.31766507029533386
2017-08-31,19,IDXX,1.5569869009825101,1.732563433438947,1.3814103685260735,0.5736968517303467,0.308032751083374
2017-08-31,20,PYPL,1.545482162655488,1.2426742365371302,1.848290088773846,0.452497661113739,0.386516809463501
2017-09-30,1,NVDA,3.0729299547417,3.5105387077230996,2.6353212017603007,1.0207566022872925,0.5145698189735413
2017-09-30,2,TTWO,2.728059919625217,2.6793446893846613,2.776775149865773,0.81075119972229,0.5401219725608826
2017-09-30,3,ALGN,2.4023752658520623,2.0160092068322983,2.7887413248718262,0.643156111240387,0.5422835350036621
2017-09-30,4,ANET,2.284385269740039,2.610341524970363,1.9584290145097152,0.7933171987533569,0.3922964334487915
2017-09-30,5,XYZ,2.2720864402891627,2.4852113327932277,2.0589615477850978,0.7617024183273315,0.4104565680027008
2017-09-30,6,VRTX,2.2600078286627894,1.5674976028369192,2.9525180544886593,0.5298373699188232,0.5718680620193481
2017-09-30,7,BCO,2.2359425022295634,2.5357144283165236,1.936170576142603,0.7744622826576233,0.388275682926178
2017-09-30,8,NRG,2.209310167803073,2.3553407029122733,2.0632796326938725,0.7288899421691895,0.41123658418655396
2017-09-30,9,SEDG,2.1899208365753466,1.2599951474826705,3.119846525668023,0.4521453082561493,0.6020941734313965
2017-09-30,10,TPL,2.12413293735625,2.7613556299566775,1.486910244755822,0.8314716815948486,0.3071215748786926
2017-09-30,11,IAC,2.119718487116921,2.079830540144557,2.159606434089284,0.6592808961868286,0.42863699793815613
2017-09-30,12,IPGP,2.11729451972783,2.255290903547342,1.9792981359083184,0.7036118507385254,0.39606621861457825
2017-09-30,13,FMC,1.983179110572975,1.9213424724382913,2.045015748707659,0.6192380785942078,0.4079374074935913
2017-09-30,14,MU,1.7977850289641844,2.0907658197745524,1.5048042381538163,0.6620437502861023,0.31035393476486206
2017-09-30,15,LRCX,1.7464836113487654,1.8060177720856578,1.686949450611873,0.5901007056236267,0.34325653314590454
2017-09-30,16,BA,1.732826172960627,2.0261357763772594,1.4395165695439944,0.6457146406173706,0.29856041073799133
2017-09-30,17,PENN,1.6982503107887172,1.2428330597023087,2.153667561875126,0.44780921936035156,0.42756420373916626
2017-09-30,18,PYPL,1.6955996213600724,1.4770919307404329,1.9141073119797118,0.5069959163665771,0.3842901885509491
2017-09-30,19,TSLA,1.631432909406207,1.520710610364811,1.7421552084476029,0.5180163979530334,0.3532288670539856
2017-09-30,20,WYNN,1.5834195013405408,1.295814540230953,1.8710244624501282,0.4611952602863312,0.3765077292919159
2017-10-31,1,NVDA,2.96151321157454,3.2573079644256917,2.6657184587233886,0.9636644124984741,0.49732735753059387
2017-10-31,2,XYZ,2.8840305227635312,3.0153139393840886,2.7527471061429734,0.9045583605766296,0.5111727118492126
2017-10-31,3,TTWO,2.8151440069904883,2.6641438536598128,2.9661441603211642,0.8187865018844604,0.545121967792511
2017-10-31,4,BCO,2.5693711818649687,2.710151600005059,2.4285907637248783,0.8300237059593201,0.45960280299186707
2017-10-31,5,TTD,2.5265085296647634,2.3607698055527786,2.6922472537767486,0.7446886301040649,0.5015478134155273
2017-10-31,6,IPGP,2.426472012107852,2.626948468957991,2.2259955552577124,0.809701681137085,0.427372008562088
2017-10-31,7,SEDG,2.3590560834061227,1.379448386540798,3.338663780271448,0.5050048828125,0.6043859720230103
2017-10-31,8,ALGN,2.3548560773581197,2.1228004120146884,2.5869117427015516,0.6865655779838562,0.48479002714157104
2017-10-31,9,NL,2.2547697834090714,2.771936477767576,1.7376030890505667,0.8451144099235535,0.3496738374233246
2017-10-31,10,ANET,2.1980786133127106,2.5928667316823955,1.8032904949430257,0.8013773560523987,0.36012402176856995
2017-10-31,11,IAC,2.18763949296053,1.9011667468809859,2.4741122390400743,0.6324324607849121,0.4668447971343994
2017-10-31,12,MTW,2.1523808528875086,1.894049943064775,2.410711762710242,0.6306942105293274,0.45675843954086304
2017-10-31,13,NRG,2.1262317084702103,2.722532002954139,1.5299314139862819,0.8330475687980652,0.3166354298591614
2017-10-31,14,MU,2.0194380035219655,2.5623071570608262,1.4765688499831047,0.7939133048057556,0.30814599990844727
2017-10-31,15,BA,2.0152524273380052,2.125063840173498,1.9054410145025131,0.687118411064148,0.37637510895729065
2017-10-31,16,LRCX,1.9913992204786473,2.1097408586002757,1.8730575823570188,0.6833758354187012,0.37122324109077454
2017-10-31,17,TEX,1.7630809750204763,1.6940963811794414,1.8320655688615115,0.581856369972229,0.3647018373012543
2017-10-31,18,TPL,1.6631350429948975,1.4749435797290225,1.8513265062607724,0.5283291935920715,0.36776605248451233
2017-10-31,19,CZR,1.612108685452877,1.7733332051790562,1.4508841657266978,0.6012096405029297,0.30405983328819275
2017-10-31,20,VRTX,1.5994382812710048,1.587516368879886,1.611360193662124,0.5558246374130249,0.3295899033546448
2017-11-30,1,XYZ,3.5386979083503003,3.6088311783009317,3.468564638399669,1.2001261711120605,0.7124229073524475
2017-11-30,2,NL,3.2510104888530282,4.346383044444834,2.1556379332612225,1.4017986059188843,0.47308528423309326
2017-11-30,3,NVDA,3.232395611042321,3.1386402341981254,3.3261509878865168,1.0715595483779907,0.686461865901947
2017-11-30,4,NC,3.207629774614509,2.609452151193638,3.8058073980353795,0.926861047744751,0.7738999724388123
2017-11-30,5,SEDG,2.9368051593108504,2.4181631141826587,3.4554472044390425,0.8745559453964233,0.7100316882133484
2017-11-30,6,ALGN,2.8348602080496392,2.9609150807961813,2.708805335303097,1.022963285446167,0.5739239454269409
2017-11-30,7,TTD,2.7081506401907953,2.7393946095764936,2.6769066708050966,0.9623918533325195,0.5681090354919434
2017-11-30,8,TTWO,2.611664005243443,2.5600687940933406,2.6632592163935462,0.9133579134941101,0.5656211972236633
2017-11-30,9,MU,2.4162510447000534,2.6890628007922337,2.1434392886078735,0.9486293792724609,0.470861554145813
2017-11-30,10,IPGP,2.259374764130339,2.094501088732242,2.4242484395284363,0.7860554456710815,0.5220511555671692
2017-11-30,11,MTW,2.237416119821086,2.354507205023645,2.1203250346185274,0.8571501970291138,0.4666479825973511
2017-11-30,12,NRG,2.0454722009473576,2.3692397049226654,1.7217046969720495,0.8611785769462585,0.3939822018146515
2017-11-30,13,NVR,2.0032264904390464,2.0269293013726513,1.9795236795054412,0.7675789594650269,0.44098085165023804
2017-11-30,14,ANET,1.9429977454675238,2.357839973995401,1.5281555169396468,0.8580614924430847,0.3586995005607605
2017-11-30,15,IAC,1.8702393990176307,1.7595398233282007,1.9809389747070605,0.6944653391838074,0.4412388503551483
2017-11-30,16,LRCX,1.8325869262153096,2.074664911683917,1.5905089407467021,0.7806315422058105,0.3700661063194275
2017-11-30,17,FSLR,1.6391584567282402,0.32788176130560726,2.9504351521508734,0.3030000329017639,0.6179714202880859
2017-11-30,18,PENN,1.61967784535122,1.7871024701393547,1.4522532205630854,0.7020019292831421,0.34486302733421326
2017-11-30,19,ON,1.6106182230924007,1.423660188136861,1.7975762580479406,0.6026241183280945,0.40781307220458984
2017-11-30,20,CZR,1.5780451807885392,1.9746556843602268,1.1814346772168518,0.7532855272293091,0.2954946458339691
2017-12-31,1,NKTR,4.750617453218983,4.7069014747988795,4.794333431639087,1.4804198741912842,0.9990847110748291
2017-12-31,2,ENPH,4.704648892478668,2.7713947578280815,6.637903027129254,0.9513821005821228,1.339147686958313
2017-12-31,3,NC,3.5487866422033743,1.9178348609872586,5.17973842341949,0.7180760502815247,1.070176124572754
2017-12-31,4,SEDG,3.009840918580891,3.001773060505636,3.0179087766561463,1.0143520832061768,0.6714072227478027
2017-12-31,5,NL,2.9558136229407177,2.578047999716864,3.333579246164571,0.8985340595245361,0.72963547706604
2017-12-31,6,XYZ,2.810613662207688,3.3475473501932225,2.2736799742221536,1.1088635921478271,0.5341275334358215
2017-12-31,7,ALGN,2.808507680049336,3.062400662682739,2.554614697415933,1.03092360496521,0.5859484672546387
2017-12-31,8,NRG,2.4549630316942905,2.573432413193109,2.336493650195472,0.8972724676132202,0.5457140803337097
2017-12-31,9,IPGP,2.2783254481320228,2.474094593811482,2.0825563024525637,0.8701201677322388,0.4988730549812317
2017-12-31,10,ANET,2.2230649232336,2.582234868338999,1.8638949781282013,0.8996784687042236,0.4585390090942383
2017-12-31,11,PODD,2.1717204148976004,2.059859114367993,2.2835817154272076,0.7568959593772888,0.5359539985656738
2017-12-31,12,DINO,1.9472311670273448,1.0434481276102783,2.851014206444411,0.4790773391723633,0.6406220197677612
2017-12-31,13,FSLR,1.941069187336351,1.9136726338314938,1.9684657408412083,0.7169383764266968,0.4778280258178711
2017-12-31,14,NVR,1.8983537793697547,2.139705751917139,1.6570018068223702,0.7787206768989563,0.4203757047653198
2017-12-31,15,CZR,1.8506799527758244,2.2174151238743294,1.4839447816773195,0.7999612092971802,0.38845378160476685
2017-12-31,16,TTWO,1.844579037409131,2.2833002990972484,1.4058577757210138,0.817969799041748,0.37404993176460266
2017-12-31,17,MTW,1.8442234353228408,1.2004988780229953,2.4879479926226864,0.5220044851303101,0.5736511945724487
2017-12-31,18,PENN,1.8249128935000791,2.11777550104619,1.5320502859539686,0.7727264165878296,0.3973272740840912
2017-12-31,19,DHI,1.6906464525447356,1.5638868006453246,1.8174061044441467,0.6213303804397583,0.4499637186527252
2017-12-31,20,KBH,1.6874232821968338,1.8068012857889872,1.5680452786046803,0.6877269148826599,0.40396687388420105
2018-01-31,1,NKTR,5.5611388343159405,5.436645220632558,5.685632447999323,1.5825097560882568,1.1166917085647583
2018-01-31,2,ENPH,3.9080172684581216,2.6496247224341745,5.166409814482069,0.8696764707565308,1.0246526002883911
2018-01-31,3,SEDG,3.260520134368455,3.581326751771042,2.939713516965868,1.1079769134521484,0.6299411058425903
2018-01-31,4,NC,2.921952268765458,1.652918475417147,4.190986062113769,0.6147499680519104,0.8517457842826843
2018-01-31,5,NRG,2.4030785335610445,2.5681708411595032,2.237986225962586,0.8488430976867676,0.5055506229400635
2018-01-31,6,NL,2.3949526020368395,1.4339282360330172,3.3559769680406615,0.5587390661239624,0.7037293314933777
2018-01-31,7,ANET,2.3342299958496087,2.7279654092685224,1.9404945824306954,0.8897135853767395,0.45281627774238586
2018-01-31,8,FSLR,2.257114910865362,2.1577856768950543,2.3564441448356694,0.7438793182373047,0.5265488624572754
2018-01-31,9,XYZ,2.244472351670245,2.8995572108645145,1.5893874924759752,0.933601438999176,0.39057788252830505
2018-01-31,10,MTCH,2.1604202249746844,1.6142471892568,2.7065932606925687,0.6048590540885925,0.5886174440383911
2018-01-31,11,DINO,2.088430296965579,1.1663181910890803,3.010542402842078,0.4902927279472351,0.6424964666366577
2018-01-31,12,ALGN,2.0615401355480594,2.5251179185093777,1.597962352586741,0.8378314971923828,0.3920978903770447
2018-01-31,13,CZR,2.0542974785937655,1.8719634794313746,2.236631477756156,0.6707748770713806,0.5053104758262634
2018-01-31,14,TTWO,2.019326828882027,2.3801652642797873,1.6584883934842667,0.800757110118866,0.4028269350528717
2018-01-31,15,PENN,1.9971368187693899,2.457873477896751,1.5364001596420291,0.8206324577331543,0.3811851739883423
2018-01-31,16,IPGP,1.9292464450990026,2.2771035903783337,1.5813892998196715,0.7743971347808838,0.3891600966453552
2018-01-31,17,NVR,1.8283468827313438,2.153894824707343,1.5027989407553448,0.7428841590881348,0.3752289116382599
2018-01-31,18,BA,1.7795908084573866,1.854729632942059,1.7044519839727141,0.6663669943809509,0.4109745919704437
2018-01-31,19,MTW,1.6795467648184688,1.1946021416862478,2.1644913879506897,0.4975268840789795,0.4925226867198944
2018-01-31,20,DHI,1.6780503300258385,1.7394072070461244,1.6166934530055528,0.6368710994720459,0.3954182267189026
2018-02-28,1,NKTR,6.373073167771317,6.409729638108113,6.3364166974345215,1.9321316480636597,1.3428778648376465
2018-02-28,2,NC,3.711212286964515,2.6790310469663168,4.743393526962714,0.9304975867271423,1.0392614603042603
2018-02-28,3,SKY,3.4867303254536868,1.9941245704288013,4.979336080478572,0.7466109395027161,1.0842300653457642
2018-02-28,4,XYZ,2.9361664496997077,3.555591747714134,2.316741151685281,1.1658403873443604,0.5767625570297241
2018-02-28,5,ANET,2.867017245524635,3.2226609354165174,2.511373555632753,1.076453685760498,0.6138578057289124
2018-02-28,6,ANF,2.4646962456134442,1.5903610994140907,3.3390313918127976,0.6382067799568176,0.771602213382721
2018-02-28,7,ALGN,2.3850666673916603,3.1238743963790396,1.6462589384042805,1.0499310493469238,0.44897446036338806
2018-02-28,8,SEDG,2.32457857656539,3.0110576361743737,1.6380995169564065,1.0196415185928345,0.44741934537887573
2018-02-28,9,MTCH,2.2572919479788163,1.816373802989876,2.6982100929677566,0.6988876461982727,0.6494672298431396
2018-02-28,10,ENPH,2.2215584418770136,0.6646998416797181,3.778417042074309,0.38968124985694885,0.8553453087806702
2018-02-28,11,CZR,2.1268969744746764,2.198816657050993,2.05497729189836,0.801567554473877,0.5268726348876953
2018-02-28,12,TTWO,2.074562295098499,2.413116863263911,1.7360077269330871,0.859103798866272,0.46607980132102966
2018-02-28,13,NL,2.0319511677692415,2.0931209034313256,1.9707814321071575,0.773189902305603,0.5108256340026855
2018-02-28,14,IPGP,2.0274135732054397,2.134820173535665,1.9200069728752147,0.7843855023384094,0.5011484622955322
2018-02-28,15,PENN,2.0204301585823745,2.340849835437649,1.7000104817271005,0.839701235294342,0.4592190384864807
2018-02-28,16,NVDA,1.8601120142707708,2.250370027395023,1.4698540011465187,0.8154088258743286,0.4153532087802887
2018-02-28,17,BA,1.7698618675815982,2.1986292855097243,1.341094449653472,0.8015172481536865,0.3908127546310425
2018-02-28,18,TKO,1.7616959111216208,1.4918212070381645,2.031570615205077,0.6117503643035889,0.5224115252494812
2018-02-28,19,ON,1.7264234279699013,1.5193994562592272,1.9334473996805757,0.619154691696167,0.5037100911140442
2018-02-28,20,ABBV,1.7236959284417055,1.5997718572747364,1.8476199996086744,0.6407334208488464,0.4873521327972412
2018-03-31,1,NKTR,6.589394584651613,6.4880537371926845,6.690735432110542,1.8897534608840942,1.41488778591156
2018-03-31,2,ENPH,3.8998783320842403,1.7779532720069509,6.021803392161529,0.6177491545677185,1.28334641456604
2018-03-31,3,NC,3.7623739225557715,3.355564464859128,4.169183380252415,1.0437970161437988,0.9190400838851929
2018-03-31,4,SEDG,3.360631325081494,4.039804692139468,2.6814579580235205,1.2285821437835693,0.6264880299568176
2018-03-31,5,XYZ,2.7462256145306707,3.111428263334022,2.381022965727319,0.9778658747673035,0.567409336566925
2018-03-31,6,MTCH,2.725716132441857,2.851202535288356,2.6002297295953576,0.9075896143913269,0.6105149984359741
2018-03-31,7,ALGN,2.235554903565493,2.9635537750537635,1.507556032077223,0.9379310607910156,0.39564743638038635
2018-03-31,8,NFLX,2.1227296886360434,2.1487502149701068,2.09670916230198,0.7178861498832703,0.5115007758140564
2018-03-31,9,ANET,2.0917729929715945,2.52101333339076,1.6625326525524287,0.8184190988540649,0.42612263560295105
2018-03-31,10,TKO,2.085291944315375,1.7822771984540118,2.3883066901767385,0.6189168691635132,0.5688416361808777
2018-03-31,11,SKY,2.0400746657698123,1.6154320374207431,2.464717294118881,0.5738588571548462,0.5838673114776611
2018-03-31,12,NVDA,2.017739060265791,2.72061933859957,1.314858781932012,0.8723244667053223,0.3577547073364258
2018-03-31,13,IBKR,1.9769665213083203,1.8797909986129615,2.074142044003679,0.6452513337135315,0.507063090801239
2018-03-31,14,ETSY,1.9642895155377893,2.2170923543480385,1.7114866767275403,0.7363425493240356,0.4357491433620453
2018-03-31,15,MU,1.9269426806705239,2.206534257801254,1.6473511035397936,0.7334912419319153,0.42313727736473083
2018-03-31,16,BA,1.9057718387210545,2.1634238878763594,1.6481197895657498,0.7218489050865173,0.4232884347438812
2018-03-31,17,ANF,1.8669348102324563,1.729394900427253,2.0044747200376594,0.6046355366706848,0.4933634400367737
2018-03-31,18,CZR,1.860948487039313,2.223719608670222,1.4981773654084043,0.7381322979927063,0.3938031792640686
2018-03-31,19,ABBV,1.8467780805174185,1.9363326657629027,1.7572234952719343,0.6605209112167358,0.44474300742149353
2018-03-31,20,KSS,1.7567774794443942,1.309531953255731,2.2040230056330574,0.49124783277511597,0.53260338306427
2018-04-30,1,NKTR,6.307633533752719,5.129607613805322,7.485659453700116,1.5101659297943115,1.487835168838501
2018-04-30,2,ENPH,4.7236921644334,3.9913901690564364,5.4559941598103645,1.2047024965286255,1.1008028984069824
2018-04-30,3,SEDG,3.459555742989446,4.031419470832142,2.88769201514675,1.2154451608657837,0.6110591888427734
2018-04-30,4,MTCH,3.163481014773453,3.2328611968987304,3.094100832648176,1.001136064529419,0.6504188179969788
2018-04-30,5,XYZ,2.9455178503609547,3.401314214258586,2.489721486463323,1.0463438034057617,0.5351710915565491
2018-04-30,6,SKY,2.7428532889558577,2.663018438158,2.8226881397537147,0.8482073545455933,0.5986637473106384
2018-04-30,7,ETSY,2.7338406490809373,3.1193194301071525,2.3483618680547225,0.9706648588180542,0.5082155466079712
2018-04-30,8,FSLR,2.530919490624269,3.090253810989665,1.9715851702588738,0.9628645181655884,0.436368852853775
2018-04-30,9,ANF,2.4132010271004125,2.3295316136830677,2.496870440517757,0.7587094902992249,0.536534309387207
2018-04-30,10,NC,2.342705233105084,2.2536373616801857,2.431773104529982,0.738341748714447,0.5241210460662842
2018-04-30,11,NFLX,2.1613863191188623,2.0818288764165875,2.2409437618211365,0.6922335028648376,0.4877322316169739
2018-04-30,12,PODD,2.0839401958156953,2.106789666450346,2.061090725181044,0.6989322304725647,0.4534364640712738
2018-04-30,13,AXON,2.051784419665212,1.5337928833714474,2.569775955958977,0.5451570749282837,0.5504364967346191
2018-04-30,14,IBKR,1.898952897008531,1.9966195807712066,1.8012862132458551,0.6693658828735352,0.40389493107795715
2018-04-30,15,ALGN,1.836077049831073,2.422143016443615,1.2500110832185312,0.7835636138916016,0.29877352714538574
2018-04-30,16,IAC,1.7416289093454287,2.304585926364258,1.178671892326599,0.7520148158073425,0.2851700186729431
2018-04-30,17,STX,1.7094957598290499,0.6261566943583579,2.792834825299742,0.3015747368335724,0.5929710865020752
2018-04-30,18,PAYC,1.6990041870823154,1.8294713935632234,1.5685369806014073,0.6245083212852478,0.3595125079154968
2018-04-30,19,NVDA,1.686354676155256,2.325067650921794,1.047641701388718,0.7575114965438843,0.2601841688156128
2018-04-30,20,NOW,1.67698874407879,1.8774080771086503,1.4765694110489298,0.6373730897903442,0.3419754207134247
2018-05-31,1,NKTR,5.698423189144885,5.12236923084978,6.274477147439989,1.4839022159576416,1.2449641227722168
2018-05-31,2,ENPH,4.608865758432337,4.236384022069958,4.981347494794718,1.249155044555664,0.9978405833244324
2018-05-31,3,SKY,4.158708667370774,4.847319964338293,3.470097370403254,1.4110262393951416,0.7090331315994263
2018-05-31,4,SEDG,3.105121716529955,3.9819690295664505,2.2282744034934594,1.181746244430542,0.4717145562171936
2018-05-31,5,ETSY,3.09945108557731,3.3841851761254933,2.8147169950291264,1.023359775543213,0.58378666639328
2018-05-31,6,ANF,2.911577809111394,2.5800543083558454,3.2431013098669426,0.8103004097938538,0.6656530499458313
2018-05-31,7,MTCH,2.8742228457468455,3.023991971673709,2.7244537198199814,0.927924394607544,0.5665369033813477
2018-05-31,8,CVNA,2.8695125770217116,2.7645959044778134,2.97442924956561,0.8591958284378052,0.6143084764480591
2018-05-31,9,DINO,2.502704662463241,2.5714484456353444,2.4339608792911385,0.8080202341079712,0.5110222697257996
2018-05-31,10,CZR,2.2467219653318082,2.353621473641254,2.139822457022362,0.7503056526184082,0.4548109471797943
2018-05-31,11,AXON,2.2286360866918002,1.5419946981024304,2.9152774752811697,0.5352602005004883,0.6030042767524719
2018-05-31,12,NFLX,2.2126629302842518,2.236527975090481,2.1887978854780226,0.719281017780304,0.4641703963279724
2018-05-31,13,LULU,2.1373530907901284,1.9823102729178033,2.2923959086624537,0.6519244909286499,0.48396849632263184
2018-05-31,14,XYZ,2.072040548056939,3.1214205508750483,1.0226605452388298,0.9537386894226074,0.24131572246551514
2018-05-31,15,URBN,2.0057525868620916,1.6555360708564002,2.3559691028677827,0.5653436779975891,0.49611765146255493
2018-05-31,16,FSLR,1.9660394793143157,2.825481455263426,1.1065975033652053,0.8753278255462646,0.2573564946651459
2018-05-31,17,PODD,1.925309795218336,2.1020772016756197,1.7485423887610523,0.6836574673652649,0.3800353705883026
2018-05-31,18,IBKR,1.9227056303743812,2.4079438027598785,1.4374674579888842,0.7646986842155457,0.3205873966217041
2018-05-31,19,TKO,1.9218664840986117,1.9262125557821823,1.9175204124150411,0.6370610594749451,0.41232791543006897
2018-05-31,20,THC,1.7924765067419144,1.1213303200479163,2.4636226934359127,0.42380261421203613,0.5166907906532288
2018-06-30,1,SKY,5.268762570542069,5.80201652878666,4.735508612297478,1.797446608543396,0.9545036554336548
2018-06-30,2,ENPH,4.9589088650988575,6.58460225809806,3.3332154720996563,2.0201523303985596,0.6810047626495361
2018-06-30,3,FOSL,3.8015753939883803,1.9765525846810177,5.6265982032957425,0.708808422088623,1.1282989978790283
2018-06-30,4,AXON,3.786752565421023,2.913353100146594,4.660152030695452,0.9754000902175903,0.939806342124939
2018-06-30,5,THC,3.364190427346298,2.162684011368646,4.56569684332395,0.7617771029472351,0.9213840961456299
2018-06-30,6,TKO,3.362918632632365,3.2132961717223565,3.512541093542373,1.0607569217681885,0.7159798741340637
2018-06-30,7,DINO,3.221113764307504,3.714805260179867,2.7274222684351406,1.203474760055542,0.5628527402877808
2018-06-30,8,NKTR,3.1326043424600636,4.3902187045597545,1.874989980360373,1.3956817388534546,0.3965969979763031
2018-06-30,9,CVNA,2.9943709619222165,3.191440468616468,2.7973014552279647,1.054537296295166,0.5764817595481873
2018-06-30,10,ETSY,2.941760300508353,2.579187132556691,3.304333468460015,0.880304217338562,0.6753717064857483
2018-06-30,11,TPL,2.7125526859031686,2.72441944004909,2.7006859317572474,0.9216339588165283,0.5576381683349609
2018-06-30,12,SEDG,2.6929915761174263,3.349466409500153,2.0365167427346997,1.0995078086853027,0.42810067534446716
2018-06-30,13,NFLX,2.624292127130401,2.18565650261576,3.0629277516450424,0.7683145403862,0.6282886862754822
2018-06-30,14,XYZ,2.3111843160972327,2.7527096608756443,1.8696589713188216,0.9296846985816956,0.3955572545528412
2018-06-30,15,LULU,2.1844630732023393,2.2183776411331664,2.1505485052715128,0.7776262164115906,0.4503410756587982
2018-06-30,16,CZR,2.031645111005548,2.221626841139699,1.8416633808713967,0.7785508632659912,0.39009708166122437
2018-06-30,17,TTD,1.8601896279680061,1.0373531320482383,2.683026123887774,0.4415340721607208,0.5541938543319702
2018-06-30,18,VLO,1.8496306070887558,1.993663404337671,1.7055978098398406,0.7136777639389038,0.3635592758655548
2018-06-30,19,MTCH,1.8395824584643647,2.1136940427534245,1.565470874175305,0.7478356957435608,0.3362293541431427
2018-06-30,20,RL,1.81977349190812,1.972047521640954,1.667499462175286,0.7075263857841492,0.3561286926269531
2018-07-31,1,ENPH,6.025288449157804,7.057065974426902,4.993510923888706,2.051600933074951,1.02694833278656
2018-07-31,2,SKY,5.516715892687717,6.059699089396464,4.973732695978971,1.7812525033950806,1.0229958295822144
2018-07-31,3,FOSL,4.535607745457082,3.0078948745658045,6.063320616348359,0.9540238380432129,1.2407402992248535
2018-07-31,4,TKO,4.231682514130547,4.241166815551205,4.2221982127098885,1.2883172035217285,0.8728083372116089
2018-07-31,5,AXON,3.5451831524221267,2.8880101477189193,4.202356157125334,0.921527624130249,0.8688430786132812
2018-07-31,6,ETSY,3.3909998559901107,3.3034326847478823,3.478567027232339,1.034132957458496,0.7242002487182617
2018-07-31,7,NFLX,3.230771230462725,3.041424582999224,3.4201178779262267,0.963112473487854,0.7125197052955627
2018-07-31,8,CVNA,2.9245370070226464,2.1044708520806763,3.744603161964616,0.7091397643089294,0.7773652076721191
2018-07-31,9,XYZ,2.8931426501743345,3.0521294089193702,2.7341558914292987,0.9660141468048096,0.5754362940788269
2018-07-31,10,THC,2.677729823721667,1.522750135153536,3.832709512289798,0.5514572858810425,0.7949724793434143
2018-07-31,11,TTD,2.625415122142286,1.8012359109978795,3.4495943332866927,0.6269442439079285,0.718410313129425
2018-07-31,12,TPL,2.4018839262749525,2.6953131660831113,2.108454686466794,0.8692947626113892,0.45039546489715576
2018-07-31,13,ALGN,2.271129084311939,2.527419443337956,2.0148387252859212,0.823785126209259,0.4316871464252472
2018-07-31,14,LULU,2.191429046556995,2.2119881428274257,2.1708699502865647,0.738283634185791,0.4628686010837555
2018-07-31,15,DINO,2.166853296100628,2.9706553530988447,1.363051239102412,0.9439296126365662,0.3014332056045532
2018-07-31,16,ANF,1.891645578654141,2.1471848270644998,1.6361063302437822,0.7207179069519043,0.3560008406639099
2018-07-31,17,URBN,1.887979786953092,2.72256427268222,1.053395301223964,0.8766815066337585,0.23955121636390686
2018-07-31,18,SEDG,1.8870912766896193,2.7065433161296952,1.0676392372495433,0.8723388314247131,0.242397740483284
2018-07-31,19,NTAP,1.8370683339308838,2.032619749136315,1.6415169187254526,0.6896636486053467,0.3570820987224579
2018-07-31,20,PTC,1.7386836564076595,1.4500786118174886,2.0272887009978304,0.5317587852478027,0.43417516350746155
2018-08-31,1,ENPH,5.92353820688583,6.458941755300222,5.388134658471438,1.8502792119979858,0.9949337840080261
2018-08-31,2,FOSL,4.555372134435697,2.644832268851139,6.465912000020256,0.8453912734985352,1.1913304328918457
2018-08-31,3,TKO,4.436575924480303,4.496020851069365,4.377130997891241,1.3331164121627808,0.8107048869132996
2018-08-31,4,AXON,4.19759389025962,3.292911047147926,5.102276733371314,1.016137957572937,0.9428436756134033
2018-08-31,5,ETSY,3.801238522914587,3.402492347423187,4.199984698405987,1.045008897781372,0.7784246206283569
2018-08-31,6,CVNA,3.4090575709787148,2.4336823826353027,4.384432759322127,0.7897604703903198,0.8120354413986206
2018-08-31,7,THC,3.0438668577862797,2.374656427707462,3.713077287865097,0.7742091417312622,0.6896985173225403
2018-08-31,8,DINO,2.7881543396442177,3.1607648320505333,2.415543847237902,0.9813219308853149,0.45325708389282227
2018-08-31,9,SKY,2.530878241145587,4.198261346026797,0.863495136264377,1.2546669244766235,0.17043691873550415
2018-08-31,10,SEDG,2.3612651303217636,2.630745429292782,2.0917848313507448,0.8416798710823059,0.3942604959011078
2018-08-31,11,XYZ,2.265553060587637,2.842689392738127,1.6884167284371472,0.8975198864936829,0.3207572400569916
2018-08-31,12,LULU,2.119107810905145,1.9630466089079144,2.275169012902375,0.6657639741897583,0.4276774525642395
2018-08-31,13,TPL,2.119048744381364,2.5078607337457135,1.7302367550170146,0.8093039393424988,0.3283778429031372
2018-08-31,14,TTD,2.0709108463686965,1.1763459270187309,2.9654757657186623,0.4584951400756836,0.5534677505493164
2018-08-31,15,M,1.9921707908623127,1.5945624231212276,2.389779158603398,0.5686809420585632,0.4485621452331543
2018-08-31,16,ALGN,1.9657294712939106,2.310798818252379,1.6206601243354426,0.7573848366737366,0.3084103763103485
2018-08-31,17,URBN,1.9583614559667162,2.5417031288566743,1.375019783076758,0.8182202577590942,0.2636488676071167
2018-08-31,18,ANF,1.8463097854304682,2.937031649657342,0.7555879212035946,0.9223758578300476,0.15077365934848785
2018-08-31,19,TRIP,1.8454731073710577,0.9398870348823789,2.7510591798597366,0.39619627594947815,0.5143959522247314
2018-08-31,20,GWW,1.829632381840168,2.3020895330374485,1.357175230642888,0.7550902366638184,0.26039716601371765
2018-09-30,1,CVNA,4.890062653007496,3.9375451945649202,5.842580111450073,1.288375735282898,1.1726489067077637
2018-09-30,2,TKO,4.188924596574939,4.344827405277537,4.033021787872341,1.4030895233154297,0.834247887134552
2018-09-30,3,TTD,3.68981930815392,2.8613420264747207,4.5182965898331195,0.9852558374404907,0.9249979257583618
2018-09-30,4,ENPH,3.4685720100861,5.294509234045606,1.6426347861265937,1.6705738306045532,0.38722753524780273
2018-09-30,5,XYZ,3.388283093574604,3.702823441396389,3.073742745752819,1.2222647666931152,0.654855489730835
2018-09-30,6,AXON,3.3001980171859593,3.4304571742955443,3.1699388600763747,1.1455509662628174,0.6728448867797852
2018-09-30,7,DXCM,3.1651414554272423,1.707165410952128,4.6231174999023565,0.6601741909980774,0.9446002244949341
2018-09-30,8,ETSY,3.1519718241318433,3.233310099942468,3.070633548321218,1.090023159980774,0.654274046421051
2018-09-30,9,LULU,2.956304336218977,2.8793192785268777,3.033289393911076,0.9903192520141602,0.6472904086112976
2018-09-30,10,FOSL,2.663260920406876,2.9349660158561655,2.391555824957586,1.0059925317764282,0.5272814035415649
2018-09-30,11,AMD,2.5966415058522268,1.7090446104603465,3.4842384012441068,0.6607034802436829,0.731621265411377
2018-09-30,12,MOH,2.5599969814254324,2.0913082847472757,3.0286856781035887,0.7683706283569336,0.6464294791221619
2018-09-30,13,DINO,2.5542514216983987,2.5266309878515,2.5818718555452977,0.8909822106361389,0.5628719329833984
2018-09-30,14,UIS,2.3779903665378788,2.4715518195628703,2.2844289135128877,0.8754687905311584,0.5072478652000427
2018-09-30,15,FTNT,2.2158070368691334,2.1507756378334753,2.280838435904791,0.7851200103759766,0.506576418876648
2018-09-30,16,THC,1.983358551452615,1.7595457694064887,2.2071713334987413,0.6749274730682373,0.49280011653900146
2018-09-30,17,PAYC,1.9698052817744653,1.9619093153674017,1.977701248181529,0.7319245338439941,0.4498874843120575
2018-09-30,18,TPL,1.9586042136578343,1.9666521779099908,1.950556249405678,0.7332603931427002,0.4448111653327942
2018-09-30,19,SKY,1.932714553193033,2.576331582412553,1.289097523973513,0.9049807190895081,0.3211134076118469
2018-09-30,20,NTAP,1.91849454212428,2.2936074977520517,1.5433815864965081,0.8253495693206787,0.3686664402484894
2018-10-31,1,TKO,4.681719817856462,4.5763499250901125,4.787089710622811,1.4231277704238892,0.991468608379364
2018-10-31,2,CVNA,4.508881255446937,4.467086969656972,4.550675541236903,1.3925756216049194,0.9466155767440796
2018-10-31,3,AMD,4.065568587891582,2.65150235234876,5.479634823434405,0.8849011659622192,1.1228598356246948
2018-10-31,4,TTD,4.060211281278295,2.6965016454948105,5.423920917061779,0.8974838852882385,1.1122896671295166
2018-10-31,5,XYZ,3.5745059375556636,3.9017589290537242,3.2472529460576034,1.234498381614685,0.699327290058136
2018-10-31,6,DXCM,3.1736147105286037,3.323608723529461,3.023620697527746,1.0728358030319214,0.6568992733955383
2018-10-31,7,ETSY,3.108617745291972,3.4676747589375703,2.7495607316463735,1.1131196022033691,0.6049039959907532
2018-10-31,8,AXON,2.9604072925186404,3.4378102332399347,2.4830043517973457,1.1047688722610474,0.5543323159217834
2018-10-31,9,LULU,2.8225926931059586,2.9181382401736413,2.7270471460382764,0.9594579935073853,0.6006326675415039
2018-10-31,10,UIS,2.7778161827796373,2.6177691361478748,2.9378632294114,0.8754686713218689,0.6406291723251343
2018-10-31,11,FOSL,2.7560766030820956,2.7568541978941044,2.7552990082700863,0.9143596887588501,0.6059926748275757
2018-10-31,12,FTNT,2.6474545702172176,2.8687729478602777,2.4261361925741576,0.9456544518470764,0.5435431599617004
2018-10-31,13,MOH,2.4983555767582786,2.245263843653627,2.7514473098629297,0.7713086009025574,0.6052619218826294
2018-10-31,14,TPL,2.3023300699818137,2.2261109586237326,2.378549181339895,0.7659530639648438,0.534514844417572
2018-10-31,15,CLF,2.1261319283626894,1.5301026498084813,2.7221612069168977,0.571334958076477,0.599705696105957
2018-10-31,16,ALGN,2.019236563925809,2.1407085872542773,1.897764540597341,0.7420728206634521,0.4432992935180664
2018-10-31,17,MTCH,1.8582025322338636,2.759748521529188,0.9566565429385391,0.9151690006256104,0.2647501528263092
2018-10-31,18,SKY,1.8382660514046918,2.633359219201278,1.0431728836081056,0.8798279762268066,0.2811642289161682
2018-10-31,19,PAYC,1.8018310243507831,2.0943576291966,1.509304419504966,0.7291121482849121,0.36959975957870483
2018-10-31,20,ILMN,1.7763286802875629,1.6727281314438776,1.8799292291312482,0.6112159490585327,0.4399155378341675
2018-11-30,1,DXCM,3.4983244093179158,3.763121275648753,3.2335275429870785,1.082622766494751,0.595696210861206
2018-11-30,2,TTD,3.4489613320191888,2.1159251518702704,4.781997512168107,0.6282041072845459,0.8814924955368042
2018-11-30,3,TKO,3.403166331145565,3.5248176788624437,3.2815149834286856,1.016880989074707,0.6045531034469604
2018-11-30,4,CVNA,2.803620599803608,3.4828316653966462,2.12440953421057,1.005298137664795,0.390989750623703
2018-11-30,5,FOSL,2.7698181706548417,3.5123628307075236,2.0272735106021598,1.0134450197219849,0.3730616569519043
2018-11-30,6,AXON,2.7579255018974846,3.421647650549077,2.0942033532458924,0.9884190559387207,0.3854146897792816
2018-11-30,7,UIS,2.61688193751571,2.535088285172597,2.6986755898588233,0.7438403367996216,0.4969802498817444
2018-11-30,8,ETSY,2.566491544153582,3.2264382259245123,1.9065448623826515,0.9345658421516418,0.35077914595603943
2018-11-30,9,LULU,2.3534572139376837,2.8388611804047255,1.8680532474706422,0.8276433944702148,0.3436748683452606
2018-11-30,10,XYZ,2.345804405621484,2.3057251459488346,2.385883665294134,0.6805649995803833,0.4392492175102234
2018-11-30,11,FTNT,2.324543681424559,2.5026537397571884,2.146433623091929,0.7348924875259399,0.3950546681880951
2018-11-30,12,AMD,2.2337374600737894,1.6709252197109572,2.7965497004366213,0.5054401755332947,0.5150445699691772
2018-11-30,13,MOH,2.1950461900652947,2.105651187684329,2.284441192446261,0.6253697872161865,0.42052629590034485
2018-11-30,14,ENPH,2.1370076220028253,3.781377698633773,0.492637545371878,1.087659239768982,0.08981867134571075
2018-11-30,15,AAP,2.0461019205566693,2.2748373558666852,1.8173664852466538,0.6720438599586487,0.3343197703361511
2018-11-30,16,CLF,1.9999376580584465,1.980214709987661,2.019660606129232,0.590765118598938,0.3716565668582916
2018-11-30,17,TPL,1.9694066057575652,2.1290811064725195,1.8097321050426107,0.6318334937095642,0.3329107165336609
2018-11-30,18,KDP,1.9266829489011097,2.2011204961222894,1.6522454016799297,0.6517072916030884,0.3038438856601715
2018-11-30,19,DECK,1.890774640573556,2.0952264153935385,1.6863228657535734,0.6224938631057739,0.3101334571838379
2018-11-30,20,HCA,1.8868852696323475,1.9327185832009923,1.8410519560637026,0.5776621699333191,0.3386913239955902
2018-12-31,1,ETSY,3.4185260301598492,4.258589265449673,2.578462794870026,1.1887913942337036,0.5134196877479553
2018-12-31,2,TTD,3.181923358479323,3.801856997295748,2.5619897196628973,1.0643177032470703,0.5101238489151001
2018-12-31,3,CVNA,2.770753548679245,3.50088447318436,2.0406226241741305,0.9822933673858643,0.40581169724464417
2018-12-31,4,DXCM,2.3833407027966915,2.819320607383025,1.9473607982103582,0.7965461015701294,0.38715240359306335
2018-12-31,5,TKO,2.3441645037644334,3.434865780185671,1.253463227343196,0.9643012285232544,0.24832133948802948
2018-12-31,6,AMD,2.282634373181457,2.3581472590522248,2.2071214873106895,0.670862078666687,0.43912383913993835
2018-12-31,7,MOH,2.2620345899007006,2.0239681140241013,2.5001010657773004,0.5797879099845886,0.4977415204048157
2018-12-31,8,KDP,1.9922170644503678,2.237254784098541,1.747179344802195,0.6379151344299316,0.34710124135017395
2018-12-31,9,AAP,1.8044732577451825,1.9768512408957215,1.6320952745946435,0.5669471025466919,0.3240758776664734
2018-12-31,10,HCA,1.7897967059310393,1.8741994321939728,1.7053939796681061,0.5389713048934937,0.3387410640716553
2018-12-31,11,LULU,1.7883457974963806,2.4021880072575397,1.1745035877352212,0.6828645467758179,0.23252354562282562
2018-12-31,12,WBD,1.7739457358260282,1.6556976751099006,1.8921937965421558,0.47942280769348145,0.3761149048805237
2018-12-31,13,MKC,1.7013807466254929,1.3723638240865135,2.030397669164472,0.40220555663108826,0.4037659466266632
2018-12-31,14,TRIP,1.597986124873056,2.154598115458384,1.0413741342877276,0.6153886318206787,0.20588776469230652
2018-12-31,15,CIEN,1.5658666965737855,1.3837614519697803,1.7479719411777908,0.4053117632865906,0.3472598195075989
2018-12-31,16,UAL,1.5534235115747725,1.4501775370043886,1.6566694861451565,0.4234122037887573,0.3289925456047058
2018-12-31,17,UA,1.5186558151635696,2.196744416874962,0.8405672134521774,0.6268748044967651,0.16571146249771118
2018-12-31,18,FOSL,1.48745873411412,3.581943262785205,-0.6070257945569648,1.0043843984603882,-0.1239146813750267
2018-12-31,19,CHD,1.4853248977303453,1.2056362129480418,1.7650135825126487,0.35676711797714233,0.35066941380500793
2018-12-31,20,LLY,1.4778862859177748,1.2266145538337818,1.7291580180017678,0.3624843657016754,0.343495637178421
2019-01-31,1,TTD,2.5154474318885653,3.4415907110160213,1.5893041527611096,0.9313527345657349,0.21294242143630981
2019-01-31,2,DXCM,2.232675913745947,2.784604780919586,1.680747046572308,0.7359536290168762,0.232157364487648
2019-01-31,3,ETSY,2.147855799315993,3.1486244543374813,1.147087144294504,0.844219446182251,0.12001913040876389
2019-01-31,4,TKO,2.0271839159877345,3.3415014787077975,0.7128663532676719,0.9015844464302063,0.02877608872950077
2019-01-31,5,KDP,1.9444469689476849,2.01359669972614,1.8752972381692299,0.5066423416137695,0.2730382978916168
2019-01-31,6,AMD,1.922632934680196,2.2784217591559806,1.5668441102044115,0.5854059457778931,0.2082228809595108
2019-01-31,7,WDAY,1.8584615465253211,1.8256753478067982,1.8912477452438439,0.45075124502182007,0.2763899862766266
2019-01-31,8,CIEN,1.8400148112523464,1.932512094501623,1.74751752800307,0.48252636194229126,0.24618788063526154
2019-01-31,9,LLY,1.7640360527937262,1.4522669918030384,2.075805113784414,0.3396930694580078,0.31517112255096436
2019-01-31,10,PAYC,1.6616484381024943,1.727524956210599,1.5957719199943898,0.421559602022171,0.21430149674415588
2019-01-31,11,NRG,1.6137754887142104,1.4315656160616888,1.795985361366732,0.3335361182689667,0.25637245178222656
2019-01-31,12,ORLY,1.593452575932928,1.516220778477357,1.6706843733884993,0.3587140440940857,0.23004288971424103
2019-01-31,13,MRK,1.5886113814994043,1.4403298294079367,1.7368929335908716,0.33614274859428406,0.2439553290605545
2019-01-31,14,AAP,1.5699673202736717,1.8527251267374776,1.2872095138098656,0.45879632234573364,0.14946311712265015
2019-01-31,15,IAC,1.555685164099331,1.666437595574225,1.444932732624437,0.40339115262031555,0.18260557949543
2019-01-31,16,MOH,1.5493142398601678,1.7083076969499875,1.390320782770348,0.41584405303001404,0.17112994194030762
2019-01-31,17,FTNT,1.532668668281855,1.9156124458063342,1.149724890757376,0.4775001108646393,0.12057340145111084
2019-01-31,18,DECK,1.5252339823040184,1.8786029236035622,1.1718650410044746,0.46649283170700073,0.1252257227897644
2019-01-31,19,HCA,1.5201739553055178,1.521437581679044,1.5189103289319916,0.3602656126022339,0.19815053045749664
2019-01-31,20,MKC,1.4587783296916652,1.4176223762954185,1.4999342830879117,0.32938915491104126,0.19416308403015137
2019-02-28,1,TTD,3.5620968465840823,4.038045489340373,3.086148203827792,1.0794529914855957,0.5259852409362793
2019-02-28,2,ETSY,2.9127329663098926,4.001030939320758,1.824434993299027,1.069222331047058,0.2907976508140564
2019-02-28,3,ENPH,2.873453382689517,4.437214854663002,1.309691910716032,1.189781665802002,0.19484780728816986
2019-02-28,4,DXCM,2.855728925434021,3.3348298521900164,2.376627998678025,0.885087251663208,0.3937282860279083
2019-02-28,5,CIEN,2.3385551131170725,2.238925555238928,2.4381846709952177,0.5821840763092041,0.4052026569843292
2019-02-28,6,MTCH,2.2441533386412034,1.8522336829782236,2.636072994304183,0.47530412673950195,0.442089706659317
2019-02-28,7,AMD,2.006456644674828,2.21178172441099,1.8011315649386668,0.5746816396713257,0.28645381331443787
2019-02-28,8,FNMA,1.9725032190773488,0.8728817004745087,3.072124737680189,0.2046155035495758,0.5233712196350098
2019-02-28,9,WDAY,1.970862202243843,1.6334972561053118,2.308227148382374,0.4148463308811188,0.38097813725471497
2019-02-28,10,PAYC,1.9618777628840678,1.8727139373178536,2.051041588450282,0.4809647798538208,0.3330378830432892
2019-02-28,11,LULU,1.9101869308078383,2.435549798481748,1.3848240631339288,0.6365301609039307,0.20885269343852997
2019-02-28,12,FMCC,1.8734652910063916,0.8996954793990369,2.8472351026137463,0.2120267152786255,0.48145103454589844
2019-02-28,13,TKO,1.8583447909824242,3.2214209559524103,0.495268626012438,0.8537415266036987,0.0430365651845932
2019-02-28,14,IAC,1.848330920135466,1.4953300462926373,2.201331793978295,0.37665751576423645,0.3610524833202362
2019-02-28,15,NRG,1.7150642098270032,1.7838345502975785,1.6462938693564282,0.4563989043235779,0.2575915455818176
2019-02-28,16,KEYS,1.6851271164677528,1.7974529382271858,1.5728012947083196,0.4601629674434662,0.24389228224754333
2019-02-28,17,FTNT,1.6457990360881043,1.9730410899653719,1.3185569822108367,0.5086947679519653,0.1965002864599228
2019-02-28,18,CMG,1.6193351719907705,1.9019819179325173,1.336688426049024,0.4890543222427368,0.19988004863262177
2019-02-28,19,BALL,1.579614283973017,1.294899154112225,1.8643294138338091,0.3212592899799347,0.29823410511016846
2019-02-28,20,MOH,1.5345924114727816,1.4907474896461475,1.578437333299416,0.3753909170627594,0.24494285881519318
2019-03-31,1,ENPH,3.739678029782328,3.7708205814552214,3.708535478109435,1.0050075054168701,0.6177799701690674
2019-03-31,2,TTD,3.4153648922962807,4.759219968308044,2.071509816284517,1.2559572458267212,0.33095934987068176
2019-03-31,3,ETSY,3.123581575510829,3.890036407219187,2.3571267438024712,1.0352758169174194,0.3810018301010132
2019-03-31,4,FNMA,2.5153157143378886,1.7228645961734077,3.3077668325023692,0.4850415587425232,0.5475619435310364
2019-03-31,5,FMCC,2.4483874724560373,1.6789908303172343,3.2177841145948407,0.47390222549438477,0.5317962169647217
2019-03-31,6,CIEN,2.0578196186177102,2.2166189481163063,1.8990202891191146,0.6104033589363098,0.30073773860931396
2019-03-31,7,ERIE,1.9879568705849102,1.624682880182628,2.3512308609871924,0.4601137042045593,0.3799688220024109
2019-03-31,8,CMG,1.9710015061496358,2.3570644395078415,1.5849385727914302,0.6460617780685425,0.24570798873901367
2019-03-31,9,SSP,1.9232430602950463,1.5412750216349975,2.305211098955095,0.43893685936927795,0.37190577387809753
2019-03-31,10,KEYS,1.900718191891471,2.117846808387502,1.6835895753954402,0.5853255987167358,0.2629924714565277
2019-03-31,11,AES,1.7324291137907513,1.7746330199517175,1.6902252076297848,0.49818530678749084,0.2641550898551941
2019-03-31,12,DXCM,1.6860126821872239,3.392669084569248,-0.02064372019480022,0.9089967012405396,-0.035603489726781845
2019-03-31,13,PAYC,1.647086429133699,2.207982563036997,1.0861902952304014,0.6082106232643127,0.15832310914993286
2019-03-31,14,NYT,1.611036120382419,1.0589518836386793,2.1631203571261586,0.31647738814353943,0.3470102846622467
2019-03-31,15,WDAY,1.5826637534579149,1.5703866680945036,1.5949408388213264,0.44632816314697266,0.2474604696035385
2019-03-31,16,LLY,1.555253166923611,1.8499597030186188,1.2605466308286033,0.517310380935669,0.18887180089950562
2019-03-31,17,TKO,1.445791948764343,2.939329296184392,-0.04774539865570628,0.793895959854126,-0.040351931005716324
2019-03-31,18,DECK,1.4327405435269145,1.5747198853336548,1.2907612017201744,0.4474283456802368,0.1941656470298767
2019-03-31,19,TDG,1.4178527022232577,1.4242138316831963,1.4114915727633193,0.4092155992984772,0.21531862020492554
2019-03-31,20,NRG,1.4157971345614353,1.7062743934176943,1.125319875705176,0.4808293879032135,0.16517893970012665
2019-04-30,1,TTD,3.376683710553212,5.166134723761948,1.5872326973444766,1.3836205005645752,0.2713308334350586
2019-04-30,2,FNMA,3.0706261153646075,2.4486467686009132,3.692605462128302,0.6860297322273254,0.6649762392044067
2019-04-30,3,ENPH,3.0460900604797714,2.5145435175789497,3.577636603380593,0.7029457092285156,0.6434803009033203
2019-04-30,4,FMCC,3.045419644257237,2.4619183914452334,3.628920897069241,0.6894366145133972,0.653069019317627
2019-04-30,5,CMG,2.684315879191132,2.8447405558904864,2.523891202491778,0.7877086997032166,0.4464595913887024
2019-04-30,6,ETSY,2.3763561655158805,3.1794335253601216,1.5732788056716394,0.8736258149147034,0.2687218487262726
2019-04-30,7,CDNS,1.9230105508559174,1.9051624589436087,1.9408586427682264,0.5465149879455566,0.33744892477989197
2019-04-30,8,ERIE,1.7580879348845042,1.509348695047965,2.0068271747210433,0.44490790367126465,0.34978318214416504
2019-04-30,9,SSP,1.729608546934099,2.0060567917499084,1.4531603021182895,0.5724149942398071,0.2462630718946457
2019-04-30,10,CVNA,1.718631393677689,3.395265851781234,0.04199693557414372,0.9290308952331543,-0.017584729939699173
2019-04-30,11,KEYS,1.682062068033774,1.760924869964083,1.6031992661034646,0.509488582611084,0.27431613206863403
2019-04-30,12,AES,1.6626567843654185,1.7292910497410139,1.5960225189898234,0.5013680458068848,0.27297428250312805
2019-04-30,13,AZO,1.5884921525912046,1.5550282658063683,1.6219560393760406,0.4566340446472168,0.2778231203556061
2019-04-30,14,PAYC,1.5836206941253528,1.9809405972877139,1.1863007909629917,0.5659675598144531,0.19636785984039307
2019-04-30,15,ULTA,1.5647327684377461,1.8597420143109318,1.2697235225645607,0.5348553657531738,0.21196556091308594
2019-04-30,16,LLY,1.543561693863603,1.8793239155771717,1.2077994721500342,0.5398821234703064,0.20038750767707825
2019-04-30,17,NYT,1.5177914425680428,1.009043365816619,2.0265395193194666,0.31647738814353943,0.3534688353538513
2019-04-30,18,WDAY,1.5126794390617344,1.400086631669154,1.625272246454315,0.41685986518859863,0.2784431576728821
2019-04-30,19,DECK,1.4853144799899076,1.6858698931957616,1.2847590667840534,0.49022164940834045,0.21477678418159485
2019-04-30,20,O,1.4696059103770285,1.320473960705599,1.6187378600484579,0.39642295241355896,0.2772214114665985
2019-05-31,1,TTD,4.032866619342995,5.349189902655267,2.7165433360307234,1.4651789665222168,0.5836864113807678
2019-05-31,2,ENPH,3.4812590593917387,3.0827827176911,3.8797354010923777,0.883468747138977,0.7936500906944275
2019-05-31,3,CVNA,3.2175558235614816,3.5539256989988246,2.8811859481241386,1.0043952465057373,0.6134054660797119
2019-05-31,4,AMD,2.5322483702112395,3.2717717083752764,1.7927250320472026,0.9319758415222168,0.41693124175071716
2019-05-31,5,ETSY,2.428403505140688,2.8102728518849216,2.046534158396454,0.8135246634483337,0.46274542808532715
2019-05-31,6,FMCC,2.40280157741247,1.7967410303914582,3.0088621244334814,0.5533852577209473,0.6364518404006958
2019-05-31,7,FNMA,2.3465933039033224,1.758406278670315,2.93478032913633,0.5435460209846497,0.6230795979499817
2019-05-31,8,PAYC,2.010051816762973,1.8725747514836348,2.147528882042311,0.5728492140769958,0.4809756278991699
2019-05-31,9,CDNS,1.8575484961706374,1.780513523011358,1.934583469329917,0.5492202043533325,0.4425376057624817
2019-05-31,10,SSP,1.8367739934747793,2.479565689154141,1.193982297795418,0.7286432981491089,0.3088543117046356
2019-05-31,11,KEYS,1.7454828178544504,1.6712733561258049,1.8196922795830959,0.5211819410324097,0.4217990040779114
2019-05-31,12,WDAY,1.7405302332829162,1.5850277701636148,1.8960326964022174,0.49904561042785645,0.43557894229888916
2019-05-31,13,NOW,1.6412598344189742,1.5543363978201716,1.728183271017777,0.49116817116737366,0.40528103709220886
2019-05-31,14,ERIE,1.6342047770095713,1.6238989645712694,1.644510589447873,0.5090225338935852,0.39017757773399353
2019-05-31,15,CMG,1.621241777840964,1.533012336578808,1.7094712191031203,0.4856950044631958,0.4019033908843994
2019-05-31,16,QCOM,1.596749857369844,1.8445378415333373,1.3489618732063506,0.5656530857086182,0.33682912588119507
2019-05-31,17,EPAM,1.56422186643292,1.3944512806893987,1.7339924521764412,0.45013105869293213,0.4063296318054199
2019-05-31,18,FICO,1.5284341982848344,1.5091286773760906,1.5477397191935782,0.4795648753643036,0.37270981073379517
2019-05-31,19,MSCI,1.5232464169175783,1.2819548370288412,1.7645379968063155,0.42125701904296875,0.41184329986572266
2019-05-31,20,SMCI,1.5107399605007872,0.5616876979355986,2.4597922230659757,0.23638875782489777,0.5373411774635315
2019-06-30,1,ENPH,3.7572282730860085,2.918097757360825,4.596358788811192,0.9736043214797974,1.0329208374023438
2019-06-30,2,FNMA,3.192963571119963,2.1567769401117536,4.229150202128173,0.7163655161857605,0.949627161026001
2019-06-30,3,FMCC,2.9310468923481885,1.7723807108601028,4.089713073836274,0.5864838361740112,0.917998731136322
2019-06-30,4,MTCH,2.154933965873743,1.6976657095592154,2.6122022221882704,0.5612387657165527,0.5828559398651123
2019-06-30,5,PAYC,2.1060386224353556,2.104291107922613,2.1077861369480977,0.6986313462257385,0.46843957901000977
2019-06-30,6,TTD,2.0226290975034344,2.5329902624371865,1.5122679325696822,0.8434823155403137,0.3333585858345032
2019-06-30,7,ERIE,2.011392264741592,1.9842025783421124,2.038581951141072,0.6580552458763123,0.4527420401573181
2019-06-30,8,CVNA,1.7101904136715156,2.097278649343032,1.3231021779999994,0.6962619423866272,0.29045024514198303
2019-06-30,9,FICO,1.6209994533179124,1.4422059643300063,1.7997929423058185,0.474922776222229,0.3985776901245117
2019-06-30,10,AMD,1.618571215291765,2.082666479351021,1.1544759512325091,0.6913247108459473,0.2522008717060089
2019-06-30,11,CMG,1.406236137428726,1.3033061159340806,1.5091661589233711,0.4279906153678894,0.33265501260757446
2019-06-30,12,CDNS,1.396770489778372,1.2317555588933515,1.5617854206633923,0.40381476283073425,0.34459060430526733
2019-06-30,13,NOW,1.3777751528736975,1.1863919975062156,1.569158308241179,0.3884871006011963,0.34626299142837524
2019-06-30,14,ETSY,1.3239874827689286,1.97757856396137,0.6703964015764869,0.6558170914649963,0.1423974335193634
2019-06-30,15,BALL,1.305093026775268,1.5648354340740274,1.045350619476509,0.516357421875,0.22744804620742798
2019-06-30,16,MSCI,1.2624818803507944,0.971151926917531,1.5538118337840578,0.3157607316970825,0.3427819609642029
2019-06-30,17,NC,1.2527624266964976,0.8717172682218791,1.633807585171116,0.28216326236724854,0.3609273433685303
2019-06-30,18,AZO,1.2442160927381145,1.393834077263989,1.09459810821224,0.4585786461830139,0.23861882090568542
2019-06-30,19,MKTX,1.2427790016916103,1.0441961065883998,1.4413618967948207,0.3404412567615509,0.3172750174999237
2019-06-30,20,GPN,1.2295505016932238,1.0031583529414652,1.4559426504449824,0.32657521963119507,0.3205823600292206
2019-07-31,1,ENPH,4.2673408361779135,2.9428659949762155,5.5918156773796115,0.9964934587478638,1.349143385887146
2019-07-31,2,FNMA,2.727679495430714,1.8370786842818911,3.618280306579537,0.6414831876754761,0.9338712692260742
2019-07-31,3,TTD,2.493526852405793,2.602486031053159,2.384567673758427,0.8872153162956238,0.6742729544639587
2019-07-31,4,FMCC,2.4074905938397295,1.3707746033192727,3.444206584360187,0.4917774200439453,0.8972426056861877
2019-07-31,5,ERIE,2.3179244417974987,2.3303052246151976,2.3055436589798,0.7998323440551758,0.6576446890830994
2019-07-31,6,PAYC,2.2664725262763517,2.425251210167608,2.1076938423850953,0.8303145170211792,0.6160130500793457
2019-07-31,7,AMD,1.7921964338869496,2.038260257846316,1.5461326099275834,0.7060720324516296,0.49784910678863525
2019-07-31,8,CVNA,1.687750770120003,1.1113986370602347,2.2641029031797713,0.4085054099559784,0.648924708366394
2019-07-31,9,XRX,1.5948134007537704,1.1659002237931848,2.0237265777143563,0.42600300908088684,0.598344624042511
2019-07-31,10,CMG,1.5921277263944904,1.48987973289417,1.6943757198948106,0.5300158262252808,0.5290424823760986
2019-07-31,11,BALL,1.5865670985132823,1.9760151129396146,1.19711908408695,0.6860883831977844,0.42440953850746155
2019-07-31,12,MTCH,1.5221365877487405,1.7118639617562683,1.3324092137412125,0.6012833118438721,0.45287734270095825
2019-07-31,13,FICO,1.4967788255209236,1.3500061088670756,1.6435515421747715,0.48510974645614624,0.5183480381965637
2019-07-31,14,CDNS,1.4340848776745116,1.3702737013567998,1.4978960539922237,0.4916166067123413,0.48769915103912354
2019-07-31,15,SEDG,1.29401122224185,0.6689403114942121,1.919082132989488,0.2664552628993988,0.5763252973556519
2019-07-31,16,MKTX,1.2843513707373337,1.3760780745794656,1.1926246668952019,0.4934800863265991,0.4234638214111328
2019-07-31,17,NOW,1.262966768038769,1.2873152020582623,1.238618334019276,0.4649829864501953,0.433141827583313
2019-07-31,18,MSCI,1.2617084969010344,1.0233354120726041,1.5000815817294646,0.38023293018341064,0.48815903067588806
2019-07-31,19,COTY,1.247711873224328,-0.17844259221801237,2.6738663386666683,-0.0055949147790670395,0.7351472973823547
2019-07-31,20,NC,1.2418635957286033,1.2369205287099907,1.2468066627472159,0.4488039016723633,0.4348648190498352
2019-08-31,1,ENPH,5.156378716360932,4.548198697253901,5.764558735467961,1.5541561841964722,1.3593082427978516
2019-08-31,2,TTD,2.8488591803178576,3.3051491767055974,2.3925691839301173,1.1387128829956055,0.612727701663971
2019-08-31,3,PAYC,2.0803903668217893,2.3454361376558657,1.815344595987713,0.8179643154144287,0.48492640256881714
2019-08-31,4,MTCH,1.706389424216463,2.2436386794871974,1.1691401689457286,0.7839422821998596,0.3418525159358978
2019-08-31,5,ERIE,1.6356558107002308,1.710924419009895,1.5603872023905665,0.6059022545814514,0.4284771680831909
2019-08-31,6,MKTX,1.6288707141299414,1.5790279638017888,1.6787134644580939,0.5618207454681396,0.4546753764152527
2019-08-31,7,CMG,1.5881205345510607,1.7134543969206697,1.462786672181452,0.6067478060722351,0.40686777234077454
2019-08-31,8,CVNA,1.5589504112843786,1.067268861546545,2.050631961022212,0.39078420400619507,0.5370205640792847
2019-08-31,9,FICO,1.5559044147287362,1.5285297045749653,1.583279124882507,0.5449435710906982,0.4335455894470215
2019-08-31,10,NC,1.5231738203439928,1.3770161116774084,1.6693315290105772,0.4943057596683502,0.4525981545448303
2019-08-31,11,CDNS,1.507825617202363,1.4437681324891214,1.5718831019156048,0.5166151523590088,0.43102243542671204
2019-08-31,12,SBUX,1.4454574892286454,1.73521049485775,1.1557044835995405,0.614018976688385,0.33887776732444763
2019-08-31,13,BALL,1.3981229390523906,1.7390486208000724,1.0571972573047088,0.6153017282485962,0.31706762313842773
2019-08-31,14,CSGP,1.3737264306146808,1.0707506575956116,1.6767022036337498,0.391947865486145,0.45423007011413574
2019-08-31,15,HSY,1.286499878974083,1.2774546325060856,1.2955451254420804,0.4610310196876526,0.3698394000530243
2019-08-31,16,PODD,1.2833946097668023,1.0677048217187493,1.4990843978148556,0.3909299075603485,0.41490432620048523
2019-08-31,17,GPN,1.2695811288397478,1.0955154068336064,1.443646850845889,0.40022456645965576,0.402630090713501
2019-08-31,18,BX,1.1990810890442765,1.015184952129062,1.3829772259594912,0.37337708473205566,0.389197438955307
2019-08-31,19,CPRT,1.1738777676318266,0.7980115127272494,1.5497440225364039,0.30079489946365356,0.42612069845199585
2019-08-31,20,TER,1.1515702623480122,0.683436203694191,1.6197043210018334,0.2625023424625397,0.4416103661060333
2019-09-30,1,ENPH,4.629583443818186,4.829878372658986,4.429288514977386,1.8029441833496094,1.185164213180542
2019-09-30,2,SEDG,1.9865812536601926,1.496476859092322,2.476685648228063,0.5355843305587769,0.661902129650116
2019-09-30,3,MKTX,1.9477282157612026,2.0525060978901593,1.842950333632246,0.7469867467880249,0.49207258224487305
2019-09-30,4,B,1.6877154122633766,1.7536867707950707,1.6217440537316827,0.6333755850791931,0.4327933192253113
2019-09-30,5,BALL,1.6400475987273324,1.8249769964278453,1.4551182010268195,0.6604801416397095,0.38814061880111694
2019-09-30,6,MTCH,1.6006698267199408,1.604657827425363,1.596681826014519,0.5767147541046143,0.42607709765434265
2019-09-30,7,PODD,1.4864696253145528,1.1163821221244543,1.8565571285046514,0.39107224345207214,0.49571895599365234
2019-09-30,8,SBUX,1.4589283568336266,1.6932288455155144,1.2246278681517389,0.6103894710540771,0.3263733983039856
2019-09-30,9,CVNA,1.450716188830581,0.6823243172241763,2.219108060436986,0.22604338824748993,0.5928760170936584
2019-09-30,10,SBAC,1.4398926251118636,1.4725141414054836,1.4072711088182437,0.5264737010002136,0.3753184676170349
2019-09-30,11,CMG,1.3950122259570772,1.5812775167637099,1.2087469351504445,0.5678255558013916,0.3221175968647003
2019-09-30,12,TSN,1.377138532553857,1.1785149967060509,1.575762068401663,0.4146951735019684,0.4204709827899933
2019-09-30,13,HSY,1.3662272234105326,1.347363886068375,1.38509056075269,0.4788915514945984,0.36937448382377625
2019-09-30,14,BX,1.2930539571937942,1.0198784538393153,1.5662294605482732,0.3543815314769745,0.4179164171218872
2019-09-30,15,PAYC,1.27150788162462,1.3443399159179577,1.1986758473312822,0.4777418375015259,0.319418728351593
2019-09-30,16,GNRC,1.2670213555603667,0.9830457166839531,1.5509969944367803,0.34037771821022034,0.4138343930244446
2019-09-30,17,FICO,1.2625720193578611,1.20126147921082,1.3238825595049024,0.42334339022636414,0.3529718518257141
2019-09-30,18,ERIE,1.2340637857727415,1.6553283360186888,0.8127992355267939,0.5959796905517578,0.21601080894470215
2019-09-30,19,TDG,1.1971025298936442,1.3707477240942452,1.0234573356930434,0.4877820909023285,0.2724633514881134
2019-09-30,20,TTD,1.1773865872273903,1.532852920160372,0.8219202542944086,0.5494145154953003,0.21845507621765137
2019-10-31,1,ENPH,3.9555797394748766,4.2509238736617885,3.6602356052879648,1.5224640369415283,0.878983736038208
2019-10-31,2,SEDG,2.772635562203014,2.230653882445739,3.3146172419602893,0.7991449236869812,0.7983484268188477
2019-10-31,3,NC,2.020766103033381,1.9128582045012301,2.1286740015655314,0.6853642463684082,0.5216591358184814
2019-10-31,4,FNMA,1.955264245018364,2.708861276557857,1.201667213478871,0.9703579545021057,0.3053816258907318
2019-10-31,5,FMCC,1.8792735002592216,2.6287620483023497,1.1297849522160932,0.9416799545288086,0.28861096501350403
2019-10-31,6,PODD,1.7439063379187623,1.2346754324259914,2.253137243411533,0.442553848028183,0.5506973266601562
2019-10-31,7,MKTX,1.4234008312865016,1.7149910339239758,1.1318106286490275,0.6145216822624207,0.2890835702419281
2019-10-31,8,TER,1.3937049761349622,1.2750438539248456,1.5123660983450788,0.4570069909095764,0.37786996364593506
2019-10-31,9,BLDR,1.3457496131832225,0.941507665518776,1.749991560847669,0.3375907242298126,0.43330973386764526
2019-10-31,10,GNRC,1.3145503261818563,0.9158705585109278,1.713230093852785,0.32841184735298157,0.4247330129146576
2019-10-31,11,KLAC,1.258568978980752,1.3314877417237228,1.1856502162377813,0.47721564769744873,0.3016447424888611
2019-10-31,12,CINF,1.2410828940428003,1.2326297379215079,1.2495360501640926,0.441821426153183,0.31654977798461914
2019-10-31,13,HSY,1.2279431035435344,1.2331500681765342,1.2227361389105347,0.44200772047042847,0.3102971613407135
2019-10-31,14,MLM,1.2034393502455263,1.169438204711785,1.2374404957792677,0.4191969037055969,0.31372779607772827
2019-10-31,15,KBH,1.1870436887953484,1.000371409475687,1.3737159681150095,0.3586657643318176,0.34552186727523804
2019-10-31,16,CPRT,1.170081204484347,1.2386561961095817,1.1015062128591124,0.44397908449172974,0.28201332688331604
2019-10-31,17,CMG,1.1647397112377622,1.715542911958022,0.6139365105175022,0.6147192716598511,0.16825972497463226
2019-10-31,18,BALL,1.1625648325459639,1.4287567862813053,0.8963728788106226,0.5120409727096558,0.23415420949459076
2019-10-31,19,NVR,1.1488523236630404,1.1394746402834848,1.158230007042596,0.408469021320343,0.2952474057674408
2019-10-31,20,LRCX,1.1373378039806887,1.240804608184806,1.0338709997765716,0.44474828243255615,0.26623353362083435
2019-11-30,1,ENPH,3.464082960820809,4.046170339640766,2.8819955820008523,1.4538912773132324,0.6602411866188049
2019-11-30,2,SEDG,2.449399735706123,2.0562958244870697,2.842503646925176,0.7855660915374756,0.6511958837509155
2019-11-30,3,GNRC,2.046381658114756,1.6343623597769545,2.4584009564525573,0.6438542604446411,0.5632203221321106
2019-11-30,4,BLDR,1.835989164209284,1.5106684685667104,2.1613098598518574,0.602310061454773,0.4951740503311157
2019-11-30,5,PODD,1.7403963125999051,1.203721469526046,2.277071155673764,0.4992179274559021,0.5216882228851318
2019-11-30,6,FNMA,1.581493090884252,2.21762481851164,0.9453613632568638,0.8397505283355713,0.21667104959487915
2019-11-30,7,FMCC,1.475279361412745,2.1551675633898606,0.7953911594356297,0.8187734484672546,0.18232160806655884
2019-11-30,8,LRCX,1.4663502644139204,1.718467412357554,1.2142331164702866,0.6721020340919495,0.2782539129257202
2019-11-30,9,KLAC,1.4558037800511037,1.6257752569614576,1.2858323031407495,0.6409701704978943,0.29465311765670776
2019-11-30,10,KBH,1.4410063611525277,1.4658026443372396,1.4162100779678155,0.5872412919998169,0.32451507449150085
2019-11-30,11,MKTX,1.3297325806103752,1.4195784865688057,1.239886674651945,0.57171630859375,0.28412964940071106
2019-11-30,12,BX,1.3225418568448837,1.3022026032394904,1.3428811104502767,0.5322940945625305,0.3077196776866913
2019-11-30,13,EW,1.2334016144111408,1.1445966037468174,1.3222066250754645,0.47936007380485535,0.302984356880188
2019-11-30,14,AMD,1.233206389442184,1.5702722294406468,0.8961405494437215,0.6223287582397461,0.20539742708206177
2019-11-30,15,CVNA,1.2301351960238769,1.9155823015303939,0.5446880905173598,0.7383056282997131,0.12490013241767883
2019-11-30,16,TER,1.2214191847469889,1.4545416440261119,0.988296725467866,0.5834591388702393,0.22650504112243652
2019-11-30,17,CCK,1.160239147558208,1.336205840901624,0.9842724542147918,0.5437145233154297,0.22558331489562988
2019-11-30,18,RMD,1.1477117861172086,0.7523111554576941,1.543112416776723,0.3476059138774872,0.3535810112953186
2019-11-30,19,AMAT,1.1093788131731241,1.269281560236437,0.9494760661098114,0.5212371349334717,0.21761348843574524
2019-11-30,20,CPRT,1.0867982637860394,1.2790319601969435,0.8945645673751352,0.5245119333267212,0.205036461353302
2019-12-31,1,ENPH,2.848999624078711,4.242257536915618,1.455741711241804,1.398716926574707,0.3657960891723633
2019-12-31,2,PODD,2.3203305472048936,2.256944063455071,2.3837170309547164,0.7941493391990662,0.5255630016326904
2019-12-31,3,BLDR,2.239452409685736,1.7186673946456301,2.760237424725842,0.6302333474159241,0.5903874635696411
2019-12-31,4,DXCM,2.2366898190325117,1.4943989222719378,2.9789807157930857,0.5619391202926636,0.6280478835105896
2019-12-31,5,CVNA,2.234870394574102,2.2410783276475716,2.228662461500633,0.7893179059028625,0.4988676905632019
2019-12-31,6,GNRC,2.074936671576647,1.4499706341753977,2.699902708977896,0.5484098196029663,0.5799998044967651
2019-12-31,7,SEDG,1.9274098686941703,2.0797384470671942,1.7750812903211461,0.7401866912841797,0.4207758903503418
2019-12-31,8,QRVO,1.7914851100246154,1.1584511953650858,2.424519024684145,0.4596363306045532,0.5325877666473389
2019-12-31,9,TGT,1.7907763615223167,1.6116223176270694,1.9699304054175637,0.5976359844207764,0.4543225169181824
2019-12-31,10,KLAC,1.7411533269730552,1.3981371746854716,2.084169479260639,0.5326254963874817,0.4739907383918762
2019-12-31,11,LRCX,1.6631676947513596,1.4695758513740274,1.8567595381286917,0.5543799996376038,0.434838205575943
2019-12-31,12,SPXC,1.6542977375811494,1.2237090113695732,2.0848864637927256,0.479508638381958,0.47411417961120605
2019-12-31,13,TER,1.582597341422813,1.5181922411887574,1.6470024416568687,0.5691846609115601,0.39872491359710693
2019-12-31,14,JBL,1.5742935623825907,1.1344529438643083,2.0141341809008733,0.4523283839225769,0.4619329571723938
2019-12-31,15,APO,1.5480345278394991,1.2935734065177542,1.8024956491612438,0.5007837414741516,0.4254957437515259
2019-12-31,16,AMD,1.524818624727264,1.6479333572142358,1.4017038922402918,0.6086934208869934,0.3564925491809845
2019-12-31,17,PAYC,1.4697235345221153,2.0617634910832585,0.8776835779609722,0.7347129583358765,0.2662734389305115
2019-12-31,18,BX,1.4424816822027786,1.3561299096366624,1.5288334547688947,0.5198334455490112,0.37838008999824524
2019-12-31,19,AMAT,1.436646489428554,1.154457065175742,1.718835913681366,0.4584200382232666,0.41109228134155273
2019-12-31,20,AAPL,1.424677011887904,1.021924207560015,1.8274298162157927,0.41806113719940186,0.42978858947753906
2020-01-31,1,ENPH,3.493264262267193,5.154667405133212,1.8318611194011742,1.7091587781906128,0.36001551151275635
2020-01-31,2,THC,2.683208025624782,1.9381737515320245,3.4282422997175392,0.7969604134559631,0.6101757884025574
2020-01-31,3,SEDG,2.429373679815725,2.642200905310992,2.2165464543204583,0.9966226816177368,0.4202974736690521
2020-01-31,4,CVNA,2.386113167425643,2.776292748570058,1.9959335862812277,1.0346511602401733,0.3857264220714569
2020-01-31,5,QRVO,2.2520079827708974,1.4169216918054588,3.0870942737363363,0.6491332054138184,0.5567163228988647
2020-01-31,6,AMD,2.2505966243837205,2.3367162177932284,2.1644770309742127,0.9099871516227722,0.4121379554271698
2020-01-31,7,LRCX,2.157671918241643,1.8974919341987435,2.4178519022845424,0.7854230403900146,0.4518429636955261
2020-01-31,8,BLDR,2.130650432163534,2.109198375585788,2.15210248874128,0.8454630374908447,0.41019880771636963
2020-01-31,9,KLAC,1.9305731941992552,1.64173294736956,2.2194134410289506,0.7128897309303284,0.42074674367904663
2020-01-31,10,SWKS,1.8685470954412953,1.28008543106008,2.4570087598225103,0.6103264093399048,0.4579790234565735
2020-01-31,11,TGT,1.8496578963858559,1.5751639045328314,2.1241518882388806,0.6940107345581055,0.4058188199996948
2020-01-31,12,TER,1.8488976732726292,1.8909820868085592,1.8068132597366995,0.7835768461227417,0.35609039664268494
2020-01-31,13,PODD,1.8379373262107657,1.8407893853806176,1.8350852670409135,0.7693421840667725,0.36052075028419495
2020-01-31,14,SPXC,1.763136319347655,1.2327720771250528,2.2935005615702573,0.5969083309173584,0.4323565363883972
2020-01-31,15,GNRC,1.7580896089233122,1.6140819638981898,1.9020972539484344,0.7050479054450989,0.3710218369960785
2020-01-31,16,APO,1.7490588257227677,1.6842720489214456,1.81384560252409,0.724953830242157,0.35719239711761475
2020-01-31,17,TSLA,1.7351931177252236,-0.06546192042530823,3.5358481558757555,0.22872886061668396,0.6270381212234497
2020-01-31,18,AAPL,1.7336377656741009,1.3718596933700007,2.095415837978201,0.636353611946106,0.40131574869155884
2020-01-31,19,FNMA,1.699417852998301,2.9346598030792403,0.46417590291736166,1.079564094543457,0.14569294452667236
2020-01-31,20,ARES,1.6941755640577758,1.7464140424449812,1.6419370856705704,0.742577314376831,0.330253541469574
2020-02-29,1,TSLA,3.800237329525081,1.9963305967311784,5.6041440623189835,0.7509360313415527,0.9905239939689636
2020-02-29,2,PODD,2.4159821512677357,2.3803163781078767,2.451647924427595,0.8712722063064575,0.4563677906990051
2020-02-29,3,ENPH,2.362010325854919,4.2984270210058435,0.4255936307039946,1.4723832607269287,0.11307491362094879
2020-02-29,4,SEDG,2.1591051749988894,2.1660769514786327,2.152133398519146,0.804132342338562,0.4056183099746704
2020-02-29,5,AMD,2.0053492791633034,1.6906981088972644,2.3200004494293425,0.6551547646522522,0.43406155705451965
2020-02-29,6,SMCI,1.9113318091912945,1.566013128624565,2.256650489758024,0.616080105304718,0.42332759499549866
2020-02-29,7,TDG,1.8187714664711452,1.5499180688430687,2.0876248640992214,0.6110361218452454,0.39468804001808167
2020-02-29,8,AAPL,1.8149778009505222,1.6272431683371344,2.00271243356391,0.6352688074111938,0.3803005516529083
2020-02-29,9,GNRC,1.8117000003598311,1.7427607506911802,1.880639250028482,0.6714705228805542,0.35961657762527466
2020-02-29,10,DXCM,1.7964259367343074,1.3066096222326804,2.2862422512359344,0.5347864031791687,0.4283415973186493
2020-02-29,11,BLDR,1.7652790363102209,1.6069564014450737,1.923601671175368,0.6289111971855164,0.3668960928916931
2020-02-29,12,PAYC,1.7203878690031196,2.037128940978782,1.403646797027457,0.7637217044830322,0.27879539132118225
2020-02-29,13,LRCX,1.6955516455004975,1.4690001862227922,1.9221031047782031,0.5856775045394897,0.36664217710494995
2020-02-29,14,APO,1.684817179793568,1.3237106232505202,2.045923736336616,0.5401456356048584,0.38762223720550537
2020-02-29,15,KBH,1.6504603956834611,1.418593191708583,1.8823275996583393,0.5698806047439575,0.35990265011787415
2020-02-29,16,CPRT,1.5820298565715445,1.8182257433046563,1.3458339698384327,0.6951202750205994,0.2689996361732483
2020-02-29,17,CVNA,1.5390290524039745,2.017734188531503,1.0603239162764457,0.7576436400413513,0.22062306106090546
2020-02-29,18,DAY,1.537049050305047,1.4373005795069405,1.6367975211031534,0.5757432579994202,0.3183002471923828
2020-02-29,19,QRVO,1.533569231339442,1.138831785503028,1.928306677175856,0.4822070002555847,0.36769330501556396
2020-02-29,20,PHM,1.5028587168717231,1.1541994445928256,1.8515179891506204,0.4870230257511139,0.3546822965145111
2020-03-31,1,TSLA,4.295049342818651,2.2597776518227297,6.330321033814573,0.7363272905349731,1.0854653120040894
2020-03-31,2,ENPH,4.041365025427788,5.1199801519284005,2.9627498989271746,1.6862356662750244,0.5010714530944824
2020-03-31,3,SEDG,2.8993840208399466,3.301302036856068,2.497466004823825,1.0822303295135498,0.4203280806541443
2020-03-31,4,UIS,2.760594271620057,0.4622415329014607,5.058947010338653,0.1393434703350067,0.8648365139961243
2020-03-31,5,DXCM,2.4572051284305165,2.100880703530037,2.813529553330996,0.6835556626319885,0.4751763939857483
2020-03-31,6,NVDA,2.287411769009484,1.7394117320827363,2.835411805936232,0.5635073781013489,0.47897374629974365
2020-03-31,7,AMD,2.1139458935781774,2.0269320396666775,2.2009597474896774,0.6589964032173157,0.368873655796051
2020-03-31,8,GNRC,1.9017790814174913,2.125962724320026,1.6775954385149567,0.6918857097625732,0.2780512571334839
2020-03-31,9,SIG,1.8507877429931057,-0.2993213849480451,4.000896870934256,-0.11358092725276947,0.6812270283699036
2020-03-31,10,LRCX,1.8434117629788793,1.644084977486014,2.042738548471745,0.5318481922149658,0.3414166271686554
2020-03-31,11,PODD,1.7213134847157066,2.1640327289426495,1.2785942404887634,0.7045292258262634,0.20881029963493347
2020-03-31,12,MRNA,1.7060718411863425,0.45654246453409714,2.9556012178385878,0.13745073974132538,0.4998309016227722
2020-03-31,13,DPZ,1.703995383930718,0.9819092192910666,2.4260815485703695,0.3119314908981323,0.4079403281211853
2020-03-31,14,GEN,1.6965756816452104,1.246572322876712,2.146579040413709,0.39982935786247253,0.35943666100502014
2020-03-31,15,QRVO,1.5877440486526697,1.1280305881130788,2.047457509192261,0.36046019196510315,0.3422355353832245
2020-03-31,16,PENN,1.5695862677074808,0.5663000181445638,2.572872517270398,0.17390257120132446,0.4334138035774231
2020-03-31,17,AAPL,1.5585832627146776,1.456760482665103,1.6604060427642522,0.4696354269981384,0.2750682830810547
2020-03-31,18,MSCI,1.4596472047106201,1.4884112451954519,1.4308831642257884,0.48014703392982483,0.23523786664009094
2020-03-31,19,DVA,1.4481843031438721,0.9776886809066955,1.9186799253810487,0.31052979826927185,0.31988802552223206
2020-03-31,20,AXON,1.3391642840966946,1.1349799886212506,1.5433485795721387,0.36276817321777344,0.2547546327114105
2020-04-30,1,ENPH,2.582037921394139,3.2220899771861733,1.9419858656021043,1.2522985935211182,0.37331488728523254
2020-04-30,2,TSLA,2.5073781422290855,1.901897576263688,3.1128587081944827,0.6272022724151611,0.7772342562675476
2020-04-30,3,DXCM,2.435338702427389,2.300109322124208,2.5705680827305697,0.8157510757446289,0.5901587009429932
2020-04-30,4,MRNA,2.042575381031898,1.393429736284871,2.6917210257789246,0.3864484429359436,0.6319531798362732
2020-04-30,5,AMD,1.9813969097597257,1.7975823237798227,2.1652114957396287,0.5778101682662964,0.45032167434692383
2020-04-30,6,NVDA,1.731019165560765,1.3954164369115445,2.066621894209985,0.3873891234397888,0.4163109362125397
2020-04-30,7,REGN,1.7210401115607155,0.9431399228439349,2.498940300277496,0.1732412576675415,0.565449059009552
2020-04-30,8,GNRC,1.6014087939801627,1.840435111375121,1.3623824765852046,0.598100483417511,0.173367440700531
2020-04-30,9,GEN,1.5725182750486617,1.3394343301386928,1.8056022199586308,0.3608822226524353,0.32626622915267944
2020-04-30,10,MSCI,1.5413932666809163,1.3889137122301511,1.6938728211316816,0.38431015610694885,0.2877226173877716
2020-04-30,11,UIS,1.5148273350851715,0.6968689027723612,2.332785767397982,0.05663468688726425,0.5081302523612976
2020-04-30,12,SEDG,1.505914462850444,2.2164204079423118,0.795408517758576,0.7761253118515015,-0.02222319506108761
2020-04-30,13,DVA,1.4909328992989155,1.2893806654304,1.6924851331674309,0.3371823728084564,0.28724390268325806
2020-04-30,14,VRTX,1.4826797588414966,1.120874476208213,1.8444850414747802,0.2573965787887573,0.3396797478199005
2020-04-30,15,BIIB,1.470864480309699,1.1929074800000923,1.7488214806193059,0.2915033996105194,0.3066784143447876
2020-04-30,16,DPZ,1.3833533393032038,1.0780012954117033,1.6887053831947045,0.2370966076850891,0.2859399914741516
2020-04-30,17,FTNT,1.315522466336201,0.9708096574273203,1.6602352752450817,0.18634256720542908,0.27611857652664185
2020-04-30,18,AXON,1.3153789712036263,1.1324704658341762,1.4982874765730765,0.2628871500492096,0.22025097906589508
2020-04-30,19,PODD,1.311441655714681,1.7499027675792442,0.8729805438501179,0.555234432220459,0.0045370496809482574
2020-04-30,20,ARES,1.3083471489940277,1.2787724242816383,1.3379218737064171,0.33215948939323425,0.16492919623851776
2020-05-31,1,ENPH,3.62305718993251,3.8887717860059574,3.357342593859062,1.5399470329284668,0.8797057867050171
2020-05-31,2,TSLA,3.2685621996968814,3.0845944900018205,3.452529909391942,1.1865355968475342,0.9093825221061707
2020-05-31,3,DXCM,2.8636597018684555,2.7019123973837376,3.0254070063531735,1.0183584690093994,0.7762175798416138
2020-05-31,4,MRNA,2.727573660732363,1.6798070497813493,3.775340271683377,0.5691742897033691,1.0100257396697998
2020-05-31,5,SEDG,1.9485422564400554,2.486853840301085,1.4102306725790257,0.9238467812538147,0.27265089750289917
2020-05-31,6,PODD,1.9254601814390289,2.2953037903030262,1.5556165725750317,0.8396663665771484,0.3179781436920166
2020-05-31,7,B,1.915110652655653,2.013463197249244,1.816758108062062,0.7158060073852539,0.3993947505950928
2020-05-31,8,AMD,1.8848165637714043,1.8405448563825062,1.9290882711603023,0.6398136615753174,0.43441614508628845
2020-05-31,9,NEM,1.872878324307893,1.8952577091774014,1.8504989394383846,0.6638582944869995,0.40991419553756714
2020-05-31,10,REGN,1.8128645925049853,1.3561445608608567,2.2695846241491138,0.42693448066711426,0.5405733585357666
2020-05-31,11,GEN,1.738485946873092,1.3799932245009696,2.0969786692452144,0.4374152421951294,0.48675966262817383
2020-05-31,12,NVDA,1.6117850526658961,1.4829937959182657,1.7405763094135265,0.4826808571815491,0.37564340233802795
2020-05-31,13,MSCI,1.4361024103130529,1.2554779543899937,1.6167268662361118,0.3826945722103119,0.3370306193828583
2020-05-31,14,WST,1.3913444273719853,1.3605113274237663,1.4221775273202042,0.4288535416126251,0.27637559175491333
2020-05-31,15,TTD,1.3806335033156323,1.0181718972302998,1.743095109400965,0.2784057855606079,0.3764286935329437
2020-05-31,16,MKTX,1.369630087532264,1.5177335048081704,1.2215266702563576,0.49794790148735046,0.2138182818889618
2020-05-31,17,HUM,1.3503318045992962,1.3172850651080428,1.3833785440905495,0.409856915473938,0.26427915692329407
2020-05-31,18,DVA,1.3466299618041027,1.199029326635953,1.4942305969722525,0.3578871190547943,0.2988397181034088
2020-05-31,19,BIO,1.3465469834624404,1.2496293774413878,1.443464589483493,0.3801243007183075,0.2830123007297516
2020-05-31,20,NOW,1.3184218808103367,0.9724777367151228,1.6643660249055507,0.25832459330558777,0.3518831729888916
2020-06-30,1,TSLA,3.472307584448335,3.7629659888023865,3.181649180094283,1.5062114000320435,0.928520917892456
2020-06-30,2,ENPH,3.3489513879658217,3.3686447766831127,3.329257999248531,1.3443937301635742,0.9785976409912109
2020-06-30,3,MRNA,3.21993958732363,2.7366603739763202,3.7032188006709394,1.0850461721420288,1.1054649353027344
2020-06-30,4,DXCM,2.4052880142478226,2.8643522682117153,1.9462237602839298,1.1374471187591553,0.5093992352485657
2020-06-30,5,SEDG,2.270588566182284,2.465930324640699,2.07524680772387,0.9739466309547424,0.5531706809997559
2020-06-30,6,NVDA,2.173591179158674,2.446133434613388,1.9010489237039605,0.9658225774765015,0.4940735399723053
2020-06-30,7,GEN,1.884123157491005,1.9510129230858024,1.8172333918962074,0.7626398801803589,0.4656388759613037
2020-06-30,8,REGN,1.8795658566638518,1.8192186996922228,1.9399130136354805,0.7085554599761963,0.5072582960128784
2020-06-30,9,BIGGQ,1.7230357403365342,1.0685313170602295,2.3775401636128386,0.4004957377910614,0.6557245850563049
2020-06-30,10,B,1.6198498169595352,1.7252151720107605,1.51448446190831,0.6699792146682739,0.36293041706085205
2020-06-30,11,WST,1.6164468221322745,1.648101870600994,1.5847917736635553,0.6383342146873474,0.38678237795829773
2020-06-30,12,NEM,1.6085740915461697,1.514289453479438,1.7028587296129012,0.5834215879440308,0.42683693766593933
2020-06-30,13,AMD,1.5587872801819531,1.735903828105888,1.3816707322580182,0.6743655204772949,0.3178729712963104
2020-06-30,14,ODFL,1.5138412340236647,1.7153201402790488,1.3123623277682803,0.6659185886383057,0.29435989260673523
2020-06-30,15,ETSY,1.5075927476823052,0.7312372588344394,2.283948236530171,0.2620803117752075,0.6239732503890991
2020-06-30,16,FTNT,1.477783749979443,1.6828675270347686,1.2726999729241173,0.6526010036468506,0.2809043228626251
2020-06-30,17,PENN,1.465551209099111,1.4431313849621343,1.4879710332360878,0.55422043800354,0.3539356589317322
2020-06-30,18,LULU,1.4130384266200902,1.5414908413878945,1.284586011852286,0.5945842266082764,0.28493669629096985
2020-06-30,19,MPWR,1.3996168612341906,1.5532429889890491,1.2459907334793319,0.5994069576263428,0.2718431353569031
2020-06-30,20,CIEN,1.3806293009331667,1.2096752459277527,1.5515833559385808,0.45841699838638306,0.3755163252353668
2020-07-31,1,MRNA,4.016520784730033,3.950848306052922,4.082193263407143,1.4784014225006104,1.1886723041534424
2020-07-31,2,TSLA,3.775209650493773,4.194884425132986,3.3555348758545596,1.5753079652786255,0.948269784450531
2020-07-31,3,DXCM,2.5442365059813024,2.7342876758664145,2.35418533609619,0.9953061938285828,0.6169903874397278
2020-07-31,4,ENPH,2.4716797966006596,2.64319595014584,2.300163643055479,0.9591337442398071,0.5991182327270508
2020-07-31,5,ETSY,2.3712504555049754,1.6095794789388824,3.1329214320710683,0.5486854910850525,0.8746219277381897
2020-07-31,6,NVDA,2.143662207895682,2.3468316180720223,1.940492797719342,0.8414477109909058,0.4801272749900818
2020-07-31,7,REGN,1.9933911558829331,1.9639007794701528,2.022881532295713,0.6893861889839172,0.507384181022644
2020-07-31,8,SEDG,1.9351649951707781,2.238334579656524,1.631995410685032,0.7983636260032654,0.37806618213653564
2020-07-31,9,CRWD,1.898312532486298,1.1956201633684074,2.6010049016041883,0.3843025863170624,0.6986464262008667
2020-07-31,10,TTD,1.7645277879998442,1.686432404638192,1.8426231713614967,0.579203724861145,0.4477487802505493
2020-07-31,11,WST,1.7415827718267995,1.7400720426049145,1.7430935010486843,0.6005039811134338,0.4148210883140564
2020-07-31,12,B,1.6170901362480148,1.604670603773954,1.6295096687220756,0.5467361807823181,0.3772438168525696
2020-07-31,13,PYPL,1.6079724499225834,1.2858955694465999,1.9300493303985669,0.42015087604522705,0.4766722321510315
2020-07-31,14,XYZ,1.6054018471153217,1.1580626302622021,2.0527410639684414,0.36938852071762085,0.5172626972198486
2020-07-31,15,CVNA,1.5834455255984685,1.8711412910307208,1.2957497601662165,0.6525514721870422,0.2668250501155853
2020-07-31,16,BIGGQ,1.54475597439683,1.3430979094215525,1.7464140393721075,0.44286587834358215,0.41591963171958923
2020-07-31,17,NEM,1.5139296444498922,1.455232249617693,1.5726270392820916,0.4873943328857422,0.35842517018318176
2020-07-31,18,MPWR,1.5130751989730635,1.6558960309972595,1.3702543669488674,0.5670777559280396,0.2914736270904541
2020-07-31,19,LULU,1.4996449718300422,1.6101509101935572,1.3891390334665272,0.5489124059677124,0.2977212965488434
2020-07-31,20,ODFL,1.4807661994190193,1.5805394536504196,1.380992945187619,0.5371537208557129,0.2950263023376465
2020-08-31,1,MRNA,4.125547165763981,4.239176310991281,4.011918020536681,1.7328033447265625,1.2845029830932617
2020-08-31,2,TSLA,3.4587934402952314,4.347744408684027,2.5698424719064366,1.77863609790802,0.7881121635437012
2020-08-31,3,DXCM,2.2779912589073246,2.5534655137478652,2.002517004066784,1.0211691856384277,0.592827558517456
2020-08-31,4,CVNA,2.2367761606172643,2.245401881082618,2.22815044015191,0.891118049621582,0.6704950332641602
2020-08-31,5,SEDG,2.22204991528722,2.473562818569948,1.9705370120044918,0.9874377250671387,0.5818194150924683
2020-08-31,6,ETSY,2.16813581195319,1.4821562067374734,2.8541154171689067,0.5689087510108948,0.8859645128250122
2020-08-31,7,NVDA,2.155722524582268,2.3272350780119626,1.984209971152574,0.925664484500885,0.5865259170532227
2020-08-31,8,ENPH,2.0545728028437997,1.941394659981659,2.167750945705941,0.7627793550491333,0.6497043371200562
2020-08-31,9,AMD,2.037944833274144,2.345294369134598,1.73059529741369,0.9332883358001709,0.49922674894332886
2020-08-31,10,REGN,1.9808874686288913,1.862505149954641,2.0992697873031414,0.7294756174087524,0.6261317729949951
2020-08-31,11,IAC,1.9275427094113629,1.7042868853347677,2.150798533487958,0.6626827120780945,0.6438689827919006
2020-08-31,12,WST,1.8014623838483619,1.735775115430689,1.867149652266035,0.6759756803512573,0.5462314486503601
2020-08-31,13,GNRC,1.7395170012577772,1.9800764199344856,1.4989575825810686,0.7791091203689575,0.4194924831390381
2020-08-31,14,PYPL,1.676764129123952,1.4950729055034766,1.858455352744427,0.5743616223335266,0.5432386994361877
2020-08-31,15,NEM,1.6148624680939103,1.682491826945182,1.5472331092426383,0.6534817814826965,0.43610987067222595
2020-08-31,16,TTD,1.5962888394609938,1.4109405576547849,1.7816371212672026,0.5388445854187012,0.516796350479126
2020-08-31,17,XYZ,1.5783320625533381,1.2697530798053003,1.8869110453013758,0.47924134135246277,0.553033709526062
2020-08-31,18,B,1.5582699411561591,1.524330179834438,1.5922097024778803,0.5867127776145935,0.45159170031547546
2020-08-31,19,MPWR,1.550650896090184,1.5357374078021886,1.5655643843781792,0.5915284156799316,0.4424198567867279
2020-08-31,20,AAPL,1.5076350651546622,1.7987649887481363,1.216505141561188,0.7025672793388367,0.3222667872905731
2020-09-30,1,TSLA,5.153975341855773,6.146044273707639,4.1619064100039065,2.401872396469116,1.3164070844650269
2020-09-30,2,MRNA,3.2171764691118767,3.5859235794864004,2.8484293587373526,1.417123794555664,0.9172929525375366
2020-09-30,3,BIGGQ,2.7466225438901324,1.9496220443354741,3.54362304344479,0.787721574306488,1.1285350322723389
2020-09-30,4,CVNA,2.7131305506654293,2.446045899499946,2.980215201830913,0.9786706566810608,0.957337498664856
2020-09-30,5,NVDA,2.502941966046759,2.9252028932090894,2.080681038884429,1.1629780530929565,0.6840043663978577
2020-09-30,6,RRC,2.4694377951860886,1.8488383295426098,3.090037260829567,0.7489551901817322,0.9907081127166748
2020-09-30,7,AMD,2.38221672245042,2.6587326802191322,2.1057007646817074,1.0604804754257202,0.691606879234314
2020-09-30,8,XYZ,2.166732246801742,2.365970207730211,1.9674942858732722,0.947869598865509,0.6496113538742065
2020-09-30,9,ETSY,2.127486264815352,2.0300725805160935,2.2248999491146106,0.8186668157577515,0.7278268337249756
2020-09-30,10,AAPL,2.1086676238947453,2.2810374993359366,1.9362977484535542,0.9152002930641174,0.640131950378418
2020-09-30,11,SEDG,2.0990820952823213,2.483553739309365,1.7146104512552776,0.9930980205535889,0.5727698802947998
2020-09-30,12,EQT,2.0917127692192254,1.0806594045741196,3.1027661338643315,0.4534757137298584,0.9945759177207947
2020-09-30,13,PENN,2.0402609694102405,2.4506402616075573,1.6298816772129239,0.9804378747940063,0.547024130821228
2020-09-30,14,GNRC,2.030531081219336,2.216401864242731,1.8446602981959408,0.8903382420539856,0.6122869253158569
2020-09-30,15,IAC,2.009438940010135,1.4714680964600038,2.547409783560266,0.6037999987602234,0.8258249163627625
2020-09-30,16,ENPH,1.8588712348188183,2.388801316025572,1.328941153612065,0.9566515684127808,0.45558011531829834
2020-09-30,17,YELLQ,1.821949619002563,1.587914853091556,2.0559843849135704,0.648591160774231,0.6765000224113464
2020-09-30,18,WST,1.786572156465128,1.650409892611402,1.9227344203188543,0.6726298332214355,0.6360105872154236
2020-09-30,19,DXCM,1.7576803737967404,2.261873636938877,1.2534871106546037,0.9078289270401001,0.4326525926589966
2020-09-30,20,PYPL,1.7285035295321642,1.5317816313843844,1.925225427679944,0.62699955701828,0.6367675065994263
2020-10-31,1,TSLA,4.689005371048474,5.0812031060187985,4.296807636078148,2.1866607666015625,1.4094263315200806
2020-10-31,2,PENN,4.382805623760721,3.183106849693702,5.582504397827739,1.361836552619934,1.7486841678619385
2020-10-31,3,CVNA,3.55345586026834,2.8516160057610946,4.255295714775586,1.2177860736846924,1.398472547531128
2020-10-31,4,MRNA,2.8474331329504796,3.4816659577025715,2.2132003081983878,1.4915764331817627,0.8596231937408447
2020-10-31,5,ENPH,2.791980970472731,3.06944838630311,2.514513554642353,1.312445878982544,0.939130961894989
2020-10-31,6,XYZ,2.758148326906441,2.269114426311743,3.247182227501139,0.9646580219268799,1.1324608325958252
2020-10-31,7,DDOG,2.7487071425894456,2.58707825644631,2.9103360287325812,1.1028302907943726,1.043576955795288
2020-10-31,8,SEDG,2.7308179700407953,2.4569031747885837,3.0047327652930074,1.046262264251709,1.0684854984283447
2020-10-31,9,ETSY,2.56723228501399,1.8136698023320126,3.320794767695967,0.766743004322052,1.1518850326538086
2020-10-31,10,TTD,2.5466354355605887,2.3905640217014854,2.7027068494196915,1.0174343585968018,0.9887896776199341
2020-10-31,11,CZR,2.4699612997139098,0.8334806010436726,4.106441998384147,0.34079843759536743,1.3591943979263306
2020-10-31,12,BIGGQ,2.446347989675962,1.5497409195174252,3.342955059834499,0.6520518064498901,1.1577324867248535
2020-10-31,13,GME,2.2356240223983055,1.4621981517274516,3.0090498930691596,0.6140097975730896,1.069624662399292
2020-10-31,14,CRWD,2.1983679522647965,2.020312837866902,2.376423066662691,0.8565404415130615,0.9026929140090942
2020-10-31,15,NVDA,2.1745464249032476,2.664465339500726,1.6846275103057688,1.1364591121673584,0.7201482653617859
2020-10-31,16,RRC,2.1604297096103893,1.3258492268526947,2.995010192368084,0.5547589063644409,1.0659199953079224
2020-10-31,17,BBWI,2.0142036426336083,1.2368681679789018,2.791539117288315,0.5160918831825256,1.0122299194335938
2020-10-31,18,GNRC,1.929814075352441,2.131696315951732,1.72793183475315,0.904942512512207,0.7315750122070312
2020-10-31,19,BLDR,1.8915278209512794,1.1097419452007418,2.673313696701817,0.46084874868392944,0.9810336828231812
2020-10-31,20,IAC,1.8669447414490792,1.555780068681022,2.178109414217136,0.6546761393547058,0.8503637313842773
2020-11-30,1,TSLA,3.8344520141874208,4.440121233227641,3.2287827951472,1.8182275295257568,0.9088449478149414
2020-11-30,2,ENPH,3.2429317170085192,3.962818156234286,2.5230452777827526,1.6190670728683472,0.7393613457679749
2020-11-30,3,PENN,3.1843980797884237,2.3095057374693546,4.059290422107493,0.9292025566101074,1.1082922220230103
2020-11-30,4,SEDG,2.835547478298983,2.7417862865543667,2.9293086700435995,1.1095768213272095,0.8369259238243103
2020-11-30,5,XYZ,2.6748405262002035,2.2988404922802794,3.0508405601201276,0.9247523546218872,0.8661119341850281
2020-11-30,6,BBWI,2.6184337555319703,1.668691661204129,3.568175849859812,0.6618151664733887,0.9903505444526672
2020-11-30,7,CVNA,2.500707117665942,2.064113390325343,2.9373008450065416,0.8268096446990967,0.8388452529907227
2020-11-30,8,DDOG,2.409292398479679,2.464510195917119,2.3540746010422384,0.993880033493042,0.6987828612327576
2020-11-30,9,TTD,2.3816657606582803,2.568040868745402,2.1952906525711584,1.0370794534683228,0.6606507301330566
2020-11-30,10,GNRC,2.2952757747200963,1.9458187623858003,2.6447327870543917,0.7774497866630554,0.7685847282409668
2020-11-30,11,ETSY,2.2762742731028105,2.4920951007947267,2.060453445410894,1.0053901672363281,0.6282694339752197
2020-11-30,12,BIGGQ,2.2743834892519867,2.0954735994420823,2.4532933790618907,0.8398950695991516,0.722610354423523
2020-11-30,13,MRNA,2.2309665040721156,3.4217141660487025,1.0402188420955287,1.3932849168777466,0.38325902819633484
2020-11-30,14,CRWD,2.110995755054873,2.260535203258801,1.961456306850945,0.9087690114974976,0.6044951677322388
2020-11-30,15,NVDA,1.9861582567822116,2.277890832092508,1.6944256814719154,0.916010856628418,0.5403674840927124
2020-11-30,16,FDX,1.9264967862137539,1.3942895100268344,2.4587040624006735,0.5473175644874573,0.7239097356796265
2020-11-30,17,FCX,1.8543092246678177,1.4541552731498357,2.2544631761857996,0.5722972750663757,0.6748610734939575
2020-11-30,18,IAC,1.8347024301704824,1.570395332211576,2.099009528129389,0.6207998394966125,0.6375287175178528
2020-11-30,19,SIG,1.8296393131065734,0.9040420634304897,2.755236562782657,0.34275591373443604,0.7951223254203796
2020-11-30,20,ALGN,1.816950321480351,1.3385220282849182,2.295378614675784,0.5240479111671448,0.6846869587898254
2020-12-31,1,TSLA,5.08610869137134,5.866919897360792,4.305297485381887,2.1519439220428467,1.2234230041503906
2020-12-31,2,MRNA,4.209618103782293,5.479136951556212,2.940099256008374,2.015164852142334,0.9096999764442444
2020-12-31,3,ENPH,3.8264791881234537,4.959056018353048,2.6939023578938586,1.831721544265747,0.8531238436698914
2020-12-31,4,GME,3.7934558132137193,2.4879501869998837,5.098961439427555,0.9601113796234131,1.4058072566986084
2020-12-31,5,TTD,3.42815514822351,3.2535009903710597,3.6028093060759607,1.2301369905471802,1.0619909763336182
2020-12-31,6,YELLQ,3.1932931470159573,1.3068788376223406,5.079707456409574,0.5435230731964111,1.4013826847076416
2020-12-31,7,XYZ,3.0360011461626053,2.9294130324041983,3.142589259921012,1.1158244609832764,0.9562322497367859
2020-12-31,8,CVNA,2.895575606839187,2.501982733945555,3.2891684797328193,0.9650609493255615,0.989916205406189
2020-12-31,9,ETSY,2.720863104305532,3.4779656383516824,1.963760570259381,1.3093103170394897,0.6853370070457458
2020-12-31,10,PENN,2.598318766202816,2.9177128218379123,2.27892471056772,1.1116975545883179,0.7577618360519409
2020-12-31,11,FOSL,2.576408395643317,0.7505241761295572,4.4022926151570765,0.34728527069091797,1.2457125186920166
2020-12-31,12,SEDG,2.574105250460498,3.240630724951066,1.9075797759699298,1.2255973815917969,0.6724266409873962
2020-12-31,13,FCX,2.461431393248279,1.8189848432242628,3.103877943272295,0.724153459072113,0.9473363757133484
2020-12-31,14,SIG,2.397467278930741,1.2238889287489318,3.57104562911255,0.5142508149147034,1.0546916723251343
2020-12-31,15,BBWI,2.295416583323691,1.8048495531602993,2.7859836134870823,0.7191676497459412,0.8742841482162476
2020-12-31,16,CRWD,1.9634197940436429,2.5211548026013135,1.4056847854859724,0.9718233346939087,0.5570909976959229
2020-12-31,17,FDX,1.950612664041009,1.4653557039675706,2.4358696241144475,0.5994211435317993,0.7938278317451477
2020-12-31,18,GNRC,1.9233725608375813,1.9868650706886983,1.8598800509864644,0.7833682894706726,0.6614652276039124
2020-12-31,19,IAC,1.8382282607988019,2.0433959228356446,1.633060598761959,0.8033078908920288,0.6093420386314392
2020-12-31,20,AMD,1.7778667979677087,2.2084799490198534,1.3472536469155643,0.86153644323349,0.543663501739502
2021-01-31,1,TSLA,5.119410137870164,5.935589649809121,4.303230625931207,2.132314920425415,1.1840451955795288
2021-01-31,2,ENPH,5.06905087819519,5.270885257004812,4.867216499385569,1.9043840169906616,1.3052657842636108
2021-01-31,3,GME,4.320142491973425,3.0154358436091706,5.62484914033768,1.1309776306152344,1.4681079387664795
2021-01-31,4,PENN,3.4496439480382364,3.2680830504819975,3.631204845594475,1.2176117897033691,1.0396029949188232
2021-01-31,5,CRWD,3.104010049165701,3.9350464376312715,2.2729736607001305,1.4463173151016235,0.7476708889007568
2021-01-31,6,SEDG,2.9582620700422595,3.2480531615654873,2.6684709785190313,1.2107434272766113,0.8326773047447205
2021-01-31,7,MRNA,2.8310655590806273,4.603148708356123,1.0589824098051317,1.6754133701324463,0.4867410659790039
2021-01-31,8,XYZ,2.770587784736132,3.3529590790055046,2.1882164904667594,1.2467162609100342,0.7294535636901855
2021-01-31,9,ETSY,2.4826237647063083,3.7716660100632535,1.193581519349363,1.3902932405471802,0.5156711935997009
2021-01-31,10,TTD,2.4755546844382073,3.0009950362691447,1.95011433260727,1.1260257959365845,0.6782769560813904
2021-01-31,11,BBWI,2.439018065595591,1.8498557732275165,3.0281803579636657,0.7312936186790466,0.9099916219711304
2021-01-31,12,IAC,2.353890656769126,2.5724619317487263,2.1353193817895253,0.9790793657302856,0.7180840969085693
2021-01-31,13,CLF,2.347760251196336,1.3886117492086736,3.306908753183998,0.5731304287910461,0.9699002504348755
2021-01-31,14,CVNA,2.2544572485394996,2.506289354326523,2.0026251427524757,0.9563884139060974,0.6895633935928345
2021-01-31,15,FCX,2.144955952683088,1.724854957338439,2.565056948027737,0.68843013048172,0.8104499578475952
2021-01-31,16,YELLQ,2.0924763677564444,1.3278829379372559,2.857069797575633,0.5523061752319336,0.8732138872146606
2021-01-31,17,BSET,2.04801986901851,0.419811840131728,3.676227897905292,0.2409234493970871,1.049280047416687
2021-01-31,18,PBI,1.9946045556846586,1.101532434625369,2.887676676743948,0.4746893048286438,0.8797923922538757
2021-01-31,19,GNRC,1.8951885784013265,2.0960115870707416,1.6943655697319113,0.8157018423080444,0.623307466506958
2021-01-31,20,SIG,1.878652059408463,0.41940939809901184,3.337894720717914,0.24078544974327087,0.9765602350234985
2021-02-28,1,GME,12.899788621758923,11.46280618477888,14.336771058738965,4.438353061676025,4.395033836364746
2021-02-28,2,MRNA,3.747188126626422,5.337780983435155,2.1565952698176893,2.13330340385437,0.848800539970398
2021-02-28,3,ENPH,3.6859906408319745,4.333357597708229,3.0386236839557204,1.7553056478500366,1.1056013107299805
2021-02-28,4,TSLA,3.6090461613737546,4.47359152664003,2.744500796107479,1.8080803155899048,1.019968032836914
2021-02-28,5,PENN,3.033869863985627,2.980499276203282,3.087240451767973,1.2461802959442139,1.1197559833526611
2021-02-28,6,FOSL,3.011841756937539,1.7087355813691658,4.314947932505912,0.7675735354423523,1.4772005081176758
2021-02-28,7,PBI,2.5336721315076653,2.2349346484771377,2.8324096145381934,0.9655996561050415,1.045562505722046
2021-02-28,8,SIG,2.421804823220323,1.0332679618907488,3.8103416845498974,0.5133727192878723,1.3302854299545288
2021-02-28,9,CLF,2.3793462769627682,1.7885650471608727,2.9701275067646637,0.7976160049438477,1.0856587886810303
2021-02-28,10,DDS,2.2406359185144873,0.6949330898660775,3.786338747162897,0.3860461115837097,1.3232970237731934
2021-02-28,11,CRWD,2.2399124087220517,3.022546077598676,1.457278739845427,1.2620038986206055,0.6451959609985352
2021-02-28,12,ETSY,2.215740982347551,3.4047016370786056,1.0267803276164968,1.405821681022644,0.5198572278022766
2021-02-28,13,CVNA,1.9364364582977553,2.8382326639060977,1.0346402526894127,1.1926406621932983,0.5221456289291382
2021-02-28,14,FCX,1.8917839005869554,2.0222324057540133,1.7613353954198974,0.8855527639389038,0.7337214350700378
2021-02-28,15,UIS,1.849627771811545,2.0614286356042797,1.6378269080188104,0.9003036022186279,0.6977621912956238
2021-02-28,16,TTD,1.7530859851358787,2.448014792284087,1.0581571779876704,1.0457887649536133,0.5289925336837769
2021-02-28,17,SEDG,1.7473540333369233,2.5404301380532117,0.9542779286206349,1.080567717552185,0.4987483024597168
2021-02-28,18,XYZ,1.7394617691859573,2.4904192217797645,0.9885043165921502,1.0617469549179077,0.5087132453918457
2021-02-28,19,IAC,1.714481387050116,2.6047135515051028,0.8242492225951293,1.104759693145752,0.4608907103538513
2021-02-28,20,YELLQ,1.6751851210490782,1.883368803803457,1.4670014382946996,0.8332937955856323,0.648026704788208
2021-03-31,1,GME,9.202704358702634,9.370820390211456,9.034588327193813,3.341486692428589,2.7233026027679443
2021-03-31,2,MRNA,3.46271095095525,4.608555493971948,2.316866407938553,1.7867978811264038,0.8695050477981567
2021-03-31,3,PENN,2.723099377078313,3.3163099888596905,2.1298887652969354,1.3649314641952515,0.8179073929786682
2021-03-31,4,ENPH,2.603538973733995,3.05497775060872,2.1521001968592697,1.2796169519424438,0.8240367770195007
2021-03-31,5,FOSL,2.528750794212228,2.791065674914175,2.2664359135102807,1.19346022605896,0.855588436126709
2021-03-31,6,IAC,2.455945050226131,3.534356827149741,1.3775332733025212,1.436115026473999,0.6102901697158813
2021-03-31,7,FCX,2.43268952732973,2.8880839948782113,1.977295059781249,1.2251328229904175,0.7757982015609741
2021-03-31,8,ETSY,2.304433098719108,3.232871874773438,1.3759943226647784,1.3376922607421875,0.6098654866218567
2021-03-31,9,PSKY,2.2362421746973835,2.2093691133728597,2.263115236021908,1.0035595893859863,0.8546720743179321
2021-03-31,10,SIG,2.230180061260068,1.4581049306119243,3.0022551919082114,0.7583019137382507,1.0586423873901367
2021-03-31,11,TSLA,2.1839464378486495,4.099518693817382,0.26837418187991663,1.6206177473068237,0.30421075224876404
2021-03-31,12,CRWD,2.102200639839832,3.0774458890238865,1.1269553906557779,1.2869518995285034,0.5411416292190552
2021-03-31,13,CPRI,2.0151195216961426,0.9485485113940594,3.081690531998226,0.5919521450996399,1.0805630683898926
2021-03-31,14,TPR,1.9742286493607744,0.9734936954282619,2.9749636032932867,0.6000957489013672,1.051111102104187
2021-03-31,15,GNRC,1.9301235988940642,2.6981484383653944,1.1620987594227339,1.1631264686584473,0.5508396625518799
2021-03-31,16,BIGGQ,1.9207224131033214,3.546498312641441,0.2949465135652017,1.4400787353515625,0.3115435540676117
2021-03-31,17,WBD,1.8488468845585195,1.354156104666242,2.343537664450797,0.7243667840957642,0.8768651485443115
2021-03-31,18,ALGN,1.7845536116104386,2.0589505318503063,1.5101566913705706,0.9544539451599121,0.6468884348869324
2021-03-31,19,CLF,1.7285652923677775,1.7301138252102353,1.7270167595253196,0.8471019268035889,0.7067323327064514
2021-03-31,20,BBWI,1.6919913384739191,1.9707651882261634,1.4132174887216749,0.9256649613380432,0.6201374530792236
2021-04-30,1,GME,8.910372933780671,8.757199970411193,9.063545897150151,3.9933133125305176,2.9236886501312256
2021-04-30,2,SIG,3.4803671530548996,4.129081543304553,2.831652762805246,2.1960179805755615,1.1315745115280151
2021-04-30,3,NBR,3.034662117757848,2.508701700147555,3.5606225353681413,1.5667555332183838,1.341205358505249
2021-04-30,4,WFRD,2.929132301078617,0.43475934063847277,5.423505261518762,0.761355459690094,1.8769171237945557
2021-04-30,5,CLF,2.7866582589791538,2.706108824081991,2.867207693876317,1.6434171199798584,1.1417990922927856
2021-04-30,6,TPL,2.7675874151505107,2.202973969216415,3.332200861084606,1.4480284452438354,1.2755178213119507
2021-04-30,7,RIG,2.7014939306976666,1.3544942167542962,4.048493644641037,1.1185276508331299,1.4815031290054321
2021-04-30,8,CAR,2.575494032078838,2.72885249554548,2.422135568612197,1.6522494554519653,1.013809084892273
2021-04-30,9,KSS,2.5412346414974336,2.108818159239744,2.9736511237551233,1.411463737487793,1.172409176826477
2021-04-30,10,CPRI,2.49603899923634,2.473810634707022,2.518267363765658,1.5532058477401733,1.0414538383483887
2021-04-30,11,YELLQ,2.22013562285158,2.735474132952708,1.7047971127504518,1.6548209190368652,0.8075230717658997
2021-04-30,12,TRGP,2.1162347806883735,2.4612242744561685,1.7712452869205781,1.5483180284500122,0.8266316652297974
2021-04-30,13,PENN,2.0448291632765927,3.919885565678254,0.16977276087493157,2.1147782802581787,0.3660939931869507
2021-04-30,14,M,2.0367212582387944,1.5465726584879964,2.5268698579895923,1.1931198835372925,1.0439276695251465
2021-04-30,15,FCX,2.0205484706394277,2.5552741799821654,1.48582276129669,1.5848416090011597,0.7445523142814636
2021-04-30,16,CAL,2.0112696262955723,2.2280506082889593,1.7944886443021855,1.4577667713165283,0.8333157896995544
2021-04-30,17,BBWI,2.0014644209733206,2.7934176810955074,1.209511160851134,1.6773228645324707,0.6650930047035217
2021-04-30,18,BFH,1.9720007595240934,1.6122116230770338,2.331789895971153,1.2186102867126465,0.987828254699707
2021-04-30,19,ANF,1.9628933022568424,1.8945697718927288,2.0312168326209563,1.3282619714736938,0.9013920426368713
2021-04-30,20,ENPH,1.9364055354505987,2.629910111367756,1.2429009595334415,1.6138259172439575,0.6746949553489685
2021-05-31,1,GME,8.753229741817023,8.427987249125273,9.078472234508771,3.410980701446533,2.8081820011138916
2021-05-31,2,SIG,3.008695808604467,3.7115027797436735,2.30588883746526,1.7816020250320435,0.9864797592163086
2021-05-31,3,NBR,3.0042274530743156,3.483136179431499,2.525318726717132,1.702709436416626,1.0455024242401123
2021-05-31,4,CAR,2.8667578142862085,3.455955750973025,2.277559877599392,1.69331955909729,0.9788597822189331
2021-05-31,5,WFRD,2.8546574659746478,1.0344552167796155,4.67485971516968,0.8567767143249512,1.6236900091171265
2021-05-31,6,RIG,2.8483600300621017,1.224762902479452,4.471957157644751,0.9225212931632996,1.5691128969192505
2021-05-31,7,BSET,2.6203115256767027,3.366124517734432,1.8744985336189735,1.6622860431671143,0.87044358253479
2021-05-31,8,YELLQ,2.5984164430553625,3.398911979277683,1.7979209068330415,1.6736129522323608,0.8498455882072449
2021-05-31,9,BBWI,2.4171333282585645,3.5113048867228116,1.3229617697943177,1.7124407291412354,0.7220901846885681
2021-05-31,10,TPL,2.3778839110129404,1.4829281455113317,3.2728396765145487,1.0117082595825195,1.2465720176696777
2021-05-31,11,MRNA,2.3736383500110447,2.4851940224182507,2.2620826776038383,1.3579556941986084,0.974696695804596
2021-05-31,12,CZR,2.244731464398544,2.9486840274510575,1.5407789013460305,1.5180751085281372,0.7806790471076965
2021-05-31,13,CAL,2.2404965982680167,1.681477296820146,2.7995158997158875,1.080299973487854,1.1192564964294434
2021-05-31,14,ANF,2.229459012615202,2.2164346304386027,2.2424833947918015,1.2651088237762451,0.969424843788147
2021-05-31,15,CPRI,2.228135471473932,2.271717857928238,2.1845530850196258,1.2842072248458862,0.9538426399230957
2021-05-31,16,KSS,2.166878588940666,1.912553727325856,2.4212034505554763,1.1601287126541138,1.0174973011016846
2021-05-31,17,FCX,2.149118788362494,2.763198169359698,1.5350394073652898,1.4539963006973267,0.7791352272033691
2021-05-31,18,CLF,2.0595913981995997,2.6228615398882744,1.4963212565109252,1.4055149555206299,0.7687207460403442
2021-05-31,19,SBNY,1.987284111487891,1.0910541939862952,2.8835140289894867,0.8763296604156494,1.141850471496582
2021-05-31,20,MTW,1.9777442189528476,1.1852995553078767,2.7701888825978185,0.9088881015777588,1.1113680601119995
2021-06-30,1,GME,10.378959148898161,9.917245505061834,10.840672792734491,4.001494407653809,2.5956873893737793
2021-06-30,2,WFRD,3.8692571503673627,3.622548402960379,4.1159658977743465,1.7578579187393188,1.1292492151260376
2021-06-30,3,DDS,3.299564443813441,2.886904795156502,3.7122240924703798,1.4956504106521606,1.0412063598632812
2021-06-30,4,CAR,2.8844271715621375,2.634940147052979,3.1339141960712955,1.4058419466018677,0.9150959253311157
2021-06-30,5,SIG,2.8552768484590088,3.5944391378807516,2.1161145590372654,1.7478388547897339,0.6931471824645996
2021-06-30,6,BSET,2.629644779865237,3.203528512205355,2.055761047525119,1.6085054874420166,0.6799860596656799
2021-06-30,7,FCX,2.3773832665229984,3.044776683447815,1.7099898495981818,1.5519211292266846,0.6045846939086914
2021-06-30,8,CAL,2.36026008726245,2.272567218132328,2.4479529563925717,1.27668035030365,0.7655102610588074
2021-06-30,9,ANF,2.2955820604121384,2.342119973471361,2.2490441473529157,1.30147123336792,0.7221347689628601
2021-06-30,10,BBWI,2.213461398716312,2.7931765868867426,1.6337462105458818,1.462242603302002,0.5879584550857544
2021-06-30,11,MTW,2.1726327540969614,1.5405714669096506,2.8046940412842725,1.015773057937622,0.8433037996292114
2021-06-30,12,TPL,2.140850345128598,1.284717655859903,2.9969830343972927,0.9245783686637878,0.8852357268333435
2021-06-30,13,THC,2.1223088682485094,1.8421766637624126,2.402441072734606,1.1232750415802002,0.7555856108665466
2021-06-30,14,CLF,2.0891932861764353,2.4760746049702713,1.7023119673825988,1.3492170572280884,0.6029103994369507
2021-06-30,15,IVZ,1.97806308928153,2.3726874530803563,1.5834387254827038,1.3123664855957031,0.5769880414009094
2021-06-30,16,SBNY,1.9310190180279294,1.2290136784970338,2.633024357558825,0.9047236442565918,0.8058682680130005
2021-06-30,17,RIG,1.9177512061667559,1.6212935463878364,2.2142088659456753,1.04454505443573,0.7145383358001709
2021-06-30,18,LPX,1.8639032319533333,1.6686708655152755,2.059135598391391,1.061431884765625,0.6807219386100769
2021-06-30,19,GAP,1.7729307769007527,2.427902295919525,1.1179592578819804,1.3320468664169312,0.4754822254180908
2021-06-30,20,NAVI,1.766187097002265,1.3982555615013257,2.1341186325032044,0.9650470018386841,0.6970732808113098
2021-07-31,1,GME,10.571760622176235,10.222546214921891,10.92097502943058,3.8987555503845215,2.430647611618042
2021-07-31,2,WFRD,4.871607449636599,5.258177114864427,4.485037784408772,2.2233879566192627,1.1096621751785278
2021-07-31,3,SIG,4.5759454398418224,4.781815342002413,4.370075537681232,2.0626261234283447,1.0860660076141357
2021-07-31,4,DDS,4.348022755842972,4.470547606901142,4.225497904784802,1.9575799703598022,1.0563912391662598
2021-07-31,5,ANF,3.0653593163239297,3.0356275482321853,3.0950910844156736,1.4733253717422485,0.8243736028671265
2021-07-31,6,BBWI,2.822503942842467,3.3329156445441726,2.3120922411407614,1.5736536979675293,0.6636619567871094
2021-07-31,7,MRNA,2.7710737474970033,2.514160458100077,3.0279870368939297,1.2973414659500122,0.8106003999710083
2021-07-31,8,RRC,2.7241133223855893,1.9024004296113786,3.5458262151598,1.0908856391906738,0.916887640953064
2021-07-31,9,CAR,2.482310058979979,2.2986088823563016,2.6660112356036563,1.224597454071045,0.7363043427467346
2021-07-31,10,TPL,2.299934068881644,1.6582890763410425,2.941579061422245,1.0085033178329468,0.7928650379180908
2021-07-31,11,GCO,2.298290083485382,1.865413165167627,2.731167001803137,1.0784032344818115,0.7496776580810547
2021-07-31,12,NBR,2.1854625169330797,2.0089481950896197,2.36197683877654,1.1268432140350342,0.673900842666626
2021-07-31,13,NAVI,2.1568621175454736,1.8316703666193563,2.4820538684715907,1.0670157670974731,0.698546826839447
2021-07-31,14,GNRC,2.1557424505647327,2.3003729392623478,2.0111119618671176,1.2251927852630615,0.6018853187561035
2021-07-31,15,TDC,2.1198505093631015,1.267053999488926,2.972647019237277,0.8764699101448059,0.7992417812347412
2021-07-31,16,THC,2.0727729026680493,2.5459774179916064,1.5995683873444924,1.3080790042877197,0.5174154043197632
2021-07-31,17,CAL,2.0288248367872033,2.2392982089635307,1.8183514646108758,1.204581379890442,0.5623209476470947
2021-07-31,18,DVN,1.9224560451482473,1.6623795406926674,2.1825325496038275,1.0098837614059448,0.6370696425437927
2021-07-31,19,CLF,1.8491968542983988,2.707121932270871,0.9912717763259262,1.362461805343628,0.3925616443157196
2021-07-31,20,RIG,1.8491713770532483,1.3492105167854702,2.3491322373210264,0.9041959643363953,0.6712644696235657
2021-08-31,1,WFRD,5.082384196764593,5.708556075140689,4.4562123183884985,2.31064510345459,0.9418438076972961
2021-08-31,2,DDS,4.109604565536122,4.961192437772163,3.258016693300081,2.061567544937134,0.73827064037323
2021-08-31,3,MRNA,3.2896758371671733,3.464480338187686,3.1148713361466607,1.5627509355545044,0.7139502763748169
2021-08-31,4,SIG,2.8956314762490463,4.155271638582206,1.6359913139158866,1.7929743528366089,0.4626888930797577
2021-08-31,5,CLF,2.6429195088677426,3.4984459171860274,1.787393100549458,1.5740708112716675,0.4884120225906372
2021-08-31,6,CAR,2.6301579884079755,2.2614847585146545,2.9988312183012966,1.1618226766586304,0.69423508644104
2021-08-31,7,BBWI,2.623062380398368,2.346365083099054,2.8997596776976824,1.1901111602783203,0.6774028539657593
2021-08-31,8,NUE,2.5047072928680483,1.5781130331444884,3.431301552591608,0.9340720176696777,0.7677116990089417
2021-08-31,9,CAL,2.3920274618304393,2.932364499208036,1.8516904244528427,1.3854100704193115,0.4993361234664917
2021-08-31,10,ANF,2.349859131712738,2.879196303173469,1.8205219602520073,1.3676904439926147,0.4940406084060669
2021-08-31,11,GME,2.320084312727025,9.857421611089274,-5.217252985635223,3.6933579444885254,-0.7016757726669312
2021-08-31,12,NAVI,2.158740429745788,1.7702896123819238,2.547191247109652,0.9981196522712708,0.6175015568733215
2021-08-31,13,TPL,2.1487114376263916,1.9220149676158793,2.3754079076369035,1.048685908317566,0.5883156061172485
2021-08-31,14,STLD,2.0514972505500997,1.41569040555524,2.687304095544959,0.8799406290054321,0.6413066983222961
2021-08-31,15,GCO,1.9589898616107755,2.6966560861277897,1.2213236370937612,1.3068543672561646,0.39223694801330566
2021-08-31,16,TDC,1.9395092984461977,1.3578902957773435,2.5211283011150516,0.8606773018836975,0.613073468208313
2021-08-31,17,GNRC,1.8772215340896863,1.7123097631039677,2.0421333050754047,0.9787964224815369,0.5316923260688782
2021-08-31,18,MBI,1.795168171254692,0.23995478018877123,3.350381562320613,0.4880974292755127,0.7539634108543396
2021-08-31,19,BX,1.732558958639346,1.2058195903198903,2.2592983269588016,0.8099959492683411,0.5685886144638062
2021-08-31,20,FTNT,1.7190783528798983,0.8075381407752213,2.6306185649845752,0.6772587299346924,0.6316758394241333
2021-09-30,1,GME,6.656923269871776,9.800714177028679,3.5131323627148734,3.4864776134490967,0.7631748914718628
2021-09-30,2,DDS,4.394133611164937,4.6462275962749695,4.142039626054904,1.8510022163391113,0.8736581206321716
2021-09-30,3,MRNA,4.293029225166359,4.3554123666081,4.2306460837246185,1.7587289810180664,0.8892240524291992
2021-09-30,4,SIG,2.724581668588753,3.621211777728107,1.8279515594493991,1.525773286819458,0.4671308994293213
2021-09-30,5,CLF,2.602611104622059,2.8204182868974055,2.3848039223467126,1.2716882228851318,0.5649558901786804
2021-09-30,6,NUE,2.4785432385905795,1.8887680117154748,3.0683184654656843,0.9760833978652954,0.6850322484970093
2021-09-30,7,WFRD,2.4369306271785085,4.009306310504109,0.8645549438529075,1.6489124298095703,0.29788628220558167
2021-09-30,8,NAVI,2.40487917724751,1.9419338285420369,2.867824525952984,0.9929524660110474,0.6498104929924011
2021-09-30,9,BX,2.1554026445691896,1.6586487447591198,2.652156544379259,0.903068482875824,0.6119230389595032
2021-09-30,10,FTNT,2.1379622333612494,1.5549861472222286,2.72093831950027,0.8701772093772888,0.6240062713623047
2021-09-30,11,CAL,2.0942048163556484,2.4875097577718654,1.700899874939431,1.166059136390686,0.4448111057281494
2021-09-30,12,M,1.9301822001699862,2.4904725982578753,1.3698918020820972,1.1669992208480835,0.3866612911224365
2021-09-30,13,CAR,1.9296334899669987,1.8964407391318192,1.9628262408021782,0.9785178899765015,0.49082499742507935
2021-09-30,14,IT,1.906754764402478,1.5429257032682397,2.2705838255367166,0.866350531578064,0.544890284538269
2021-09-30,15,BBWI,1.8622797508713327,2.117104352026337,1.6074551497163287,1.0485326051712036,0.42839521169662476
2021-09-30,16,STLD,1.73922879397968,1.497288341635523,1.9811692463238368,0.8518701791763306,0.4940474033355713
2021-09-30,17,GCO,1.731534204356829,2.4596002211876358,1.003468187526022,1.1572036743164062,0.3222898542881012
2021-09-30,18,ALB,1.6940489950445017,1.8615430167702904,1.526554973318713,0.9674451351165771,0.4141830801963806
2021-09-30,19,THC,1.6503590522517353,1.9122415531667705,1.3884765513367003,0.9835313558578491,0.38992616534233093
2021-09-30,20,MTW,1.6131519969660875,1.7926361236259056,1.4336678703062693,0.9455815553665161,0.3978651463985443
2021-10-31,1,MRNA,5.013617301207301,4.020659342302859,6.006575260111743,1.6937271356582642,1.0780640840530396
2021-10-31,2,WFRD,4.067027202556954,5.893049486320688,2.24100491879322,2.311265230178833,0.4343479871749878
2021-10-31,3,RRC,3.4499170179045437,2.6121449617461487,4.287689074062939,1.229181170463562,0.7842242121696472
2021-10-31,4,GME,3.3759677968579087,7.511589663868246,-0.7596540701524279,2.8450803756713867,-0.07860817015171051
2021-10-31,5,DDS,3.3579291844401835,3.6108565324196515,3.105001836460715,1.5585689544677734,0.582046389579773
2021-10-31,6,CAR,2.9339195490463905,3.395822548073184,2.472016550019597,1.4876480102539062,0.4738389253616333
2021-10-31,7,DVN,2.876408946874763,3.0422270268093827,2.710590866940143,1.3710277080535889,0.514622688293457
2021-10-31,8,TRGP,2.515159243608873,2.736126514429142,2.2941919727886044,1.2700718641281128,0.44344019889831543
2021-10-31,9,SIG,2.392019506756183,3.261011729991681,1.5230272835206855,1.4431856870651245,0.31161126494407654
2021-10-31,10,M,2.388298729083513,3.0834440906741953,1.6931533674928307,1.3846216201782227,0.34069395065307617
2021-10-31,11,MUR,2.171324390299625,2.1159997151064456,2.2266490654928046,1.0655461549758911,0.43189388513565063
2021-10-31,12,IT,2.130558582082163,1.5798561984647446,2.6812609656995816,0.8887192010879517,0.509608805179596
2021-10-31,13,FTNT,2.0134624548581264,1.6377630033187154,2.3891619063975376,0.9078176021575928,0.4596751034259796
2021-10-31,14,BX,1.912734426460086,1.4312717808191082,2.394197072101064,0.8397141695022583,0.46053585410118103
2021-10-31,15,ALB,1.8614798006450353,1.6332617431257865,2.089697858164284,0.9063330292701721,0.4084823727607727
2021-10-31,16,TDC,1.8603282076132739,1.6953419772018758,2.025314438024672,0.9268078804016113,0.3974761664867401
2021-10-31,17,FANG,1.8437597471367948,2.4427130967638004,1.2448063975097892,1.1733003854751587,0.2640500068664551
2021-10-31,18,MAC,1.8437239455509644,1.7801000180812525,1.9073478730206765,0.9547621607780457,0.37731003761291504
2021-10-31,19,RIG,1.8292023699983304,3.57554114892021,0.08286359107645082,1.5469214916229248,0.06541839987039566
2021-10-31,20,SBNY,1.67405092733459,2.5336936007942077,0.8144082538749725,1.2033069133758545,0.19047437608242035
2021-11-30,1,WFRD,5.704214086943235,6.527535961743535,4.880892212142936,2.6321985721588135,1.008508563041687
2021-11-30,2,DDS,3.8438696193619752,3.6188505834421845,4.068888655281766,1.6482950448989868,0.8506145477294922
2021-11-30,3,GME,3.596148949586722,7.212079457649877,-0.0197815584764333,2.863754987716675,0.055573008954524994
2021-11-30,4,CAR,3.3382257201073537,3.5898189918482952,3.086632448366412,1.638474702835083,0.6596149206161499
2021-11-30,5,MRNA,3.324613915292694,3.5720671457252853,3.0771606848601025,1.632469892501831,0.6577731370925903
2021-11-30,6,RRC,3.314424544828098,2.4865441517249445,4.142304937931251,1.265276551246643,0.8648903369903564
2021-11-30,7,DVN,2.971514449010842,3.3275158358678243,2.615513062153859,1.5497469902038574,0.5680058002471924
2021-11-30,8,M,2.595132457231615,3.053297530252259,2.136967384210971,1.45698881149292,0.4749526381492615
2021-11-30,9,MUR,2.4782786212149617,2.643789942657531,2.3127672997723927,1.318467140197754,0.5091369152069092
2021-11-30,10,SIG,2.319776848961457,2.8606195873095577,1.778934110613357,1.391812801361084,0.40533310174942017
2021-11-30,11,TRGP,2.2278810076246005,2.4007036217688094,2.0550583934803917,1.2362397909164429,0.45902544260025024
2021-11-30,12,FTNT,2.1500830406115723,2.0401693784225534,2.259996702800591,1.1142840385437012,0.4988756775856018
2021-11-30,13,FANG,2.0829036285633915,3.021222130690363,1.1445851264364206,1.446138858795166,0.28198400139808655
2021-11-30,14,IT,2.0788503147258446,1.7512088504013321,2.406491779050357,1.0165390968322754,0.5273616313934326
2021-11-30,15,BX,1.9672896618397022,1.8679727354308355,2.066606588248569,1.056036114692688,0.4612709879875183
2021-11-30,16,TSLA,1.9393707554196309,1.8637391745740954,2.0150023362651663,1.0546040534973145,0.4512365460395813
2021-11-30,17,RIG,1.9118098086725386,3.6564969586157807,0.16712265872929635,1.6610294580459595,0.0919165164232254
2021-11-30,18,OXY,1.8654812632049413,2.5965212295473306,1.1344412968625521,1.3024778366088867,0.28001153469085693
2021-11-30,19,DDOG,1.8362965628489885,0.5499152529227006,3.1226778727752764,0.6101847290992737,0.6666239500045776
2021-11-30,20,MBI,1.8285389294837462,1.7058572746473843,1.951220584320108,1.0011982917785645,0.43883419036865234
2021-12-31,1,CAR,5.634792318900411,5.977838764769572,5.291745873031249,2.0550856590270996,1.1399897336959839
2021-12-31,2,WFRD,5.059495288294121,5.917786346300578,4.201204230287663,2.036881923675537,0.90763258934021
2021-12-31,3,DDS,4.376149054094059,5.183107707752177,3.5691904004359407,1.814178228378296,0.772972047328949
2021-12-31,4,GME,3.3577923376345047,7.353844702076107,-0.6382600268070976,2.4721953868865967,-0.1234918087720871
2021-12-31,5,NVDA,2.6826828999116143,2.1419842428980105,3.2233815569252178,0.8923201560974121,0.699292004108429
2021-12-31,6,SIG,2.619429826846237,3.0586212689559455,2.180238384736528,1.1701810359954834,0.4770338535308838
2021-12-31,7,DVN,2.6119362606631413,2.988879703599908,2.2349928177263747,1.1490402221679688,0.48870015144348145
2021-12-31,8,YELLQ,2.5689956687348277,1.7838448547170602,3.354146482752595,0.7837570905685425,0.7271535396575928
2021-12-31,9,MRNA,2.4612590607772145,1.9565681143378906,2.965950007216538,0.8361148238182068,0.6444421410560608
2021-12-31,10,M,2.333724518674337,2.6082981307691115,2.0591509065795623,1.0336742401123047,0.45123425126075745
2021-12-31,11,FTNT,2.1871935614431894,2.4688842138670903,1.9055029090192883,0.9914135932922363,0.41849711537361145
2021-12-31,12,TSLA,2.1463551502604044,1.5125963263742561,2.780113974146553,0.701533317565918,0.6048468351364136
2021-12-31,13,SKY,2.1322526266354913,2.281690745451625,1.9828145078193575,0.9346694946289062,0.43496957421302795
2021-12-31,14,DDOG,2.1184954990522695,1.1416893497999803,3.095301648304559,0.5891000032424927,0.6720025539398193
2021-12-31,15,BX,2.0822887090790823,2.1733150931260043,1.99126232503216,0.9018175005912781,0.4367695152759552
2021-12-31,16,RRC,2.0552800316962903,2.4497462021267715,1.6608138612658092,0.9856122732162476,0.36636224389076233
2021-12-31,17,AMD,2.0541496178829632,0.9665080167715087,3.1417912189944177,0.5359971523284912,0.6819078922271729
2021-12-31,18,FANG,1.9227201029959426,2.507782768377932,1.3376574376139532,1.0032049417495728,0.2975086569786072
2021-12-31,19,ENPH,1.877197629760618,1.192900097294813,2.5614951622264233,0.604623556137085,0.5582666397094727
2021-12-31,20,ON,1.8266138471428583,1.7030330123551667,1.95019468193055,0.7592605352401733,0.4280194044113159
2022-01-31,1,CAR,5.227285206757124,5.343290596435396,5.1112798170788505,1.7155113220214844,0.9792070984840393
2022-01-31,2,WFRD,3.334155380671072,4.668154510735408,2.000156250606736,1.5303947925567627,0.4207325875759125
2022-01-31,3,YELLQ,3.1133447979603104,2.896066084841984,3.330623511078637,1.0445033311843872,0.6595633625984192
2022-01-31,4,DDS,2.8916933435765397,4.200615152102649,1.5827715350504308,1.4021995067596436,0.3458082973957062
2022-01-31,5,BLDR,2.668040334687828,1.7929644051699427,3.5431162642057132,0.7420423030853271,0.6977077126502991
2022-01-31,6,DVN,2.5968998448784673,3.043116338883942,2.150683350872993,1.0848232507705688,0.44775354862213135
2022-01-31,7,ON,2.2999152792752646,1.749185142716778,2.8506454158337515,0.7300384044647217,0.573403000831604
2022-01-31,8,SKY,2.1758121030344677,2.504520240877954,1.8471039651909817,0.9371448159217834,0.39325833320617676
2022-01-31,9,FTNT,2.1287005321492227,2.3094165334598844,1.9479845308385608,0.8836490511894226,0.4113672971725464
2022-01-31,10,GME,2.1134192904252482,6.613754393208001,-2.386915812357505,2.063861608505249,-0.36678609251976013
2022-01-31,11,MBI,1.9746019886340629,2.2791204716981945,1.670083505569931,0.8753421306610107,0.36148157715797424
2022-01-31,12,DDOG,1.9492125768807385,1.249226756776937,2.64919839698454,0.5929540991783142,0.5372414588928223
2022-01-31,13,NVDA,1.9288115572775335,2.052010547905943,1.8056125666491238,0.81307053565979,0.3858102560043335
2022-01-31,14,ANET,1.9026116852185455,1.5759015038615054,2.2293218665755856,0.6825255155563354,0.46186986565589905
2022-01-31,15,F,1.8953659217871746,2.241100997806438,1.5496308457679115,0.864917516708374,0.3398592472076416
2022-01-31,16,M,1.8711618875239044,2.215126733915723,1.5271970411320857,0.8577955961227417,0.3358321785926819
2022-01-31,17,SBNY,1.7577276678757539,2.3019696329183628,1.2134857028331452,0.881607174873352,0.279518187046051
2022-01-31,18,SIG,1.717238423268216,3.3366625194908206,0.09781432704561134,1.1653110980987549,0.0792451947927475
2022-01-31,19,IT,1.6109893888880495,1.769971988339042,1.4520067894370572,0.7357379794120789,0.3223348557949066
2022-01-31,20,EXR,1.5847990855386218,1.6325072519833488,1.5370909190938946,0.6980463266372681,0.3376082181930542
2022-02-28,1,CAR,4.500160439532954,4.838535715122841,4.161785163943067,1.4496755599975586,0.7554405927658081
2022-02-28,2,WFRD,3.974177295614748,4.971795297671229,2.976559293558267,1.4842747449874878,0.5424309968948364
2022-02-28,3,DVN,3.8529221551473,3.809756163908364,3.8960881463862362,1.1825658082962036,0.7076893448829651
2022-02-28,4,YELLQ,2.888033163516269,1.9395338480994373,3.836532478933101,0.6969859600067139,0.6969859600067139
2022-02-28,5,APA,2.856971980183523,2.540559409317885,3.173384551049161,0.8530347347259521,0.5778045654296875
2022-02-28,6,DDS,2.75893773162126,3.514259000358731,2.003616462883789,1.1058436632156372,0.3675730526447296
2022-02-28,7,FANG,2.5843368570086054,2.4161556691207777,2.752518044896433,0.8207348585128784,0.5021661520004272
2022-02-28,8,MUR,2.534100744414763,2.9657261600123044,2.102475328817222,0.9634239673614502,0.38534003496170044
2022-02-28,9,EOG,2.5068646508986365,2.4948040707904657,2.518925231006807,0.841154932975769,0.4601846933364868
2022-02-28,10,COP,2.4996430966467216,2.444133666296101,2.555152526997342,0.8279989957809448,0.46669548749923706
2022-02-28,11,TRGP,2.077831631534145,2.2692282546025595,1.8864350084657309,0.7825869917869568,0.34651312232017517
2022-02-28,12,F,1.962246125888635,1.8222832391710864,2.1022090126061834,0.6665433049201965,0.3852921724319458
2022-02-28,13,BLDR,1.8937046634090864,1.4705378403097649,2.316871486508408,0.5752170085906982,0.4238714575767517
2022-02-28,14,SIG,1.8913165243166032,2.177216199496726,1.6054168491364804,0.7586972117424011,0.2960083484649658
2022-02-28,15,OXY,1.8457735310368095,1.6874729200226648,2.0040741420509542,0.6315414905548096,0.36765530705451965
2022-02-28,16,M,1.831919204276423,1.3543370490678617,2.3095013594849845,0.5450469255447388,0.4225468933582306
2022-02-28,17,HAL,1.8074074921358525,1.427668180400025,2.1871468038716797,0.5640864372253418,0.4005572497844696
2022-02-28,18,ON,1.788045851797591,1.3228356314132912,2.2532560721818906,0.5368679761886597,0.41243845224380493
2022-02-28,19,CF,1.7112862677766334,1.3074173380703655,2.1151551974829013,0.5328648090362549,0.38761886954307556
2022-02-28,20,GT,1.6789223459331533,1.856610877148827,1.5012338147174795,0.6754560470581055,0.27728450298309326
2022-03-31,1,CAR,3.786131872238201,4.1721269664271565,3.4001367780492457,1.1946041584014893,0.7037791013717651
2022-03-31,2,DVN,3.6345445631276365,3.713828823774279,3.555260302480994,1.07704496383667,0.7369870543479919
2022-03-31,3,WFRD,2.917870277676341,2.9721705122938213,2.863570043058861,0.8868003487586975,0.5889139771461487
2022-03-31,4,DDS,2.875737104519107,4.157355957961902,1.594118251076312,1.1908152103424072,0.3171570301055908
2022-03-31,5,FANG,2.569221143071572,2.2852763281431487,2.853165957999996,0.7106034159660339,0.5866867303848267
2022-03-31,6,RRC,2.5577623088067583,2.896527417643418,2.2189971999700986,0.8673969507217407,0.4509275257587433
2022-03-31,7,MUR,2.4861413842731164,2.5327246452954086,2.4395581232508246,0.7740769982337952,0.4981439411640167
2022-03-31,8,APA,2.4081363388505723,1.854451452603795,2.96182122509735,0.6000914573669434,0.6099470257759094
2022-03-31,9,EOG,2.3751363450446648,1.9905093381860801,2.759763351903249,0.6349920034408569,0.5666916370391846
2022-03-31,10,CF,2.3685328515423048,1.8708987456000776,2.866166957484532,0.6043103933334351,0.5894699096679688
2022-03-31,11,COP,2.3249027189595166,1.9714855768116397,2.678319861107393,0.6301121711730957,0.5492566823959351
2022-03-31,12,TRGP,2.2454349154513578,2.4836116462986686,2.0072581846040465,0.7614789009094238,0.4055996537208557
2022-03-31,13,MOS,2.1079276104994813,1.801908042111136,2.413947178887826,0.5866134166717529,0.4926612973213196
2022-03-31,14,OXY,2.028917947779981,1.457047587038853,2.6007883085211088,0.49815240502357483,0.5326591730117798
2022-03-31,15,MBI,1.9728290587654858,2.387032422420989,1.5586256951099828,0.7367051243782043,0.3095589876174927
2022-03-31,16,HAL,1.8798393773518964,1.2197359813339925,2.5399427733698006,0.43727901577949524,0.5196337103843689
2022-03-31,17,EXE,1.7190972047421993,1.773498806867451,1.6646956026169477,0.5793260931968689,0.33226582407951355
2022-03-31,18,NUE,1.6687333643099005,2.658370001612395,0.679096727007406,0.8063066005706787,0.12127447873353958
2022-03-31,19,BLDR,1.6510768038167052,1.6294691589610797,1.6726844486723307,0.542380690574646,0.33397603034973145
2022-03-31,20,CVX,1.5967514452168305,1.1217230624803722,2.071779827953289,0.4121374785900116,0.4194120764732361
2022-04-30,1,CAR,3.9635008781450156,4.36212340075083,3.564878355539201,1.2891559600830078,0.815316915512085
2022-04-30,2,DVN,2.9300080789345273,3.529122226075008,2.330893931794047,1.0600757598876953,0.5454530119895935
2022-04-30,3,APA,2.809102833000994,2.7500694756261534,2.868136190375835,0.8458316922187805,0.6629441976547241
2022-04-30,4,DDS,2.8001142855366927,3.550612819246813,2.049615751826572,1.0659857988357544,0.48393940925598145
2022-04-30,5,WFRD,2.7061124204277656,3.168165916258173,2.2440589245973577,0.960810661315918,0.5264627933502197
2022-04-30,6,CF,2.705586440989869,2.7311305571564453,2.680042324823293,0.8406233787536621,0.6218093633651733
2022-04-30,7,OXY,2.633294913056444,2.4389413712231676,2.8276484548897205,0.7602696418762207,0.6540898084640503
2022-04-30,8,MOS,2.5544848414299235,2.4104212642814575,2.69854841857839,0.7524264454841614,0.6258565187454224
2022-04-30,9,MUR,2.552006318716868,3.0266666351945193,2.0773460022392167,0.9218975305557251,0.4900038242340088
2022-04-30,10,RRC,2.390190558999133,3.596962571650049,1.1834185463482165,1.0787322521209717,0.29450803995132446
2022-04-30,11,TRGP,2.3494730468082414,2.8706226132633232,1.8283234803531592,0.8789845108985901,0.43554431200027466
2022-04-30,12,HAL,2.1001085664463233,1.7751383584042122,2.425078774488434,0.5777199268341064,0.5660505890846252
2022-04-30,13,EQT,2.088356738253689,1.9363227922023596,2.240390684305018,0.6220465898513794,0.5256605744361877
2022-04-30,14,ANET,1.9654354154592955,1.8945601155992735,2.0363107153193174,0.6105616092681885,0.4810296893119812
2022-04-30,15,EXE,1.9552581065703762,2.3597557939925387,1.5507604191482136,0.7384931445121765,0.37484318017959595
2022-04-30,16,COP,1.897122701270422,2.1018745278986843,1.6923708746421595,0.6675742864608765,0.40581241250038147
2022-04-30,17,NUE,1.863524493913566,1.9728726659293632,1.7541763218977686,0.6320980191230774,0.41932883858680725
2022-04-30,18,FANG,1.7908132016372345,2.012325549166252,1.569300854108217,0.642947793006897,0.37889784574508667
2022-04-30,19,EOG,1.7850407137833204,1.7252932473055962,1.8447881802610446,0.5640122294425964,0.439145028591156
2022-04-30,20,CVX,1.7751577280049813,1.449774150250458,2.1005413057595046,0.48824286460876465,0.4950764775276184
2022-05-31,1,CAR,2.8414549245315985,3.67284297374167,2.0100668753215274,1.0942879915237427,0.4346730709075928
2022-05-31,2,EQT,2.7620728547837357,2.5116124880291566,3.0125332215383147,0.7387065291404724,0.6971727609634399
2022-05-31,3,DDS,2.7307930629252146,3.907050893019619,1.5545352328308102,1.16600501537323,0.31539034843444824
2022-05-31,4,DVN,2.5974598078321556,3.286634618612347,1.9082849970519644,0.9760267734527588,0.40802109241485596
2022-05-31,5,RRC,2.5220588745889305,3.739745729604733,1.304372019573128,1.1147743463516235,0.24988414347171783
2022-05-31,6,OXY,2.4503197410291113,2.6440096907490767,2.2566297913091455,0.7792479991912842,0.499236524105072
2022-05-31,7,CF,2.417529790493708,2.414925407913612,2.420134173073804,0.7090998888015747,0.5420507788658142
2022-05-31,8,APA,2.2748273369529826,2.4718368585963595,2.0778178153096056,0.7265267968177795,0.4524139165878296
2022-05-31,9,WFRD,2.243643190175401,3.735890447202946,0.7513959331478555,1.1135938167572021,0.10508521646261215
2022-05-31,10,MUR,2.1989991112925096,2.8156571564874535,1.5823410660975659,0.83180832862854,0.32267141342163086
2022-05-31,11,NC,2.1744872696279796,2.4421370134190257,1.9068375258369337,0.7174323797225952,0.40764206647872925
2022-05-31,12,NBR,2.068343362453594,2.2166144773970466,1.920072247510141,0.6483749151229858,0.4111076295375824
2022-05-31,13,TRGP,2.0563217863343306,2.595906254237836,1.516737318430825,0.7645182013511658,0.3054928183555603
2022-05-31,14,HP,2.0256804538816624,2.1282954973750505,1.923065410388274,0.6213306784629822,0.4118914008140564
2022-05-31,15,MOS,1.9596861641857952,2.0001987467455415,1.9191735816260491,0.5821060538291931,0.41087231040000916
2022-05-31,16,NUE,1.9211490154802116,2.2154524034831486,1.6268456274772742,0.6480190753936768,0.3343251049518585
2022-05-31,17,HAL,1.9066309199442333,2.08858819088091,1.7246736490075567,0.6091718673706055,0.3599417507648468
2022-05-31,18,CTRA,1.8802669717358287,2.1231971657246613,1.637336777746996,0.6197695136070251,0.3370722532272339
2022-05-31,19,MCK,1.8245635670252405,1.7631954265500898,1.8859317075003914,0.5095330476760864,0.40216779708862305
2022-05-31,20,COP,1.792663420521861,2.2444503326582184,1.3408765083855039,0.656898558139801,0.2594429850578308
2022-06-30,1,OXY,3.11189372420122,3.1916057444999106,3.032181703902529,0.985485315322876,0.8518359661102295
2022-06-30,2,EQT,2.973244454242651,2.728382852052451,3.218106056432851,0.8357698917388916,0.9077432155609131
2022-06-30,3,DVN,2.8932146035236643,3.549895099289707,2.236534107757622,1.1012858152389526,0.6125856041908264
2022-06-30,4,NC,2.589518581343694,2.7316485280035825,2.447388634683806,0.8368253707885742,0.6759893298149109
2022-06-30,5,RRC,2.5075698277563614,2.982075969913894,2.033063685598828,0.9177644848823547,0.5514022707939148
2022-06-30,6,HP,2.4805507707152685,2.031409078848335,2.9296924625822016,0.6105052828788757,0.8210175633430481
2022-06-30,7,APA,2.4591504593420646,2.6975457460655217,2.2207551726186074,0.8258032202720642,0.607840895652771
2022-06-30,8,CTRA,2.4118516235613923,2.6989120998673024,2.1247911472554826,0.8262448310852051,0.5789846181869507
2022-06-30,9,NBR,2.2555073472815184,1.928892709402298,2.5821219851607387,0.5773715972900391,0.7165035009384155
2022-06-30,10,HAL,2.163254422889587,2.007161047633146,2.3193477981460284,0.6026682257652283,0.6374875903129578
2022-06-30,11,EXE,2.112687148961926,2.228774634678047,1.9965996632458052,0.6742945909500122,0.5404375791549683
2022-06-30,12,VLO,2.1124094873362345,1.7635011972282935,2.4613177774441755,0.5239164233207703,0.6801778078079224
2022-06-30,13,COP,2.1091556522821917,2.40072147310905,1.8175898314553331,0.729868471622467,0.4866095185279846
2022-06-30,14,WFRD,2.0982443284014627,3.455070993769446,0.7414176630334792,1.0706382989883423,0.16300572454929352
2022-06-30,15,MOS,2.048313426003803,1.871622033138916,2.2250048188686904,0.558861494064331,0.6091187596321106
2022-06-30,16,MUR,2.0333663981876478,2.2795890172112983,1.7871437791639972,0.6907179951667786,0.47745442390441895
2022-06-30,17,CF,1.9839236481501943,2.116884292530632,1.8509630037697566,0.6381312012672424,0.4966447949409485
2022-06-30,18,EOG,1.9297027374028053,2.001496829699836,1.857908645105775,0.6008375287055969,0.4987333416938782
2022-06-30,19,MPC,1.870426453289339,1.785999838220282,1.954853068358396,0.5311880707740784,0.5278844237327576
2022-06-30,20,FANG,1.8569200311557466,2.2445364819895053,1.469303580321988,0.6793888807296753,0.3818802237510681
2022-07-31,1,OXY,2.7796723498193376,2.330952328273219,3.2283923713654556,0.6378377079963684,0.7128193378448486
2022-07-31,2,HP,2.1235577851862355,1.3723410457533272,2.8747745246191436,0.30996257066726685,0.6104291081428528
2022-07-31,3,DVN,2.0907015890054557,2.5268912439586853,1.6545119340522263,0.7048549652099609,0.257101446390152
2022-07-31,4,EQT,2.068893304592515,1.7656194577778062,2.3721671514072233,0.4444761276245117,0.46489888429641724
2022-07-31,5,HRB,2.002142882011246,1.776651230540297,2.2276345334821945,0.44824934005737305,0.4230493903160095
2022-07-31,6,CTRA,1.9158341819892097,1.8624078237480226,1.969260540230397,0.4775807857513428,0.3482370674610138
2022-07-31,7,MCK,1.8827887933356229,2.0494957388868102,1.7160818477844355,0.5415707230567932,0.2749290466308594
2022-07-31,8,EXE,1.8378273968553671,1.951823841261314,1.7238309524494202,0.5081638693809509,0.2771728038787842
2022-07-31,9,NL,1.8107394768090512,1.7960481485723618,1.8254308050457408,0.4548836946487427,0.30659109354019165
2022-07-31,10,APA,1.7926879378979432,1.8952135109484987,1.6901623648473876,0.48880136013031006,0.2674240469932556
2022-07-31,11,VLO,1.7681644272799482,1.5034939136491632,2.032834940910733,0.35482096672058105,0.36664506793022156
2022-07-31,12,XOM,1.7529279143440435,1.5050021039273918,2.0008537247606952,0.3553368151187897,0.35738489031791687
2022-07-31,13,RRC,1.7525117766202918,1.6058514044465204,1.8991721487940632,0.38983044028282166,0.32794293761253357
2022-07-31,14,CF,1.7349649443793913,2.013982123009531,1.4559477657492519,0.5294239521026611,0.19960708916187286
2022-07-31,15,NBR,1.7145257179992661,0.9303614801301747,2.4986899558683575,0.1587916910648346,0.5015336275100708
2022-07-31,16,DINO,1.6602571137381066,1.4174887291384286,1.9030254983377846,0.32540449500083923,0.3290586769580841
2022-07-31,17,COP,1.6499702443586786,1.7088271060026752,1.591113382714682,0.42505136132240295,0.2387443631887436
2022-07-31,18,HAL,1.6339099774399508,1.3884886759198065,1.879331278960095,0.31548556685447693,0.3221980035305023
2022-07-31,19,EOG,1.5822039386869142,1.5227724175274286,1.6416354598463998,0.3614148199558258,0.25337305665016174
2022-07-31,20,MPC,1.5693353676475252,1.4605602002669222,1.6781105350281282,0.3401362895965576,0.2639344334602356
2022-08-31,1,EQT,3.28343081709857,2.95323496013332,3.6136266740638203,0.8822750449180603,0.7377251386642456
2022-08-31,2,OXY,2.9661320141317953,3.0972213481614417,2.835042680102149,0.9289196729660034,0.5612645149230957
2022-08-31,3,RRC,2.684669642880528,2.6231987593491644,2.746140526411892,0.7753592729568481,0.5411154627799988
2022-08-31,4,ENPH,2.4732615443936266,1.4789908101655873,3.4675322786216656,0.404691219329834,0.7046138644218445
2022-08-31,5,HRB,2.379893513888811,1.8569018359358684,2.9028851918417535,0.5271161198616028,0.5766405463218689
2022-08-31,6,DVN,2.32568138200985,3.1875362303379964,1.4638265336817038,0.9581773281097412,0.25048795342445374
2022-08-31,7,CTRA,2.260958185655056,2.500438655658185,2.0214777156519266,0.735590934753418,0.37687569856643677
2022-08-31,8,HP,2.1686848815942517,1.809903366796818,2.5274663963916857,0.5118908882141113,0.49155449867248535
2022-08-31,9,CF,2.1477352356512776,2.4597213193991356,1.8357491519034195,0.7224004864692688,0.33478161692619324
2022-08-31,10,EXE,2.0667797675493187,2.135526509635962,1.9980330254626755,0.6173770427703857,0.371562123298645
2022-08-31,11,NL,1.863606681807786,1.691932401536138,2.035280962079434,0.4736739993095398,0.3800041079521179
2022-08-31,12,TPL,1.8572511533618927,0.9283703412996058,2.78613196542418,0.22631680965423584,0.5501792430877686
2022-08-31,13,VLO,1.8231819321560878,1.926581601387427,1.7197822629247486,0.549688994884491,0.3084985315799713
2022-08-31,14,XOM,1.7594524910921177,1.9910558535856904,1.5278491285985452,0.5705755352973938,0.2649982273578644
2022-08-31,15,DINO,1.7559413549478553,1.7581177831439745,1.7537649267517361,0.49511486291885376,0.31620046496391296
2022-08-31,16,NBR,1.7517250337241328,1.7346695144719173,1.768780552976348,0.4875187575817108,0.31960365176200867
2022-08-31,17,MCK,1.7396478145086298,1.8468328513187828,1.6324627776984768,0.5238542556762695,0.2887081801891327
2022-08-31,18,MOS,1.7341053816075296,1.8706591323964281,1.597551630818631,0.5315728187561035,0.2807958126068115
2022-08-31,19,SEDG,1.7118256179745281,1.241591843752355,2.1820593921967015,0.3277854323387146,0.41327041387557983
2022-08-31,20,MPC,1.695809882379693,1.8934018821737533,1.4982178825856327,0.5389403700828552,0.25828251242637634
2022-09-30,1,EQT,3.3283181549729264,3.1079637805847975,3.548672529361055,0.9712514877319336,0.7324427962303162
2022-09-30,2,OXY,2.8830084351808702,3.250039033833175,2.515977836528566,1.0215734243392944,0.4889143407344818
2022-09-30,3,HRB,2.555103811919083,2.065637968143531,3.0445696556946347,0.6020678877830505,0.6135660409927368
2022-09-30,4,DINO,2.310917687706254,1.788390950272354,2.8334444251401543,0.5038691759109497,0.563778817653656
2022-09-30,5,RRC,2.3085630848817065,2.6523188906435546,1.9648072791198588,0.8098656535148621,0.35893815755844116
2022-09-30,6,SMCI,2.289074720855481,1.9954553893146414,2.5826940523963207,0.5772097706794739,0.5046472549438477
2022-09-30,7,ENPH,2.2579027729466565,1.7775423946392568,2.7382631512540567,0.5000267028808594,0.5413333177566528
2022-09-30,8,CTRA,2.223765894823706,2.535724768485245,1.9118070211621667,0.7685689330101013,0.3464397192001343
2022-09-30,9,DVN,2.163712375530138,3.021367515126836,1.3060572359334395,0.9405797719955444,0.20359274744987488
2022-09-30,10,CF,2.1206885256293773,2.7369509526244973,1.504426098634257,0.8398416638374329,0.2503717839717865
2022-09-30,11,NC,2.092263405235726,2.091929888502985,2.0925969219684664,0.6113802790641785,0.38907331228256226
2022-09-30,12,EXE,2.0599152063293724,2.252439406785898,1.8673910058728462,0.6682314872741699,0.3359656035900116
2022-09-30,13,VLO,2.0178751223081504,2.087312361154979,1.9484378834613216,0.6097447872161865,0.35507795214653015
2022-09-30,14,FSLR,1.9528434106228003,1.2275215832564288,2.678165237989172,0.30521366000175476,0.5271611213684082
2022-09-30,15,MCK,1.8600662575925517,2.0407702299316104,1.679362285253493,0.5932599306106567,0.2916249632835388
2022-09-30,16,TPL,1.82131144065153,1.278041260177435,2.364581621125625,0.3231073319911957,0.45321232080459595
2022-09-30,17,MPC,1.7649544058303155,1.9434987407100963,1.5864100709505349,0.5588071346282959,0.2697051167488098
2022-09-30,18,COP,1.7544326254809897,2.376020149553821,1.1328451014081586,0.7120028138160706,0.1627461314201355
2022-09-30,19,XOM,1.7212540744140403,2.0759934535069515,1.3665146953211291,0.605735719203949,0.2178497314453125
2022-09-30,20,ATGE,1.6927608721305836,0.4179700275275851,2.967551716733582,0.01847686991095543,0.595403790473938
2022-10-31,1,HRB,2.6421285485535275,2.118867148571763,3.1653899485352923,0.56773841381073,0.5049266219139099
2022-10-31,2,ENPH,2.306003718637055,2.2511578115337905,2.3608496257403204,0.6152775287628174,0.31853488087654114
2022-10-31,3,FSLR,2.2028113047780358,1.4465475995163173,2.9590750100397543,0.3261380195617676,0.457128643989563
2022-10-31,4,DINO,2.146315926388755,1.9363662630616711,2.356265589715839,0.5021560788154602,0.3174728751182556
2022-10-31,5,SMCI,2.1288150103440806,1.678182401034942,2.579447619653219,0.4093768000602722,0.36917853355407715
2022-10-31,6,EQT,2.1188921295430125,2.4917888704250655,1.74599538866096,0.7017491459846497,0.1760886311531067
2022-10-31,7,OXY,1.9694450806871484,2.59192468891897,1.3469654724553266,0.7377333045005798,0.08364344388246536
2022-10-31,8,TPL,1.9489765956379166,1.665559227812904,2.232393963462929,0.4048406183719635,0.28877493739128113
2022-10-31,9,UNM,1.9210344239768373,1.8731340417291855,1.9689348062244891,0.4794333577156067,0.22773808240890503
2022-10-31,10,NC,1.8336211579062085,1.8624383180591018,1.804803997753315,0.4755898118019104,0.18971310555934906
2022-10-31,11,MPC,1.811538617940924,1.9377427876373492,1.685334448244499,0.5026507377624512,0.1620350182056427
2022-10-31,12,EXE,1.74655174641507,1.944706685011713,1.5483968078184271,0.505153238773346,0.13031001389026642
2022-10-31,13,MCK,1.74575973201572,2.0418298735661016,1.4496895904653386,0.5400547981262207,0.10744203627109528
2022-10-31,14,DVN,1.7200538809679329,2.2125992002482464,1.2275085616876191,0.6014213562011719,0.055968284606933594
2022-10-31,15,LW,1.6720949706102581,1.2247271495188419,2.1194627917016744,0.246426060795784,0.26261162757873535
2022-10-31,16,VRTX,1.6373380988659036,1.840327176763775,1.434349020968032,0.4676440954208374,0.10388801246881485
2022-10-31,17,ERIE,1.6289667489779247,1.2158152351690534,2.0421182627867958,0.24322353303432465,0.2446928471326828
2022-10-31,18,CAH,1.6120551869006543,1.4666465335710321,1.7574638402302767,0.3333606421947479,0.1787455826997757
2022-10-31,19,CI,1.5762976651172118,1.4978603354822073,1.6547349947522163,0.344577431678772,0.15494589507579803
2022-10-31,20,VLO,1.542883919482397,1.8071092950615852,1.2786585439032085,0.4557071328163147,0.06781844794750214
2022-11-30,1,SMCI,2.3392809025963066,2.172177412207121,2.5063843929854923,0.676191508769989,0.5025730729103088
2022-11-30,2,TPL,2.334090264412393,2.0050615855977325,2.6631189432270537,0.6125637292861938,0.5376497507095337
2022-11-30,3,DINO,2.2287130475285473,1.997736021225786,2.4596900738313088,0.6097745895385742,0.4921230375766754
2022-11-30,4,HRB,2.187203697868849,2.0110934271853527,2.363313968552345,0.6148602962493896,0.470554381608963
2022-11-30,5,ENPH,2.1348841743581692,1.1360782140300516,3.1336901346862867,0.28170648217201233,0.6429620385169983
2022-11-30,6,FSLR,2.127718416393536,0.9125177429466225,3.3429190898404495,0.196587935090065,0.6897867918014526
2022-11-30,7,UNM,2.079322233244344,2.0265756757576563,2.1320687907310325,0.6207550168037415,0.4188024699687958
2022-11-30,8,DVN,2.014233778885844,2.319254781638805,1.7092127761328832,0.7321898341178894,0.32416868209838867
2022-11-30,9,OXY,1.9769666204616332,2.442547001322929,1.5113862396003375,0.7791321873664856,0.27989575266838074
2022-11-30,10,COP,1.7640092200008306,1.8882191939284008,1.6397992460732607,0.5680770874023438,0.3086341619491577
2022-11-30,11,FTI,1.755115128660953,1.3482596308306116,2.161970626491294,0.36249256134033203,0.42549440264701843
2022-11-30,12,ERIE,1.7282306956523261,1.038672426048064,2.4177889652565883,0.24462014436721802,0.4827457070350647
2022-11-30,13,XOM,1.7280466790589806,1.9349048337606176,1.5211885243573433,0.5858522057533264,0.2820894718170166
2022-11-30,14,MPC,1.697111013110353,1.8999256317752489,1.4942963944454573,0.5725342035293579,0.27607110142707825
2022-11-30,15,MCK,1.6799617012042602,2.0620807265852994,1.297842675823221,0.6342732310295105,0.23210540413856506
2022-11-30,16,EXE,1.6608078671086957,1.8484372183103666,1.4731785159070248,0.552930474281311,0.27134498953819275
2022-11-30,17,MUR,1.65516090515534,1.9122188161123748,1.3981029941983052,0.5772147178649902,0.25454333424568176
2022-11-30,18,SLB,1.6384878948838226,1.6925293768196925,1.5844464129479527,0.4935700297355652,0.29624637961387634
2022-11-30,19,NC,1.6195078557836506,2.0263767016943848,1.2126390098729167,0.6206792593002319,0.21303710341453552
2022-11-30,20,NL,1.6191077179355453,1.676621001260586,1.5615944346105046,0.48751306533813477,0.2911321818828583
2022-12-31,1,FSLR,2.9034536135781623,1.4643968957287767,4.342510331427548,0.5100337862968445,0.8933993577957153
2022-12-31,2,SMCI,2.509842613929357,2.151387934713121,2.8682972931455932,0.7790811061859131,0.5891397595405579
2022-12-31,3,TPL,2.3460332767692194,2.1611662068308437,2.5309003467075954,0.7829105854034424,0.5195051431655884
2022-12-31,4,FTI,2.077069891015573,2.160136450431446,1.9940033315997003,0.7825073003768921,0.40869614481925964
2022-12-31,5,ERIE,1.9382791169659417,1.2881833704328485,2.588374863499035,0.4410230219364166,0.5313671827316284
2022-12-31,6,SANM,1.836163508400834,1.6752481175649891,1.997078899236679,0.5926097631454468,0.40933090448379517
2022-12-31,7,FICO,1.8094517793965967,1.5981901951490363,2.020713363644157,0.5624314546585083,0.4142087697982788
2022-12-31,8,CAH,1.7306508452173415,1.6561749470103717,1.8051267434243112,0.5851401090621948,0.36971431970596313
2022-12-31,9,ENPH,1.721880826844319,0.7971071010828535,2.6466545526057845,0.24870209395885468,0.5433954000473022
2022-12-31,10,AXON,1.6431827358734838,0.382792505134412,2.903572966612556,0.0864434540271759,0.5964202284812927
2022-12-31,11,DINO,1.5681067767150525,1.8975019966875286,1.2387115567425764,0.6796513795852661,0.2528131306171417
2022-12-31,12,HRB,1.472668198338949,1.819531052007315,1.1258053446705827,0.6491155028343201,0.22951066493988037
2022-12-31,13,MPC,1.471648871177797,1.9998910742325064,0.9434066681230875,0.719750165939331,0.19186580181121826
2022-12-31,14,BIIB,1.4411708157719034,0.8212047477610922,2.0611368837827144,0.2581394910812378,0.422551691532135
2022-12-31,15,LW,1.3859182939688655,1.5114112262148538,1.260425361722877,0.5284460783004761,0.25729459524154663
2022-12-31,16,EME,1.3604539094185617,0.8399633297142383,1.8809444891228853,0.265485942363739,0.3853621780872345
2022-12-31,17,XOM,1.3322941081147475,1.8468581021144221,0.8177301141150726,0.659817636013031,0.1659276932477951
2022-12-31,18,GPC,1.3228690567607797,1.1510458739443108,1.4946922395772486,0.38731566071510315,0.3056444227695465
2022-12-31,19,STLD,1.3164495772687579,1.6192760022135024,1.0136231523240133,0.57068932056427,0.20635762810707092
2022-12-31,20,ATI,1.312404749216349,2.107771678588462,0.5170378198442364,0.7619996070861816,0.10386846959590912
2023-01-31,1,WFRD,2.945363763164079,1.9888641189752327,3.9018634073529257,0.6081015467643738,0.8776706457138062
2023-01-31,2,FSLR,2.6481688853536416,1.8188276456831838,3.477510125024099,0.5414887070655823,0.7878167033195496
2023-01-31,3,SMCI,2.571674571733328,2.0317066681023763,3.1116424753642797,0.6248853802680969,0.7103466987609863
2023-01-31,4,FTI,2.4213398327569697,2.2803156577497696,2.5623640077641694,0.7222794890403748,0.5940406918525696
2023-01-31,5,TPL,2.004540011545509,2.0923150008051565,1.916765022285861,0.6486290693283081,0.45733946561813354
2023-01-31,6,SLB,1.8235375731149466,1.9532996880075362,1.693775458222357,0.5941689610481262,0.41012293100357056
2023-01-31,7,MPC,1.7431148303248982,2.0292408168395166,1.4569888438102798,0.6239193677902222,0.35998496413230896
2023-01-31,8,STLD,1.6376999504524732,1.6385101990796282,1.6368897018253181,0.4708482325077057,0.39807775616645813
2023-01-31,9,MUR,1.6283347340841492,1.7685011231020507,1.4881683450662477,0.5217729806900024,0.3665870130062103
2023-01-31,10,PCG,1.622326712914424,1.1824971314671902,2.062156294361658,0.29220229387283325,0.4881250858306885
2023-01-31,11,CAH,1.5916876570643792,1.5400963817794673,1.643278932349291,0.43229401111602783,0.39943063259124756
2023-01-31,12,ATI,1.5450110307820766,2.040462745117097,1.049559316447056,0.6283156275749207,0.27371451258659363
2023-01-31,13,XOM,1.537739321830095,2.0399726786694097,1.0355059649907803,0.6281236410140991,0.270738810300827
2023-01-31,14,APA,1.530782012925095,1.8860253257261992,1.1755387001239912,0.5678138136863708,0.3003897964954376
2023-01-31,15,DDS,1.530372700702837,1.2709158602292705,1.7898295411764036,0.326840877532959,0.43046173453330994
2023-01-31,16,AXON,1.530188983407658,0.5778298678718904,2.482548098943426,0.05532015487551689,0.577140212059021
2023-01-31,17,COP,1.4992579370896564,1.8163820300109923,1.1821338441683205,0.5405306220054626,0.30178627371788025
2023-01-31,18,RIG,1.4798665058915197,1.7182629981012054,1.241470013681834,0.5020918846130371,0.31435030698776245
2023-01-31,19,FICO,1.4546190348218835,1.25926434405506,1.649973725588707,0.3222763240337372,0.4008482098579407
2023-01-31,20,HP,1.4436943399923805,2.393274680689701,0.4941139992950599,0.7665318846702576,0.15610271692276
2023-02-28,1,WFRD,3.3804664263096615,2.241190621219704,4.5197422313996185,0.639746367931366,0.8998133540153503
2023-02-28,2,RIG,3.0267903018565203,2.641879476065576,3.411701127647465,0.7606573700904846,0.6901841163635254
2023-02-28,3,FSLR,2.8376771188271084,2.831792620836169,2.8435616168180484,0.8179651498794556,0.5826983451843262
2023-02-28,4,FTI,2.631716150206669,2.642705722142735,2.620726578270603,0.7609066963195801,0.5405403971672058
2023-02-28,5,STLD,2.434816097167289,2.749978457216541,2.1196537371180373,0.7932770848274231,0.4457429051399231
2023-02-28,6,DDS,2.3279063261566564,1.7392311174639234,2.9165815348493895,0.4882761538028717,0.5965129137039185
2023-02-28,7,ATI,2.086071996810166,2.4008984769936363,1.7712455166266956,0.687939465045929,0.3798278868198395
2023-02-28,8,AXON,2.0104451627842996,1.2283415192428435,2.7925488063257555,0.33411121368408203,0.5730472803115845
2023-02-28,9,MPC,1.8766016492137096,2.1379618105871288,1.6152414878402905,0.6085962653160095,0.35031363368034363
2023-02-28,10,FLR,1.8416632353004743,1.969338279655484,1.7139881909454646,0.5577127933502197,0.36899542808532715
2023-02-28,11,SLB,1.7522554661204512,1.4205448648601053,2.083966067380797,0.39211007952690125,0.4389911890029907
2023-02-28,12,SMCI,1.6743661274398118,2.0413514621365656,1.307380792743058,0.5794433355331421,0.29206976294517517
2023-02-28,13,LVS,1.620345209683216,1.108352633838584,2.132337785527848,0.2979036271572113,0.4481425881385803
2023-02-28,14,CEG,1.5958069665406416,2.058883759963151,1.1327301731181323,0.5847338438034058,0.25902777910232544
2023-02-28,15,UNM,1.5820154930086479,1.9089545650297204,1.2550764209875755,0.5394915342330933,0.28217434883117676
2023-02-28,16,WYNN,1.5576587350673168,0.7606840174174527,2.354633452717181,0.19299189746379852,0.4901984930038452
2023-02-28,17,VLO,1.5289112745522673,1.9722766580068616,1.085545891097673,0.5585994720458984,0.2501010298728943
2023-02-28,18,SANM,1.4725315094097917,1.701490456342585,1.2435725624769987,0.47688761353492737,0.27999794483184814
2023-02-28,19,ACGL,1.4678585095330856,1.2106183137343136,1.7250987053318574,0.32876309752464294,0.3710974156856537
2023-02-28,20,TEX,1.4230392147129616,0.8307327173835016,2.0153457120424214,0.21412964165210724,0.4260089695453644
2023-03-31,1,WFRD,3.4818549084342623,2.920399271500085,4.043310545368439,0.8526157736778259,0.8618128299713135
2023-03-31,2,FTI,2.817787533633391,2.7614335749987187,2.874141492268063,0.8029504418373108,0.6255067586898804
2023-03-31,3,RIG,2.701987158112507,2.3690339552766853,3.034940360948329,0.6803538203239441,0.6580065488815308
2023-03-31,4,SMCI,2.459518315125381,3.1158859500967186,1.8031506801540431,0.9136912822723389,0.40904393792152405
2023-03-31,5,OI,2.194731908307805,1.9617640796952793,2.42769973692033,0.5531113147735596,0.5352743864059448
2023-03-31,6,STLD,2.0655636713245302,2.104215960721794,2.026911381927267,0.5976172685623169,0.4542692303657532
2023-03-31,7,TEX,2.022136387399043,1.3903494347301617,2.653923340067924,0.3745853900909424,0.5809974670410156
2023-03-31,8,FSLR,1.9788339131700727,2.7820109795402796,1.1756568467998658,0.8093793988227844,0.2822183072566986
2023-03-31,9,AXON,1.892741426683917,1.332269681794782,2.453213171573052,0.35643965005874634,0.540431022644043
2023-03-31,10,MTW,1.8906422830581455,0.6219437247089956,3.1593408414072957,0.1345139443874359,0.6831496953964233
2023-03-31,11,WYNN,1.784074718401453,0.912128435539282,2.656021001263624,0.22517576813697815,0.581421434879303
2023-03-31,12,URI,1.7701835265884607,1.4060634099626577,2.1343036432142637,0.37949487566947937,0.47597476840019226
2023-03-31,13,FIX,1.757055116018134,1.892082112248542,1.6220281197877262,0.5313407182693481,0.37243643403053284
2023-03-31,14,ACGL,1.6728833358294235,1.4589236449038545,1.8868430267549927,0.3960098922252655,0.42595937848091125
2023-03-31,15,FLR,1.6370923877305557,1.876561872917325,1.3976229025437863,0.5264917612075806,0.3270808756351471
2023-03-31,16,GNW,1.634295979448693,1.5619345784613687,1.7066573804360174,0.4281933903694153,0.38954123854637146
2023-03-31,17,FICO,1.5813774673556629,1.3532220621255735,1.809532872585752,0.362985759973526,0.41033387184143066
2023-03-31,18,LVS,1.502368845537374,1.130253406982318,1.87448428409243,0.2933241128921509,0.4234614968299866
2023-03-31,19,ATI,1.473993648426006,1.6539855544367779,1.2940017424152344,0.45695269107818604,0.3061375319957733
2023-03-31,20,EME,1.433141285586199,1.3895088632077242,1.4767737079646737,0.374322772026062,0.3430784046649933
2023-04-30,1,SMCI,2.071142429036036,2.628213459879228,1.5140713981928435,1.0291879177093506,0.6600093245506287
2023-04-30,2,FSLR,1.7581689558201687,2.4560317982847475,1.0603061133555898,0.9544820785522461,0.49735355377197266
2023-04-30,3,RIG,1.664646880508454,1.017915790285276,2.3113779707316318,0.33051514625549316,0.9458101987838745
2023-04-30,4,WFRD,1.4794960576239329,1.588075114183433,1.3709170010644327,0.5778947472572327,0.6086944937705994
2023-04-30,5,AXON,1.4555105873711487,1.3858144555991934,1.525206719143104,0.49013829231262207,0.6640008687973022
2023-04-30,6,OI,1.375019000816145,1.5101961011007698,1.2398419005315202,0.5441047549247742,0.5617095828056335
2023-04-30,7,FTI,1.284085643426019,1.5607675507217436,1.0074037361302945,0.5660465955734253,0.47839027643203735
2023-04-30,8,GE,1.2604644596163943,0.9387908410281892,1.5821380782045993,0.29618456959724426,0.6844083666801453
2023-04-30,9,MTW,1.2117375947885802,0.5445315141287894,1.878943675448371,0.12512411177158356,0.7908006906509399
2023-04-30,10,COTY,1.2043647517344955,0.9332520265788252,1.475477476890166,0.2937813997268677,0.6461750268936157
2023-04-30,11,FICO,1.1813465893772332,1.2005211686344572,1.1621720101200095,0.40974360704421997,0.5338681936264038
2023-04-30,12,WYNN,1.1558299224807387,1.0372959053891397,1.2743639395723378,0.33892375230789185,0.5740842819213867
2023-04-30,13,NVDA,1.1413555819882437,0.29940405535512354,1.9833071086213638,0.01876869425177574,0.8282105922698975
2023-04-30,14,FIX,1.1092826320810965,1.4085374904746464,0.8100277736875465,0.4999973177909851,0.4076392948627472
2023-04-30,15,PVH,1.1034086138444505,0.6110556038457666,1.5957616238431345,0.15398745238780975,0.6892918348312378
2023-04-30,16,LW,1.0473768862656982,1.5673998134295921,0.5273539591018044,0.5689241886138916,0.306312620639801
2023-04-30,17,DECK,1.0427683388331963,1.3992294082833172,0.6863072693830752,0.49595874547958374,0.3632906973361969
2023-04-30,18,TEX,1.0172697056201994,0.9885626220377376,1.045976789202661,0.31777945160865784,0.492217093706131
2023-04-30,19,LVS,1.0089873882283662,1.156611655045515,0.8613631214112176,0.39069223403930664,0.4260408580303192
2023-04-30,20,WOR,1.008736642588771,0.8401687318885177,1.177304553289024,0.25339460372924805,0.539292573928833
2023-05-31,1,SMCI,1.5693144687770753,2.118032870169067,1.0205960673850838,0.9179995059967041,0.41542646288871765
2023-05-31,2,META,1.4356594884743417,0.49571098227505545,2.375607994673628,0.18130680918693542,0.9476528763771057
2023-05-31,3,NVDA,1.3923514088893514,0.9857354693566602,1.7989673484220428,0.4038258194923401,0.7211579084396362
2023-05-31,4,WFRD,1.3524982369617966,1.6252563306440355,1.0797401432795577,0.6942307949066162,0.438657283782959
2023-05-31,5,LVS,1.3384810181720561,1.3934709435007506,1.2834910928433618,0.588977575302124,0.5186873078346252
2023-05-31,6,FSLR,1.3270061297322608,2.1143301707496778,0.539682088714844,0.9163181185722351,0.22653135657310486
2023-05-31,7,WYNN,1.301890688556653,1.1608006703942693,1.4429807067190368,0.48332253098487854,0.5813322067260742
2023-05-31,8,FICO,1.2976376565878405,1.565922702133817,1.0293526110418643,0.6672875285148621,0.4188658893108368
2023-05-31,9,GE,1.2438879204647335,1.276139120699636,1.211636720229831,0.5356974601745605,0.49046409130096436
2023-05-31,10,PHM,1.2356582378977055,1.1724181211674831,1.2988983546279276,0.4885979890823364,0.5247390270233154
2023-05-31,11,AXON,1.1955118957873796,1.484249361911629,0.9067744296631303,0.6301998496055603,0.37071919441223145
2023-05-31,12,COTY,1.175235932316176,0.9352849592096089,1.4151869054227435,0.3809163570404053,0.5704152584075928
2023-05-31,13,RIG,1.1266613742609413,1.0885935688929584,1.1647291796289239,0.4505334496498108,0.4720395803451538
2023-05-31,14,FTI,1.1077512893277208,1.598872119757702,0.6166304588977398,0.6822497844696045,0.25675541162490845
2023-05-31,15,TKO,1.099773748352846,1.448661365687703,0.7508861310179892,0.614039421081543,0.30948883295059204
2023-05-31,16,DECK,1.0797481609285886,1.3954012458036165,0.764095076053561,0.5898541212081909,0.31467708945274353
2023-05-31,17,BLDR,1.0517122784399877,1.0461900540525495,1.0572345028274261,0.4312781095504761,0.42981743812561035
2023-05-31,18,DHI,1.0056891522354583,1.1267395503799231,0.8846387540909936,0.46785545349121094,0.3620246648788452
2023-05-31,19,OI,1.0001830536071004,1.2216939899906976,0.778672117223503,0.5109740495681763,0.32040271162986755
2023-05-31,20,LW,0.9601533414183828,1.2812569288588045,0.6390497539779612,0.538021445274353,0.2655613422393799
2023-06-30,1,SMCI,2.76074028819136,3.221707476248968,2.299773100133752,1.498200535774231,0.9090608358383179
2023-06-30,2,NVDA,1.8371814114591642,1.6157820703390346,2.058580752579294,0.7071171402931213,0.8047043681144714
2023-06-30,3,PLTR,1.5033949533582458,1.2511653932137032,1.7556245135027881,0.5275059342384338,0.673624575138092
2023-06-30,4,BLDR,1.463594214932387,1.3524279730696631,1.5747604567951112,0.5773881673812866,0.5953702926635742
2023-06-30,5,FSLR,1.4489234260656045,2.3236952099446753,0.5741516421865339,1.0558371543884277,0.1624378114938736
2023-06-30,6,META,1.4396288341169794,0.8150452722802368,2.064212395953722,0.3126719295978546,0.8071410059928894
2023-06-30,7,NFLX,1.191449352033696,1.5892210088377519,0.79367769522964,0.6940330862998962,0.2574199438095093
2023-06-30,8,GE,1.190545782129711,1.220266745350284,1.160824818909138,0.5122851729393005,0.4162731468677521
2023-06-30,9,FICO,1.1304870459320815,1.50799363003705,0.7529804618271131,0.6540202498435974,0.239811509847641
2023-06-30,10,CXT,1.0938878228986735,1.1464969223478847,1.0412787234494623,0.47594594955444336,0.3645492494106293
2023-06-30,11,PHM,1.0445507365477975,0.9761863999346271,1.1129150731609678,0.39205050468444824,0.3955440819263458
2023-06-30,12,AVGO,1.0184907805960173,0.9179186566007678,1.1190629045912668,0.3633476495742798,0.3982040584087372
2023-06-30,13,WFRD,1.0123335199170134,1.2187429999514225,0.8059240398826044,0.511534571647644,0.2627185583114624
2023-06-30,14,LW,0.9974575593093116,1.213993894642131,0.7809212239764921,0.5091951489448547,0.2519006133079529
2023-06-30,15,UBER,0.9931435388909817,1.1782550289239309,0.8080320488580325,0.49159008264541626,0.26363062858581543
2023-06-30,16,COTY,0.9904597504967503,1.0421770507430936,0.938742450250407,0.4245576858520508,0.32018497586250305
2023-06-30,17,DECK,0.970152132914809,1.3379178464528079,0.60238641937681,0.5702404379844666,0.17465412616729736
2023-06-30,18,CDNS,0.9425541711065497,1.006189773264085,0.8789185689490143,0.4068302512168884,0.29430103302001953
2023-06-30,19,CPRT,0.9381640692617446,1.0430287049946527,0.8332994335288363,0.42497721314430237,0.2745630443096161
2023-06-30,20,ANF,0.9110871639210307,1.027770015611971,0.7944043122300907,0.41746073961257935,0.2577343285083771
2023-07-31,1,SMCI,3.0842935727878826,3.629488120165688,2.539099025410078,1.8208650350570679,1.110518455505371
2023-07-31,2,NVDA,2.187375580476319,1.9496255518943424,2.4251256090582953,1.0270662307739258,1.0631276369094849
2023-07-31,3,CVNA,2.0111874414724307,0.0680497218080776,3.954325161136784,0.13795025646686554,1.6989778280258179
2023-07-31,4,RCL,1.866073664016668,2.0809341944791346,1.651213133554201,1.0891145467758179,0.7413302659988403
2023-07-31,5,BLDR,1.6954490596523224,1.7426065466868277,1.6482915726178171,0.9292418956756592,0.7401154637336731
2023-07-31,6,CCL,1.6656794289262085,1.422315140553541,1.909043717298876,0.7778920531272888,0.8485377430915833
2023-07-31,7,META,1.4772528505386284,0.996030967442726,1.9584747336345307,0.576456606388092,0.8690914511680603
2023-07-31,8,PLTR,1.4242017725384122,0.8867971033917967,1.9616064416850276,0.524839460849762,0.8703936338424683
2023-07-31,9,WFRD,1.3516410641475232,2.1958424696195373,0.507439658675509,1.1434130668640137,0.2657425105571747
2023-07-31,10,MTW,1.3037438900257619,1.00611778626618,1.6013699937853436,0.5812230110168457,0.720605194568634
2023-07-31,11,GE,1.2900744134989366,1.4618203234534277,1.1183285035444455,0.796559751033783,0.5197536945343018
2023-07-31,12,NFLX,1.2823413257751954,1.7311851955794046,0.8334974559709865,0.9238448739051819,0.4013192653656006
2023-07-31,13,UBER,1.2822323837757736,1.3562504947318679,1.2082142728196794,0.7466740012168884,0.5571287274360657
2023-07-31,14,ANF,1.2676921133877785,1.470440544274452,1.0649436825011052,0.8006331324577332,0.4975559711456299
2023-07-31,15,NCLH,1.225474264415841,1.1977735246378869,1.2531750041937952,0.6717876195907593,0.5758236646652222
2023-07-31,16,PHM,1.1958789865980242,1.2265285328276094,1.1652294403684387,0.685375452041626,0.5392553806304932
2023-07-31,17,FSLR,1.1944457852931778,1.947538484675954,0.44135308591040173,1.0260800123214722,0.2382633239030838
2023-07-31,18,JBL,1.1701834357485776,1.3633318408965198,0.9770350306006356,0.7500202059745789,0.46100303530693054
2023-07-31,19,FTI,1.1515557217831724,1.6892557805466635,0.6138556630196816,0.9040316343307495,0.30999091267585754
2023-07-31,20,RIG,1.1269375707609826,1.3513650722469528,0.9025100692750124,0.7443654537200928,0.43001511693000793
2023-08-31,1,SMCI,3.4056179254768946,3.484090000551574,3.3271458504022147,1.8107413053512573,1.5186715126037598
2023-08-31,2,CVNA,2.046337062355326,0.7888741982840933,3.303799926426559,0.4550989270210266,1.5081117153167725
2023-08-31,3,NVDA,1.8313296309880256,1.7644691302075355,1.8981901317685157,0.9458046555519104,0.8723281621932983
2023-08-31,4,WFRD,1.6172439855873586,2.426739768805347,0.8077482023693705,1.278914213180542,0.3791009187698364
2023-08-31,5,PLTR,1.6085301896416606,1.1777847740964604,2.0392756051868606,0.6507135629653931,0.9361437559127808
2023-08-31,6,RCL,1.530554667174258,1.9443050273148992,1.1168043070336169,1.0362586975097656,0.518892765045166
2023-08-31,7,META,1.4574608356312324,1.2646467138989286,1.6502749573635362,0.6944034695625305,0.7601915001869202
2023-08-31,8,BLDR,1.3328657231915133,1.3817161954650472,1.2840152509179794,0.7532871961593628,0.5945253968238831
2023-08-31,9,TTD,1.2794536833559143,1.2897901581782598,1.269117208533569,0.7070501446723938,0.5877867341041565
2023-08-31,10,CCL,1.2676675125818453,1.3396190335208207,1.1957159916428701,0.7321131229400635,0.5545859932899475
2023-08-31,11,UBER,1.1876397604276896,1.3678121466530317,1.0074673742023477,0.7462937235832214,0.4694376289844513
2023-08-31,12,RIG,1.1728556794324378,1.7864805462070297,0.5592308126578459,0.9568759799003601,0.2666918635368347
2023-08-31,13,ANF,1.067608388876896,1.4732392048222196,0.6619775729315721,0.7993215322494507,0.31316614151000977
2023-08-31,14,FTI,1.047662328012678,1.511280727876959,0.584043928148397,0.818455696105957,0.2779152989387512
2023-08-31,15,PHM,1.0366152188940108,1.2206965240995444,0.8525339136884772,0.6722973585128784,0.399358332157135
2023-08-31,16,GE,0.9991818264326551,1.2506229772865862,0.7477406755787238,0.687349796295166,0.35195839405059814
2023-08-31,17,AVGO,0.9587961021756899,0.9713377758711055,0.9462544284802743,0.5468746423721313,0.4417498707771301
2023-08-31,18,EME,0.954996005913685,1.1134730824005021,0.7965189294268681,0.618366003036499,0.3740217089653015
2023-08-31,19,COIN,0.950425602750363,0.7760987106269407,1.1247524948737855,0.4486730992794037,0.5224878787994385
2023-08-31,20,NCLH,0.9317066810912997,1.0707758224158255,0.7926375397667739,0.5968900918960571,0.37226608395576477
2023-09-30,1,SMCI,2.43587729242497,2.6513578251846184,2.220396759665322,1.4414446353912354,1.0324006080627441
2023-09-30,2,CVNA,2.1610402286165917,0.6989048565194952,3.623175600713688,0.42279407382011414,1.6761634349822998
2023-09-30,3,NVDA,1.887848279008085,2.1609176644919788,1.6147788935241913,1.1855679750442505,0.7544706463813782
2023-09-30,4,ANF,1.849563091964492,2.4143870003955312,1.284739183533453,1.3178101778030396,0.6030089259147644
2023-09-30,5,APP,1.736341965750904,0.966369891260032,2.5063140402417763,0.5623382329940796,1.1636136770248413
2023-09-30,6,BLDR,1.3830311730558091,1.6252678544038923,1.1407944917077262,0.9061041474342346,0.536949872970581
2023-09-30,7,WFRD,1.3376218443066727,2.08514748618915,0.5900962024241956,1.1460365056991577,0.2842235863208771
2023-09-30,8,PLTR,1.2703784903560351,1.1591203101324214,1.3816366705796488,0.6629016399383545,0.6474770903587341
2023-09-30,9,LLY,1.158058464485937,1.0776694362830688,1.2384474926888054,0.6204063892364502,0.5817647576332092
2023-09-30,10,RCL,1.1444905285440359,1.5840640755869047,0.7049169815011673,0.8846069574356079,0.33691710233688354
2023-09-30,11,META,1.0740553708468086,1.0321684633085928,1.1159422783850244,0.5966672301292419,0.5255447030067444
2023-09-30,12,PHM,1.0624289616487879,1.2581534188102275,0.8667045044873485,0.7145700454711914,0.4111645817756653
2023-09-30,13,AVGO,1.039808138405747,1.1225619428332672,0.9570543339782266,0.6438280940055847,0.45262789726257324
2023-09-30,14,FTI,0.9839026391700705,1.5131141029493265,0.4546911753908145,0.8475903272628784,0.22208355367183685
2023-09-30,15,GE,0.9260796607128023,1.221895286164284,0.6302640352613207,0.6956531405448914,0.3026573956012726
2023-09-30,16,FICO,0.915207544533187,1.22939978156007,0.601015307506304,0.6995684504508972,0.28923457860946655
2023-09-30,17,ADBE,0.911882154810435,0.662882524605754,1.1608817850151159,0.4040001928806305,0.546168327331543
2023-09-30,18,CXT,0.9045803544777555,1.0528976782578034,0.7562630306977075,0.6074822545051575,0.36048081517219543
2023-09-30,19,KBH,0.8994214416119997,1.0176092532741337,0.7812336299498656,0.5890712738037109,0.3719403147697449
2023-09-30,20,JBL,0.8985890573296144,1.123802638546308,0.6733754761129207,0.6444754004478455,0.32244208455085754
2023-10-31,1,CVNA,2.9855204855769517,1.1186391891985117,4.8524017819553915,0.7265724539756775,1.4558318853378296
2023-10-31,2,SMCI,2.93416312111545,2.7053007486997354,3.1630254935311646,1.6053255796432495,0.9453163146972656
2023-10-31,3,ANF,2.2560745842212517,2.132120115783324,2.38002905265918,1.2878764867782593,0.7087012529373169
2023-10-31,4,APP,2.1094491883054873,1.10312022319484,3.115778153416135,0.7179774641990662,0.9310385584831238
2023-10-31,5,NVDA,1.816021762448441,2.112348178222557,1.5196953466743246,1.276926040649414,0.4487155079841614
2023-10-31,6,PLTR,1.5883235629179142,1.0291821437095803,2.147464982126248,0.6770277619361877,0.6384223103523254
2023-10-31,7,WFRD,1.5444532938350202,1.6641772289317818,1.4247293587382583,1.0287120342254639,0.4200175702571869
2023-10-31,8,DELL,1.500726542961444,1.1330490119037517,1.8684040740191363,0.7345531582832336,0.5540924072265625
2023-10-31,9,RIG,1.427617427904596,1.975500816742497,0.8797340390666947,1.2011348009109497,0.25532448291778564
2023-10-31,10,FTI,1.3796906670774272,1.3956304547914924,1.363750879363362,0.8799806833267212,0.40159037709236145
2023-10-31,11,RCL,1.2924905084850908,1.4107563884522694,1.174224628517912,0.8883579969406128,0.34431710839271545
2023-10-31,12,JBL,1.241107370642262,1.2364520330557884,1.2457627082287355,0.7918216586112976,0.3659353256225586
2023-10-31,13,META,1.2138600709301133,1.2407157667252298,1.1870043751349966,0.794183075428009,0.34817904233932495
2023-10-31,14,BLDR,1.1554707675588467,1.157409376063454,1.1535321590542393,0.7480448484420776,0.3380640149116516
2023-10-31,15,APO,1.1377598039154821,1.037454333743604,1.2380652740873606,0.6816092133522034,0.3636092245578766
2023-10-31,16,LLY,1.1365800061833222,0.7425130485889979,1.5306469637776465,0.518259584903717,0.45202499628067017
2023-10-31,17,LII,1.0742210378923662,0.7725608662604619,1.3758812095242707,0.5349012017250061,0.405256062746048
2023-10-31,18,CXT,1.0537686478285324,0.9199421833052889,1.1875951123517758,0.6165265440940857,0.34835755825042725
2023-10-31,19,UBER,1.034159811722414,0.8021328909450866,1.2661867324997416,0.5512793064117432,0.37210729718208313
2023-10-31,20,CCL,1.0231150058111527,1.0140877430379787,1.0321422685843264,0.6686679124832153,0.30138099193573
2023-11-30,1,CVNA,2.8524868573958733,1.212357543254464,4.492616171537283,0.6909274458885193,1.3585350513458252
2023-11-30,2,ANF,2.6581107089434184,2.1240051681774728,3.192216249709364,1.241156816482544,0.9492175579071045
2023-11-30,3,SMCI,2.4490224203389768,2.115142017768751,2.7829028229092025,1.2358074188232422,0.8203809261322021
2023-11-30,4,APP,1.966818652529751,1.3347689204297162,2.5988683846297858,0.7648094296455383,0.7624537348747253
2023-11-30,5,NVDA,1.6504456501047087,1.9006268767526304,1.400264423456787,1.1063357591629028,0.3851778209209442
2023-11-30,6,PLTR,1.5813488219664227,0.9308339118627547,2.231863732070091,0.5210124850273132,0.6469343304634094
2023-11-30,7,META,1.453444927657396,2.0122199329104355,0.8946699224043565,1.173688292503357,0.2260354906320572
2023-11-30,8,FTI,1.4346170872760078,1.2469618311440764,1.6222723434079391,0.7118130326271057,0.45505765080451965
2023-11-30,9,JBL,1.3826592130190947,1.147375031515,1.6179433945231891,0.6517069339752197,0.45369505882263184
2023-11-30,10,WFRD,1.36737621278869,1.398948447412157,1.3358039781652227,0.8035452961921692,0.364888072013855
2023-11-30,11,DELL,1.3106343163609584,1.036098982007059,1.5851696507148578,0.5845457315444946,0.44337910413742065
2023-11-30,12,FNMA,1.3086713092637543,0.706448655233757,1.9108939632937516,0.38558366894721985,0.5459049940109253
2023-11-30,13,AVGO,1.1114699799959809,1.0754056339589533,1.1475343260330084,0.608269453048706,0.3056277930736542
2023-11-30,14,ADBE,1.0920654107926713,0.9177800520499892,1.266350769535353,0.5131337642669678,0.3430267870426178
2023-11-30,15,UBER,1.053797468593922,0.8759844534948166,1.2316104836930273,0.4879078269004822,0.3320918381214142
2023-11-30,16,LLY,1.0244139492121036,0.7898158244359351,1.259012073988272,0.43590033054351807,0.3407168388366699
2023-11-30,17,FMCC,0.9744012463246229,0.4373097132312993,1.5114927794179465,0.2231435477733612,0.42018836736679077
2023-11-30,18,VST,0.9646724019744832,0.7039766946565774,1.2253681092923892,0.38409170508384705,0.33012697100639343
2023-11-30,19,LII,0.9613432496652706,0.857315378850916,1.0653711204796252,0.4766400158405304,0.27976587414741516
2023-11-30,20,RCL,0.9154443705734769,0.8331146863008367,0.9977740548461173,0.46203356981277466,0.25848883390426636
2023-12-31,1,CVNA,2.9960493912872463,2.4703174400955046,3.5217813424789886,1.4017386436462402,0.8854803442955017
2023-12-31,2,ANF,2.7965745888985403,2.032805815244254,3.5603433625528265,1.1520648002624512,0.8943303823471069
2023-12-31,3,GAP,2.238862960891607,0.6824263906928894,3.7952995310903246,0.38144659996032715,0.9482531547546387
2023-12-31,4,COIN,2.233538595986527,1.7721497694245523,2.694927422548502,1.0033167600631714,0.6957162022590637
2023-12-31,5,APP,1.5575953960085176,1.6890335360108575,1.4261572560061777,0.9558849930763245,0.40453165769577026
2023-12-31,6,WFRD,1.517737260642213,1.3054525778519437,1.7300219434324822,0.7369876503944397,0.4742690324783325
2023-12-31,7,DELL,1.500772824746257,0.9888124340863775,2.0127332154061364,0.5562912821769714,0.539151668548584
2023-12-31,8,FNMA,1.4593430099293345,0.9781840995239951,1.9405019203346738,0.5502260327339172,0.5225744843482971
2023-12-31,9,WSM,1.3969086816237268,0.888127717596185,1.9056896456512686,0.4988337457180023,0.514585018157959
2023-12-31,10,PLTR,1.375038170004811,1.737119443826483,1.0129568961831392,0.9833260774612427,0.3097015917301178
2023-12-31,11,CRWD,1.3064314711889906,1.2411703615830763,1.371692580794905,0.700303852558136,0.3920319378376007
2023-12-31,12,FTI,1.2965990775437004,0.9227123149198682,1.6704858401675329,0.518570065498352,0.4606054127216339
2023-12-31,13,CAL,1.2922514066685067,0.4358783367199678,2.1486244766170457,0.2407495379447937,0.5703389048576355
2023-12-31,14,UBER,1.2805768669233117,1.170549455796708,1.3906042780499153,0.6600027680397034,0.3963721990585327
2023-12-31,15,SMCI,1.2454974110613803,1.9570438111282256,0.5339510109945351,1.1088298559188843,0.19976906478405
2023-12-31,16,META,1.1927860410407138,1.7994340844110193,0.5861379976704085,1.0188870429992676,0.21174605190753937
2023-12-31,17,NVDA,1.192098023818433,1.7959944303906141,0.5882016172462522,1.0169241428375244,0.21221965551376343
2023-12-31,18,ADBE,1.1678957391674978,1.0159395560903137,1.3198519222446818,0.5717718601226807,0.3801344335079193
2023-12-31,19,GCO,1.1337844158145751,-0.5716495103528245,2.839218341981975,-0.3342142701148987,0.7288311719894409
2023-12-31,20,LII,1.104680963006986,0.8214867187884553,1.3878752072255167,0.4608038663864136,0.3957458734512329
2024-01-31,1,YELLQ,5.047598515965144,1.4245376479319476,8.670659383998341,0.8219362497329712,2.115168571472168
2024-01-31,2,CVNA,3.711187928152744,4.713799595396355,2.708576260909133,2.4131221771240234,0.7141443490982056
2024-01-31,3,COIN,3.2330033863020438,3.0167385230125388,3.449268249591549,1.5921660661697388,0.8881988525390625
2024-01-31,4,ANF,2.901125914819306,2.51254225280313,3.2897095768354823,1.3482602834701538,0.8507043123245239
2024-01-31,5,FNMA,2.733319251552583,2.015496297582454,3.451142205522712,1.1078134775161743,0.8886392116546631
2024-01-31,6,GAP,2.272730596468496,1.1235235810799875,3.4219376118570044,0.6763201951980591,0.8817764520645142
2024-01-31,7,FMCC,2.0366264718691793,1.5402634112553235,2.5329895324830347,0.8779187798500061,0.6728833913803101
2024-01-31,8,APP,2.0039022707515253,2.47664331473694,1.53116122676611,1.330894112586975,0.43746471405029297
2024-01-31,9,CRWD,1.7896246335256027,1.5565538130268508,2.0226954540243547,0.8857992887496948,0.5529698729515076
2024-01-31,10,UBER,1.3956978750861004,1.6110412043681324,1.1803545458040685,0.9121576547622681,0.35502898693084717
2024-01-31,11,ATGE,1.3714734697072763,0.7738332323748488,1.969113707039704,0.5071569085121155,0.540378749370575
2024-01-31,12,WSM,1.3494639219334654,0.9432284970668151,1.7556993468001156,0.5891021490097046,0.49022871255874634
2024-01-31,13,NVDA,1.2950344045788258,2.2492260383893528,0.3408427707682988,1.2208806276321411,0.15775291621685028
2024-01-31,14,INTC,1.2665973784831168,1.1013271955692316,1.4318675613970018,0.6655826568603516,0.4141317903995514
2024-01-31,15,SMCI,1.2608101226818802,2.292782930294454,0.2288373150693065,1.2419513463974,0.13143286108970642
2024-01-31,16,META,1.2589289931701677,1.9556501128256438,0.5622078735146915,1.0788627862930298,0.2097712904214859
2024-01-31,17,SIG,1.2516298506788435,0.6923390229574578,1.8109206784002292,0.4677339494228363,0.5032051205635071
2024-01-31,18,WFRD,1.1963329882530793,1.0752661012782065,1.3173998752279523,0.6529755592346191,0.3872331380844116
2024-01-31,19,ANET,1.1781603268258634,1.096142256138558,1.2601783975131684,0.6630744338035583,0.37378671765327454
2024-01-31,20,PHM,1.166132901017893,1.4360632676706437,0.8962025343651423,0.8275117874145508,0.28825637698173523
2024-02-29,1,ANF,3.1653830675105503,2.5650598220157357,3.765706313005365,1.2580764293670654,0.9449103474617004
2024-02-29,2,FNMA,3.101325405431062,2.007730875362967,4.194919935499157,0.9930732250213623,1.0498220920562744
2024-02-29,3,SMCI,2.969075385891318,4.106266874225638,1.831883897556998,1.9909018278121948,0.47223037481307983
2024-02-29,4,FMCC,2.477792441372958,1.5917444784981003,3.3638404042478163,0.7952767014503479,0.846683144569397
2024-02-29,5,CRWD,2.190866675169114,2.0558838729215707,2.3258494774166576,1.0159693956375122,0.5929692983627319
2024-02-29,6,SBNY,2.1834496597359117,-9.447938119369299,13.814837438841122,-4.4539594650268555,3.4011974334716797
2024-02-29,7,YELLQ,2.0120361609474506,0.4695082675549536,3.5545640543399473,0.2616668939590454,0.8933013081550598
2024-02-29,8,ANET,1.7122702603785314,1.4316446053889504,1.9928959153681125,0.7191511392593384,0.5115861892700195
2024-02-29,9,APP,1.6974310246753705,2.3906272699928266,1.0042347793579147,1.175135850906372,0.2699299156665802
2024-02-29,10,NVDA,1.6794328946924182,2.3327367203030587,1.026129069081778,1.1476095914840698,0.27528148889541626
2024-02-29,11,DELL,1.624718255890603,1.4729097389291324,1.7765267728520735,0.7387722134590149,0.4586995542049408
2024-02-29,12,GAP,1.564117861356578,0.7037866516844933,2.4244490710286626,0.37306344509124756,0.6170697808265686
2024-02-29,13,AMD,1.5358236794034203,1.6072111159157025,1.464436242891138,0.8026309013366699,0.3824159502983093
2024-02-29,14,VST,1.3462287405689075,1.1896893748373643,1.502768106300451,0.6041043400764465,0.39178532361984253
2024-02-29,15,META,1.3363151022020152,1.9439804954476152,0.7286497089564151,0.9627606868743896,0.20256926119327545
2024-02-29,16,PANW,1.3268680303633211,1.513171533549929,1.1405645271767133,0.7579162120819092,0.3032526969909668
2024-02-29,17,LLY,1.3073493411564172,1.2629380047852903,1.351760677527544,0.6389331817626953,0.3548749089241028
2024-02-29,18,CVNA,1.2942166525257286,2.9542933975214813,-0.3658600924700244,1.4431523084640503,-0.06495936959981918
2024-02-29,19,COIN,1.2717205295295795,1.5699352699530458,0.9735057891061132,0.7849066853523254,0.2624188959598541
2024-02-29,20,UBER,1.2622357812141924,1.4898052944304516,1.0346662679979335,0.7468058466911316,0.2773682177066803
2024-03-31,1,SMCI,4.250786276259143,4.2733704875018175,4.22820206501647,2.1793622970581055,1.1469614505767822
2024-03-31,2,ANF,2.9492513703355243,2.8042836812781236,3.0942190593929246,1.4688187837600708,0.8658098578453064
2024-03-31,3,COIN,2.7611533995764175,2.1331011013136645,3.389205697839171,1.1441923379898071,0.9389467239379883
2024-03-31,4,SBNY,2.7427350133645954,-8.610759715393094,14.096229742122285,-4.052219867706299,3.593569278717041
2024-03-31,5,CVNA,2.6707083297876046,4.08235845043158,1.259058209143629,2.0869767665863037,0.41081327199935913
2024-03-31,6,YELLQ,2.577988768484992,1.368660693486094,3.78731684348389,0.77446049451828,1.037651538848877
2024-03-31,7,FNMA,2.1570670611545313,1.8671173338689109,2.447016788440152,1.0155457258224487,0.7053471803665161
2024-03-31,8,CRWD,2.0921198024341483,1.810125829731117,2.3741137751371797,0.9879810214042664,0.6872721314430237
2024-03-31,9,PLTR,1.926175037542125,2.1716394002200996,1.6807106748641503,1.1628319025039673,0.5153547525405884
2024-03-31,10,NVDA,1.904517991159901,2.3032071710550284,1.505828811264774,1.226466417312622,0.4719958007335663
2024-03-31,11,APP,1.8740851795684481,2.841827467290676,0.9063428918462205,1.4869773387908936,0.3233635723590851
2024-03-31,12,AMD,1.8200783593818426,1.6202287069298948,2.0199280118337906,0.8961347341537476,0.599457859992981
2024-03-31,13,FMCC,1.7941436787577851,1.578259523393263,2.0100278341223072,0.8758357763290405,0.5970032811164856
2024-03-31,14,VST,1.7886605590735116,1.7031630719527913,1.874158046194232,0.9362470507621765,0.5633167028427124
2024-03-31,15,META,1.7708046574921354,1.8996651406103362,1.6419441743739345,1.0312879085540771,0.5057432651519775
2024-03-31,16,DELL,1.6557179149864565,1.5686288922122062,1.7428069377607065,0.8711777925491333,0.5307504534721375
2024-03-31,17,UBER,1.6357368195472826,1.5690917658713666,1.7023818732231988,0.8714016675949097,0.5207277536392212
2024-03-31,18,DECK,1.5380162522532848,1.3510781491711263,1.7249543553354432,0.765956461429596,0.5263242125511169
2024-03-31,19,CEG,1.5056958948860275,1.4610779299676477,1.5503138598044073,0.8191593289375305,0.48302510380744934
2024-03-31,20,FIX,1.4782338016853975,1.3138337029131268,1.6426339004576684,0.7479426860809326,0.5059142708778381
2024-04-30,1,SBNY,10.798692635504791,5.559516940870016,16.037868330139567,2.5311782360076904,4.562610626220703
2024-04-30,2,SMCI,4.4754871769932905,4.8900794736440405,4.06089488034254,2.2491209506988525,1.303804636001587
2024-04-30,3,YELLQ,3.456962011533782,2.201938060923022,4.711985962144542,1.1165134906768799,1.4809595346450806
2024-04-30,4,CVNA,3.3735229354120255,4.761514958546637,1.9855309122774145,2.1949522495269775,0.739120364189148
2024-04-30,5,COIN,3.3511872742303623,2.7964889615645325,3.905885586896192,1.367018461227417,1.261628270149231
2024-04-30,6,FNMA,2.714220102722592,2.738709058078262,2.689731147366922,1.3426737785339355,0.9307256937026978
2024-04-30,7,ANF,2.668035500526609,3.130418313581742,2.205652687471476,1.5077145099639893,0.7990131378173828
2024-04-30,8,GAP,2.460262508070275,2.073413439304115,2.847111576836435,1.0623615980148315,0.9735472202301025
2024-04-30,9,FMCC,2.344286888882335,2.3897893778504655,2.2987843999142052,1.1956617832183838,0.8243532776832581
2024-04-30,10,APP,2.177003020439915,3.0657074133385582,1.2882986275412718,1.4804495573043823,0.5494109392166138
2024-04-30,11,NVDA,2.154281143688956,2.35230846453951,1.9562538228384019,1.1798697710037231,0.7311543822288513
2024-04-30,12,VST,2.0821054059911486,2.1363446943009015,2.0278661176813952,1.088876724243164,0.7506393194198608
2024-04-30,13,WSM,1.9094061807515446,1.8865649765222754,1.932247384980814,0.9836358428001404,0.7246224880218506
2024-04-30,14,DELL,1.6243805023091722,2.0884244215851284,1.160336583033216,1.0686862468719482,0.5145938396453857
2024-04-30,15,CRWD,1.6114668496516447,1.565324721457852,1.6576089778454375,0.8482861518859863,0.6498963236808777
2024-04-30,16,HOOD,1.5966104610224567,1.2823400488116397,1.9108808732332736,0.729054868221283,0.7188088893890381
2024-04-30,17,FIX,1.4875117862433263,1.4090244776352265,1.565999094851426,0.782431423664093,0.6249702572822571
2024-04-30,18,MBI,1.427666541298989,0.7741131184529981,2.08121996414498,0.5149211883544922,0.7651563286781311
2024-04-30,19,CEG,1.4164805092460786,1.6096153949616376,1.2233456235305198,0.8669473528862,0.5317379236221313
2024-04-30,20,UBER,1.4104069026316326,1.658060083013531,1.1627537222497344,0.8873587846755981,0.5152515172958374
2024-05-31,1,SBNY,12.997397695085317,8.182824795948033,17.8119705942226,3.5054831504821777,5.632212162017822
2024-05-31,2,CVNA,4.363888435016545,5.691151362105954,3.036625507927136,2.480574607849121,1.1220393180847168
2024-05-31,3,YELLQ,4.230145076663306,3.312834057830542,5.14745609549607,1.5022932291030884,1.766370177268982
2024-05-31,4,SMCI,4.152227717637102,4.759824818450545,3.5446306168236594,2.0974888801574707,1.277107834815979
2024-05-31,5,COIN,2.7234794955972585,2.9005065958621237,2.546452395332394,1.3326891660690308,0.9724140167236328
2024-05-31,6,ANF,2.6396522247838448,3.650964764638314,1.6283396849293759,1.6413776874542236,0.6921601891517639
2024-05-31,7,VST,2.3367837797682145,2.5289855089269433,2.1445820506094857,1.1798701286315918,0.849743127822876
2024-05-31,8,APP,2.323535685579907,3.1210154327843824,1.5260559383754324,1.4233918190002441,0.6609380841255188
2024-05-31,9,NKTR,2.1767824483380545,1.2725509530236694,3.0810139436524397,0.6630566120147705,1.1355888843536377
2024-05-31,10,FMCC,2.1281567016651914,2.476925450741246,1.7793879525891365,1.1584560871124268,0.7382676601409912
2024-05-31,11,NVDA,2.1218004745313435,2.422652389425262,1.8209485596374249,1.136131763458252,0.7509540319442749
2024-05-31,12,FNMA,2.1060060897587847,2.6334928139025884,1.5785193656149812,1.2228574752807617,0.6769525408744812
2024-05-31,13,DELL,1.8485969795672532,2.2711147105654037,1.4260792485691025,1.0737992525100708,0.6304202079772949
2024-05-31,14,WSM,1.6574202909320834,1.8085089535392354,1.5063316283249315,0.8835140466690063,0.6549172401428223
2024-05-31,15,SLG,1.446087920539867,1.681454433132112,1.2107214079476216,0.8312522768974304,0.5646822452545166
2024-05-31,16,PLTR,1.4243891363612293,2.193770598936067,0.6550076737863914,1.041985034942627,0.39505067467689514
2024-05-31,17,CRWD,1.4185377268864001,1.8259620015371592,1.011113452235641,0.8906930685043335,0.5037519335746765
2024-05-31,18,GE,1.4153680381930343,1.4152813952900418,1.4154546810960267,0.7217664122581482,0.6271770596504211
2024-05-31,19,CEG,1.4127739136415145,1.8168343779661285,1.0087134493169008,0.8869385719299316,0.5030193328857422
2024-05-31,20,NRG,1.3717452458458812,1.5731745026655668,1.1703159890261958,0.7867131233215332,0.5523484945297241
2024-06-30,1,SBNY,11.201497659596747,7.997641636322648,14.405353682870848,3.014686346054077,3.891820192337036
2024-06-30,2,YELLQ,4.941600429729652,4.467558917443621,5.415641942015682,1.775886058807373,1.5448994636535645
2024-06-30,3,CVNA,4.590935571025672,5.237826723089516,3.9440444189618282,2.0461935997009277,1.1607133150100708
2024-06-30,4,VST,3.4959459764114533,3.5177492216306345,3.474142731192272,1.4425724744796753,1.0380373001098633
2024-06-30,5,ANF,3.4764296684716465,4.301425268477713,2.6514340684655804,1.7175853252410889,0.8232548832893372
2024-06-30,6,SMCI,3.2570684825831315,2.979357943124211,3.534779022042052,1.2536365985870361,1.0538674592971802
2024-06-30,7,FNMA,2.6575274012238133,2.9953125646057037,2.3197422378419223,1.2592355012893677,0.7366609573364258
2024-06-30,8,FMCC,2.6574488317807954,2.802032585951918,2.5128650776096726,1.191408395767212,0.7870790362358093
2024-06-30,9,APP,2.62257061186002,2.7726061996416513,2.472535024078389,1.1810818910598755,0.7765501737594604
2024-06-30,10,NVDA,2.600672508580021,2.439684982014051,2.7616600351459915,1.0642509460449219,0.8520312905311584
2024-06-30,11,COIN,2.428096429412302,3.08248294749129,1.773709911333314,1.2898259162902832,0.5941097140312195
2024-06-30,12,NKTR,2.3929246587060384,1.6398618744607205,3.1459874429513563,0.7835716605186462,0.9523666501045227
2024-06-30,13,HOOD,2.3223114462288916,1.833296925499506,2.811325966958277,0.8514531850814819,0.8649974465370178
2024-06-30,14,DELL,2.2841903129319,2.703879749162598,1.8645008767012026,1.1569639444351196,0.6178122758865356
2024-06-30,15,GAP,2.0737760894865622,3.1928336795721433,0.9547184994009814,1.328550934791565,0.3802977502346039
2024-06-30,16,CEG,1.9450644825099797,2.138237853515515,1.7518911115044444,0.9584650993347168,0.5884135365486145
2024-06-30,17,EME,1.8384317012604798,1.8606978592455599,1.8161655432753998,0.8610689043998718,0.6051934957504272
2024-06-30,18,NRG,1.777577465990405,1.9899208835960027,1.565234048384807,0.9064167141914368,0.53968346118927
2024-06-30,19,WSM,1.7066183152608023,2.1709708654459163,1.2422657650756883,0.9699519872665405,0.45536696910858154
2024-06-30,20,THC,1.6546591489476192,1.2347591324705267,2.074559165424712,0.6414102911949158,0.6726516485214233
2024-07-31,1,CVNA,3.93503309504448,4.009442792236805,3.860623397852155,1.6026246547698975,0.8884803652763367
2024-07-31,2,SMCI,3.7648728714468938,2.8987009376175847,4.631044805276202,1.1900548934936523,1.058621883392334
2024-07-31,3,SBNY,3.6315947264852753,6.006891379813314,1.256298073157237,2.3445494174957275,0.3133355677127838
2024-07-31,4,ANF,3.4422035099684347,3.8724883998077866,3.0119186201290833,1.5517548322677612,0.7010505795478821
2024-07-31,5,YELLQ,3.348771402472713,5.937727850256388,0.7598149546890388,2.318859577178955,0.20369116961956024
2024-07-31,6,NVDA,3.279191050371,2.580948337979306,3.977433762762694,1.0720300674438477,0.9142770171165466
2024-07-31,7,VST,3.2188532444378932,2.937090672986543,3.5006158158892435,1.2043142318725586,0.8089755177497864
2024-07-31,8,APP,3.0134239124238533,2.85501951922325,3.1718283056244565,1.1738300323486328,0.7363653779029846
2024-07-31,9,NKTR,2.5797943431980173,1.762823588627828,3.3967650977682067,0.7681488990783691,0.7860409021377563
2024-07-31,10,DELL,2.406786639018063,2.2698666673514563,2.5437066106846693,0.9564830660820007,0.5976496338844299
2024-07-31,11,FMCC,2.3420678546106988,2.7518438960044334,1.9322918132169642,1.1355068683624268,0.4626234769821167
2024-07-31,12,HOOD,2.18169960936435,1.9084026412910127,2.4549965774376874,0.8222222328186035,0.5780587196350098
2024-07-31,13,CEG,2.0581874489268346,1.8250236510206599,2.2913512468330093,0.7912522554397583,0.541918933391571
2024-07-31,14,FNMA,2.0093561829373336,2.868009625388467,1.1507027404862005,1.1786550283432007,0.29001566767692566
2024-07-31,15,CRWD,1.9762756629608043,2.276597612417547,1.6759537135040612,0.9589831829071045,0.40601322054862976
2024-07-31,16,EME,1.88496510461817,1.5370537782982503,2.2328764309380893,0.684289813041687,0.529005229473114
2024-07-31,17,COIN,1.8466721350930886,2.745946275475909,0.947397994710268,1.1333162784576416,0.2451174110174179
2024-07-31,18,NRG,1.7534563264866039,1.7560737080147641,1.7508389449584434,0.7656417489051819,0.4225510358810425
2024-07-31,19,MU,1.7441331162616915,1.6875928209733024,1.8006734115500804,0.7402054667472839,0.43355658650398254
2024-07-31,20,THC,1.708032799526791,1.0178672370181472,2.398198362035435,0.4914451241493225,0.5655152797698975
2024-08-31,1,SBNY,5.986148708417404,10.284659337983442,1.6876380788513654,3.85439395904541,0.4531964659690857
2024-08-31,2,CVNA,3.7310598895099396,2.607631296142726,4.854488482877153,1.0645229816436768,1.1294825077056885
2024-08-31,3,NKTR,3.0011079621800123,2.20076032458121,3.8014555997788144,0.9166640043258667,0.9046056270599365
2024-08-31,4,VST,2.6290441511042983,2.5834879799578303,2.674600322250766,1.0557491779327393,0.6639638543128967
2024-08-31,5,LUMN,2.6204122472054623,1.2335830146245468,4.007241479786377,0.5651868581771851,0.9485515356063843
2024-08-31,6,NVDA,2.390813797593184,2.2052051878190544,2.576422407367314,0.9182792901992798,0.6429978013038635
2024-08-31,7,APP,2.3290589625917386,2.1502145207635204,2.5079034044199573,0.8982954025268555,0.6283654570579529
2024-08-31,8,ANF,2.296231201638113,3.295810937326561,1.296651465949665,1.3146109580993652,0.3697006404399872
2024-08-31,9,COIN,2.063332247366443,1.9404866832020742,2.1861778115308117,0.8220792412757874,0.5596604347229004
2024-08-31,10,THC,1.9660415052359208,1.5901128757012442,2.3419701347705977,0.6947516202926636,0.5929301381111145
2024-08-31,11,WSM,1.8691798803440993,1.936220926630493,1.8021388340577058,0.820529043674469,0.4776482880115509
2024-08-31,12,HOOD,1.7897048602627417,0.9708599419688806,2.6085497785566027,0.46971195936203003,0.6498586535453796
2024-08-31,13,HWM,1.73589266708905,1.4118771402055648,2.0599081939725354,0.6299798488616943,0.5326953530311584
2024-08-31,14,TPL,1.698893585382175,1.1696530879310427,2.228134082833307,0.5419543981552124,0.5686202645301819
2024-08-31,15,YELLQ,1.6838934134045758,2.753065581114052,0.6147212456950998,1.1173745393753052,0.22407333552837372
2024-08-31,16,GE,1.613797604701383,1.4111710466174128,1.816424162785353,0.6297232508659363,0.48069894313812256
2024-08-31,17,CEG,1.6050118021309037,1.5587270567121612,1.651296547549646,0.6833458542823792,0.44543567299842834
2024-08-31,18,EME,1.5626891164229417,1.2202320232016495,1.9051462096442338,0.5603350400924683,0.4996456801891327
2024-08-31,19,PBI,1.561338300669513,1.2338864462477945,1.8887901550912312,0.5652971267700195,0.4961528182029724
2024-08-31,20,FIX,1.5159357790151633,1.471583954771836,1.5602876032584905,0.6516776084899902,0.42600056529045105
2024-09-30,1,SBNY,4.585325854220622,9.661684465005479,-0.49103275656423384,3.54227614402771,-0.051293306052684784
2024-09-30,2,LUMN,3.8910324545964925,2.9544387470033566,4.827626162189628,1.1944940090179443,1.1758019924163818
2024-09-30,3,CVNA,2.6862351165776936,2.672375545059036,2.7000946880963514,1.0957615375518799,0.684948205947876
2024-09-30,4,VST,2.0765593127998576,2.450560531934178,1.7025580936655376,1.018118143081665,0.45480138063430786
2024-09-30,5,PBI,2.0435215773756283,1.8480508879151192,2.2389922668361373,0.8072176575660706,0.5785648822784424
2024-09-30,6,NKTR,2.008096369163693,1.7304525248530318,2.2857402134743543,0.7660539150238037,0.5893503427505493
2024-09-30,7,THC,1.9757289454274156,1.7130763570712095,2.2383815337836217,0.7599716186523438,0.5784239768981934
2024-09-30,8,NRG,1.7979204426854642,1.9548544489274944,1.6409864364434341,0.8446028232574463,0.4405958652496338
2024-09-30,9,NVDA,1.790392943630534,2.065943986019487,1.5148419012415808,0.8834882378578186,0.41149240732192993
2024-09-30,10,APP,1.6860997462965712,1.7271482194964576,1.6450512730966849,0.7648972868919373,0.4415336847305298
2024-09-30,11,GDDY,1.661696004512366,1.932338515472761,1.3910534935519714,0.8367214202880859,0.38293254375457764
2024-09-30,12,MMM,1.526851566153291,0.846555013857144,2.207148118449438,0.456657350063324,0.571217954158783
2024-09-30,13,HWM,1.410342627464574,1.4651812561283895,1.355503998800759,0.6731992363929749,0.3747307360172272
2024-09-30,14,ANF,1.3916669891439106,2.427251088406699,0.35608288988112213,1.0099589824676514,0.14414912462234497
2024-09-30,15,SPXC,1.3890250415558274,1.6129043947247341,1.165145688386921,0.7249077558517456,0.3308121860027313
2024-09-30,16,ATGE,1.337649009406058,1.1021801970451093,1.573117821767007,0.5461355447769165,0.42493754625320435
2024-09-30,17,IRM,1.337371821509671,1.2948160057588771,1.3799276372604647,0.6135651469230652,0.38036563992500305
2024-09-30,18,TRGP,1.3292805622696606,1.1311853741398161,1.5273757503995051,0.5562884211540222,0.4143841564655304
2024-09-30,19,NEM,1.3094001565862958,0.5060112263787987,2.112789086793793,0.33745452761650085,0.5494478940963745
2024-09-30,20,GE,1.2998481561142343,1.4087245469826957,1.190971765245773,0.6534373164176941,0.3367706537246704
2024-10-31,1,SBNY,5.1684939024281595,10.957983787846077,-0.6209959829897577,4.422848701477051,-0.13976192474365234
2024-10-31,2,LUMN,4.490018393326411,3.6056977342639547,5.3743390523888666,1.6094379425048828,1.515408992767334
2024-10-31,3,CVNA,2.738855332323582,3.1171572888116597,2.3605533758355044,1.4224940538406372,0.6833736896514893
2024-10-31,4,APP,2.338491330274706,2.4935802777786646,2.1834023827707476,1.1838773488998413,0.6344664692878723
2024-10-31,5,VST,2.29670539960049,2.7640325404929578,1.8293782587080214,1.2873680591583252,0.5367287397384644
2024-10-31,6,PBI,1.7532842746747987,1.7551186179784435,1.7514499313711538,0.9012991189956665,0.5152145624160767
2024-10-31,7,THC,1.681234337108327,1.8175924573257187,1.544876216890935,0.9252052307128906,0.4581844210624695
2024-10-31,8,PLTR,1.6149597397414408,1.6046473171569138,1.625272162325968,0.8437200784683228,0.4803798496723175
2024-10-31,9,NVDA,1.5201868514462453,2.0835733353410184,0.956800367551472,1.0269849300384521,0.29583051800727844
2024-10-31,10,FICO,1.4948508249570742,1.504646307724956,1.4850553421891926,0.805453896522522,0.4416692852973938
2024-10-31,11,CEG,1.4116619030881556,1.6898808878035037,1.1334429183728076,0.8763353824615479,0.34459736943244934
2024-10-31,12,NRG,1.3609632132138594,1.7211154710049583,1.0008109554227602,0.8882875442504883,0.30798080563545227
2024-10-31,13,HWM,1.3519952983051775,1.4302136249210786,1.2737769716892764,0.7769716382026672,0.3833402991294861
2024-10-31,14,IRM,1.3247110057384015,1.2914499189140736,1.3579720925627297,0.7238726019859314,0.40658459067344666
2024-10-31,15,NKTR,1.2608439506378528,1.439565588480713,1.0821223127949928,0.7805502414703369,0.33042895793914795
2024-10-31,16,MMM,1.2350385288318597,0.9728717809986204,1.4972052766650992,0.601966142654419,0.4450235962867737
2024-10-31,17,GE,1.1917907241604675,1.4011898116991688,0.9823916366217662,0.7658654451370239,0.3028956651687622
2024-10-31,18,GME,1.1715980899343852,0.2660966560024501,2.07709952386632,0.33151301741600037,0.6051187515258789
2024-10-31,19,MPWR,1.1256223740632032,1.2291496015675885,1.022095146558818,0.7000328898429871,0.3138568699359894
2024-10-31,20,GDDY,1.1192882097436108,1.3448665017263954,0.8937099177608261,0.7443128824234009,0.27841272950172424
2024-11-30,1,LUMN,4.2539811127657305,3.0540493682685317,5.453912857262929,1.4762978553771973,1.6807808876037598
2024-11-30,2,CVNA,4.188822069850678,4.914641003349079,3.463003136352277,2.214805841445923,1.092766284942627
2024-11-30,3,SBNY,3.962034744285507,11.236169882325308,-3.312100393754294,4.723953723907471,-0.9082585573196411
2024-11-30,4,APP,2.9667639150017218,3.2058146579720437,2.7277131720313994,1.536536693572998,0.8755986094474792
2024-11-30,5,VST,2.108388426117,2.746114676203761,1.4706621760302387,1.354072093963623,0.5043289661407471
2024-11-30,6,PLTR,1.9286983229952963,1.9359759903992428,1.9214206555913498,1.0325109958648682,0.6374603509902954
2024-11-30,7,NVDA,1.763593769023974,2.309205917372312,1.2179816206756364,1.1806538105010986,0.4296998381614685
2024-11-30,8,TPL,1.602522068870916,0.998497060308825,2.206547077433007,0.6604058742523193,0.7216723561286926
2024-11-30,9,FICO,1.5842617874604554,1.4940110915928102,1.6745124833281007,0.8570858240127563,0.5645360946655273
2024-11-30,10,SLG,1.561245623019465,1.8674731775323572,1.2550180685065724,1.0053207874298096,0.44063854217529297
2024-11-30,11,PBI,1.5323124366703267,1.4641453272137004,1.600479546126953,0.8452314734458923,0.542670488357544
2024-11-30,12,THC,1.430252992551642,2.0055870394709214,0.8549189456323625,1.0601410865783691,0.3224693834781647
2024-11-30,13,KKR,1.3854506017173873,1.6572329607727536,1.113668242662021,0.9218720197677612,0.3988909125328064
2024-11-30,14,RCL,1.3382512922487808,1.583077842926409,1.0934247415711524,0.8924382925033569,0.39291200041770935
2024-11-30,15,HOOD,1.3369176529773186,1.7127664066934136,0.9610688992612234,0.9439144134521484,0.3538207411766052
2024-11-30,16,IRM,1.3341910597896032,1.2763533508039726,1.3920287687752335,0.7706928849220276,0.48110461235046387
2024-11-30,17,GME,1.3228162257680263,0.5356663863457558,2.1099660651902967,0.476698637008667,0.6931471824645996
2024-11-30,18,VNO,1.3160796190276085,1.2971203157407236,1.3350389223144936,0.7789357304573059,0.464272677898407
2024-11-30,19,UAL,1.2719107290413434,1.3612823866379964,1.1825390714446906,0.8044030070304871,0.4192318916320801
2024-11-30,20,HWM,1.262987918449595,1.3987448248826977,1.1272310120164923,0.8192726373672485,0.4028966724872589
2024-12-31,1,APP,4.5426182654616145,4.947395580354441,4.137840950568789,2.195533275604248,1.4189832210540771
2024-12-31,2,LUMN,4.4503981013096965,3.7538940122452695,5.146902190374123,1.7233116626739502,1.7386966943740845
2024-12-31,3,CVNA,3.7161592784259323,4.75153485537179,2.6807837014800744,2.1180388927459717,0.9573255777359009
2024-12-31,4,PLTR,2.8373979249447485,2.4506186044217912,3.224177245467706,1.2076568603515625,1.1294957399368286
2024-12-31,5,FMCC,2.682779281254165,3.3080723151702545,2.0574862473380753,1.5469175577163696,0.7598384618759155
2024-12-31,6,SBNY,2.4887785808688307,7.493044487737529,-2.5154873259998674,3.2027463912963867,-0.6890738606452942
2024-12-31,7,FNMA,2.45691249829145,3.036429183906338,1.877395812676561,1.439439058303833,0.702778160572052
2024-12-31,8,TPL,2.42345617020634,2.1126120494237326,2.7343002909889473,1.0739209651947021,0.974281907081604
2024-12-31,9,HOOD,2.286262594906537,3.0647774229465843,1.50774776686649,1.4506553411483765,0.5856579542160034
2024-12-31,10,VST,2.213790747046754,3.2431843171137165,1.1843971769797919,1.521243929862976,0.48320674896240234
2024-12-31,11,AXON,2.148737670344291,2.0136627182492015,2.28381262243938,1.0347706079483032,0.831548273563385
2024-12-31,12,UAL,1.6165081172012314,1.6709963851155858,1.5620198492868773,0.8991910219192505,0.6028536558151245
2024-12-31,13,FICO,1.479138889025733,1.3723709209395463,1.58590685711192,0.7810366749763489,0.6104220747947693
2024-12-31,14,TRGP,1.4658622112501778,1.5141863845560366,1.4175380379443188,0.8371474742889404,0.5570756793022156
2024-12-31,15,JEF,1.430745328550863,1.4910110234938962,1.3704796336078293,0.8279778957366943,0.5421655774116516
2024-12-31,16,FIX,1.3650261523496903,1.7710281068857454,0.959024197813635,0.9387696385383606,0.41179901361465454
2024-12-31,17,RCL,1.3648647100342433,1.47749402127066,1.2522353987978267,0.8226297497749329,0.504700779914856
2024-12-31,18,IBKR,1.337444277617625,1.683781399043184,0.9911071561920657,0.9042495489120483,0.42196425795555115
2024-12-31,19,NVDA,1.2651230650240135,2.1383999112109096,0.39184621883711745,1.084124207496643,0.2320929318666458
2024-12-31,20,KKR,1.232622820083228,1.3459218744169186,1.1193237657495376,0.7705718278884888,0.46258872747421265
2025-01-31,1,APP,4.969113437347836,5.212504031172304,4.725722843523369,2.0950963497161865,1.3587309122085571
2025-01-31,2,LUMN,4.021476804762589,2.536044396384243,5.506909213140935,1.06527578830719,1.5742815732955933
2025-01-31,3,PLTR,3.693344983744934,3.6208844867563994,3.7658054807334684,1.482689380645752,1.0938634872436523
2025-01-31,4,FMCC,3.1340903433594764,3.2654572962383757,3.002723390480577,1.3459317684173584,0.8833082914352417
2025-01-31,5,FNMA,2.74444464964043,2.6787502075439797,2.8101390917368803,1.1201846599578857,0.8301690220832825
2025-01-31,6,CVNA,2.362055361851811,3.2651632772009913,1.4589474465026304,1.3458186388015747,0.4573383331298828
2025-01-31,7,VST,2.3173728862379193,3.1075071091930107,1.5272386632828274,1.285157322883606,0.4761817455291748
2025-01-31,8,UAL,2.1485503353306012,1.9917504058371331,2.305350264824069,0.855847954750061,0.690883994102478
2025-01-31,9,AXON,2.1410892436769666,1.9328376966830771,2.349340790670856,0.8331801295280457,0.7030221819877625
2025-01-31,10,HOOD,2.076212998427308,2.5565705810679007,1.5958554157867155,1.0731736421585083,0.4951149821281433
2025-01-31,11,TSLA,1.7082187392272852,1.0296384779849854,2.3867990004695847,0.4856564402580261,0.7133579254150391
2025-01-31,12,CIEN,1.6323912630093351,1.4139524967412889,1.8508300292773814,0.6335288286209106,0.5654694437980652
2025-01-31,13,TPL,1.552386185106586,1.7606585683095408,1.3441138019036314,0.7669308185577393,0.4256525933742523
2025-01-31,14,JEF,1.5210701873491859,1.5538240759157855,1.4883162987825862,0.6873471736907959,0.4654420018196106
2025-01-31,15,IBKR,1.443707158905109,1.749945927365768,1.13746839044445,0.7628089189529419,0.3686334788799286
2025-01-31,16,AVGO,1.4282379306603175,1.7017951205115902,1.1546807408090445,0.7442819476127625,0.3733828365802765
2025-01-31,17,TPR,1.3605451862736175,1.335249889776435,1.3858404827708002,0.6032464504241943,0.43716612458229065
2025-01-31,18,TRGP,1.35931123350962,1.6972441767390514,1.0213782902801887,0.742530882358551,0.33660104870796204
2025-01-31,19,FIX,1.3347758929062534,1.6568955631603755,1.0126562226521314,0.7270059585571289,0.3341943919658661
2025-01-31,20,HWM,1.3266809537618935,1.6038186206956477,1.0495432868281396,0.706583559513092,0.34437254071235657
2025-02-28,1,APP,5.259517269945583,5.143962656217654,5.375071883673512,2.1956565380096436,1.567291021347046
2025-02-28,2,FMCC,4.377067173035666,3.705444772975393,5.048689573095938,1.619099736213684,1.4747052192687988
2025-02-28,3,FNMA,4.1604807117135465,3.3379709849055894,4.982990438521504,1.4718165397644043,1.4560681581497192
2025-02-28,4,PLTR,3.7726778859353054,3.743816381636716,3.8015393902338945,1.63447904586792,1.120922565460205
2025-02-28,5,HOOD,3.3573278795044645,3.5986755064199065,3.115980252589022,1.576306700706482,0.9264480471611023
2025-02-28,6,CVNA,3.03097354995338,4.028887473970345,2.0330596259364153,1.7487353086471558,0.6192528605461121
2025-02-28,7,VST,2.861554210384919,3.2083454918330774,2.5147629289367606,1.4198627471923828,0.7558990120887756
2025-02-28,8,UAL,2.4206066000981004,2.008912018381392,2.8323011818148083,0.9391307830810547,0.8459759950637817
2025-02-28,9,AXON,2.3274685033234084,2.0675349706531994,2.5874020359936174,0.9626268148422241,0.7765047550201416
2025-02-28,10,LUMN,2.295681018795116,3.155081317287596,1.4362807203026364,1.3985145092010498,0.44996288418769836
2025-02-28,11,IBKR,1.9477700233246753,1.9169187255543931,1.9786213210949577,0.9022599458694458,0.60381019115448
2025-02-28,12,ALK,1.8287181593203918,1.4499335326196077,2.207502786021176,0.715092658996582,0.6687376499176025
2025-02-28,13,TPL,1.764843954293572,2.1600084625499187,1.3696794460372252,0.9996901154518127,0.43106991052627563
2025-02-28,14,CEG,1.7017700462306133,1.9277574833117286,1.475782609149498,0.9066041111946106,0.461168497800827
2025-02-28,15,TSLA,1.6985581053882957,1.5875287836188428,1.8095874271577488,0.7702407240867615,0.5558598637580872
2025-02-28,16,TPR,1.662214253672948,1.3150697205530313,2.009358786792865,0.6610393524169922,0.6125295758247375
2025-02-28,17,RCL,1.6285683513439042,1.5177745521991333,1.739362150488675,0.742283284664154,0.5359388589859009
2025-02-28,18,TRGP,1.506157475905344,1.812042148240261,1.2002728035704266,0.8602254986763,0.38301384449005127
2025-02-28,19,DASH,1.4405566151473914,1.1491404937230247,1.731972736571758,0.5945350527763367,0.5338426828384399
2025-02-28,20,PBI,1.3218265132710612,1.6869264219033555,0.9567266046387668,0.8100792169570923,0.3139263987541199
2025-03-31,1,FNMA,4.803092171406852,3.735780629228288,5.870403713585415,1.6172810792922974,1.6739764213562012
2025-03-31,2,FMCC,4.63822296791623,3.734501221472298,5.541944714360162,1.6167504787445068,1.5807106494903564
2025-03-31,3,APP,4.16057507172062,3.9266342906868843,4.394515852754356,1.6964325904846191,1.2548987865447998
2025-03-31,4,PLTR,3.1234387989022308,2.7769681392315424,3.469909458572919,1.2196389436721802,0.9923572540283203
2025-03-31,5,HOOD,2.8650562947703806,2.5421219371666313,3.1879906523741295,1.1222426891326904,0.912306547164917
2025-03-31,6,UAL,2.1097276255288433,1.5813281041768423,2.6381271468808443,0.7237788438796997,0.7561730742454529
2025-03-31,7,CVNA,2.0268775038996645,2.5407065689818427,1.5130484388174865,1.1216557025909424,0.4367075264453888
2025-03-31,8,TPL,2.0121791677337537,2.291485929023979,1.7328724064435288,1.0182980298995972,0.4991264343261719
2025-03-31,9,TPR,1.966471993068,1.32092579686066,2.61201818927534,0.6157838702201843,0.7487594485282898
2025-03-31,10,ALK,1.9222840553033798,1.4254780731144256,2.419090037492334,0.6591441631317139,0.6939775943756104
2025-03-31,11,PBI,1.9054451865673703,2.2897385644432866,1.5211518086914542,1.017573356628418,0.4390084743499756
2025-03-31,12,VST,1.7935480947813154,2.0216450072886647,1.565451182273966,0.9063886404037476,0.4515872597694397
2025-03-31,13,IBKR,1.4909494895980089,1.373943178022986,1.6079558011730317,0.6377714276313782,0.4636564254760742
2025-03-31,14,RCL,1.4601744635981326,1.512809078310709,1.4075398488855562,0.695362389087677,0.4067484140396118
2025-03-31,15,HWM,1.3878005643071687,1.5772395182588022,1.1983616103555352,0.7220832109451294,0.34735235571861267
2025-03-31,16,TRGP,1.3701927443507838,1.6196825986295151,1.1207028900720524,0.7396853566169739,0.3253012001514435
2025-03-31,17,FOX,1.360209637242109,1.5177834191153101,1.2026358553689078,0.697425365447998,0.3485660254955292
2025-03-31,18,FOXA,1.313742728390055,1.46357904304659,1.1639064137335198,0.6749455332756042,0.33756881952285767
2025-03-31,19,ATGE,1.3111149278577097,1.5867675273784758,1.0354623283369435,0.7260347008705139,0.30109718441963196
2025-03-31,20,ETR,1.2794431367071888,1.2287532494181368,1.330133023996241,0.5775577425956726,0.3847687840461731
2025-04-30,1,FNMA,5.290976803612818,3.4349580391943246,7.14699556803131,1.392643690109253,1.678204894065857
2025-04-30,2,FMCC,4.981952071817549,3.3970290572512716,6.566875086383826,1.3769919872283936,1.537334680557251
2025-04-30,3,PLTR,3.4096644421061892,3.2095773356827246,3.6097515485296534,1.2996385097503662,0.8192586302757263
2025-04-30,4,APP,3.2320120682476725,3.3130243469313356,3.1509997895640094,1.3423267602920532,0.7078602910041809
2025-04-30,5,HOOD,2.2120964693698184,1.820367129146021,2.6038258095936153,0.7263696193695068,0.574990451335907
2025-04-30,6,TPL,2.0112329261381685,2.114612553833535,1.907853298442802,0.847792387008667,0.4059879779815674
2025-04-30,7,PBI,1.593267052144774,1.9169298059999447,1.2696042982896034,0.7662169933319092,0.2510024607181549
2025-04-30,8,CVNA,1.574698381776665,2.159712729474449,0.9896840340788813,0.866403341293335,0.1830296367406845
2025-04-30,9,ATGE,1.5545266558303572,1.6883982722570132,1.4206550394037012,0.6719115972518921,0.2876819968223572
2025-04-30,10,FOX,1.5443308848224522,1.569796827790706,1.5188649418541986,0.6229697465896606,0.3115302324295044
2025-04-30,11,TRGP,1.5195521930519431,1.5201272694428987,1.5189771166609876,0.6024731993675232,0.31155747175216675
2025-04-30,12,TPR,1.5108404209273536,1.0789810656036347,1.9426997762510725,0.42043063044548035,0.4144497215747833
2025-04-30,13,GEV,1.4942768700782092,2.0080690220706083,0.9804847180858101,0.8038263320922852,0.18079577386379242
2025-04-30,14,FOXA,1.488911070633254,1.5256839045854362,1.4521382366810718,0.6047661900520325,0.2953270375728607
2025-04-30,15,HWM,1.4605651789573892,1.6174244274431648,1.3037059304716136,0.6426236629486084,0.2592833340167999
2025-04-30,16,PM,1.4600299242606296,1.498315707109413,1.4217441414118461,0.5934724807739258,0.2879464626312256
2025-04-30,17,EQT,1.402003238951802,0.9851028920624649,1.8189035858411389,0.381691038608551,0.38438838720321655
2025-04-30,18,UNM,1.3608487384366663,1.1375957665576233,1.5841017103157093,0.44461846351623535,0.32737162709236145
2025-04-30,19,T,1.3602356945903715,1.3461235582281557,1.3743478309525874,0.5306691527366638,0.27643725275993347
2025-04-30,20,ETR,1.3447956812417616,1.312574163863914,1.3770171986196094,0.5168247222900391,0.27708545327186584
2025-05-31,1,FNMA,4.982663154930226,3.376187343492948,6.5891389663675035,1.4568731784820557,1.5128319263458252
2025-05-31,2,FMCC,4.589255132777666,3.0994248490455276,6.079085416509804,1.337320327758789,1.3901628255844116
2025-05-31,3,PLTR,4.278505670752349,3.9036682079035723,4.653343133601126,1.6847286224365234,1.0472683906555176
2025-05-31,4,HOOD,2.9476001131536624,2.5299125308055306,3.3652876955017943,1.09130859375,0.7374879717826843
2025-05-31,5,APP,2.665314446510739,3.1039104192170415,2.2267184738044365,1.3392579555511475,0.4636593461036682
2025-05-31,6,NFLX,1.823755517894313,1.671295500967522,1.976215534821104,0.72041255235672,0.403412789106369
2025-05-31,7,VRSN,1.7121171574027936,1.1832630377958084,2.2409712770097787,0.5095975995063782,0.46708717942237854
2025-05-31,8,AXON,1.697194425293791,1.5558522298912827,1.8385366206962992,0.6705446243286133,0.37030068039894104
2025-05-31,9,GME,1.691427217489557,2.1359945270556393,1.2468599079234746,0.9211481809616089,0.22800101339817047
2025-05-31,10,TPR,1.6905375332487402,1.3862105269798384,1.9948645395176423,0.5972646474838257,0.4078979194164276
2025-05-31,11,HWM,1.6874479918887308,1.7015307386666272,1.6733652451108347,0.7334732413291931,0.3305765688419342
2025-05-31,12,GEV,1.6045741823563822,2.0457436078332263,1.163404756879538,0.8821625709533691,0.2079298496246338
2025-05-31,13,ATGE,1.5971647269429896,1.7650927361422573,1.429236717743722,0.760930061340332,0.27186307311058044
2025-05-31,14,TTWO,1.48144363645137,1.1399688962391217,1.8229183766636183,0.4908958673477173,0.3665444552898407
2025-05-31,15,TKO,1.4805111417264207,1.2663818618101124,1.6946404216427293,0.5455023646354675,0.3356932997703552
2025-05-31,16,PM,1.4583308791516996,1.4722682632336856,1.4443934950697135,0.6344389319419861,0.275508314371109
2025-05-31,17,PBI,1.4204834721123403,1.7184275177780075,1.122539426446673,0.7407721281051636,0.19810163974761963
2025-05-31,18,CVNA,1.3770935759239715,2.5054127185324484,0.24877443331549462,1.0807254314422607,-0.012040934525430202
2025-05-31,19,CRWD,1.3587711646391245,0.8891558695410329,1.8283864597372161,0.3825523853302002,0.36785954236984253
2025-05-31,20,TPL,1.3176443081991873,1.9110539732700513,0.7242346431283232,0.8239808082580566,0.10230838507413864
2025-06-30,1,FNMA,4.204545787384186,3.833605933092237,4.575485641676134,1.915973424911499,1.2131953239440918
2025-06-30,2,FMCC,3.509444899461662,3.3987171975627466,3.6201726013605766,1.7003498077392578,0.9405112266540527
2025-06-30,3,PLTR,3.150062490956838,3.6092679043859848,2.690857077527691,1.8047436475753784,0.675247848033905
2025-06-30,4,HOOD,2.301523576634783,2.2931114614556236,2.3099356918139424,1.152175784111023,0.5665178298950195
2025-06-30,5,APP,2.0045771556852485,3.1427784943822634,0.8663758169882335,1.5734519958496094,0.15446878969669342
2025-06-30,6,GEV,1.7577289528127236,1.9673342891296124,1.5481236164958347,0.9906511306762695,0.3490665555000305
2025-06-30,7,CVNA,1.7424007828105275,2.3602806566135466,1.1245209090075083,1.1854791641235352,0.22815360128879547
2025-06-30,8,NRG,1.5904249102560328,1.3267626292622965,1.8540871912497694,0.6730471849441528,0.4364006519317627
2025-06-30,9,ATGE,1.5154417663411883,1.417570358976099,1.6133131737062778,0.7180708646774292,0.36767423152923584
2025-06-30,10,HWM,1.488061894808942,1.3803701477936783,1.5957536418242055,0.6996265053749084,0.36266204714775085
2025-06-30,11,AVGO,1.4771918660148025,1.2038788913800196,1.7505048406495856,0.6121197938919067,0.4068341553211212
2025-06-30,12,AXON,1.3950685659507183,1.945482884239547,0.8446542476618895,0.9798169136047363,0.14826859533786774
2025-06-30,13,PM,1.343531163875825,1.2223357597186526,1.464726568032997,0.6212709546089172,0.3252617418766022
2025-06-30,14,NFLX,1.3249955019708501,1.2441515807003982,1.4058394232413023,0.6320875287055969,0.3084530234336853
2025-06-30,15,URBN,1.2998994441307605,1.010671012090013,1.589127876171508,0.5163247585296631,0.3607707917690277
2025-06-30,16,PBI,1.2743113048701185,1.3184815565440395,1.2301410531961974,0.6689413189888,0.2583017647266388
2025-06-30,17,VRSN,1.2628655422129114,0.8756086815853109,1.650122402840512,0.44935905933380127,0.3781810402870178
2025-06-30,18,TPR,1.1938689265899294,1.2149482518333026,1.172789601346556,0.6176081299781799,0.24193139374256134
2025-06-30,19,PODD,1.1050217113737784,1.1929374406512374,1.017105982096319,0.6066948771476746,0.19749313592910767
2025-06-30,20,CRWD,1.0997799896101506,0.7907838571054812,1.4087761221148198,0.40730178356170654,0.309291273355484
2025-07-31,1,FNMA,3.8819418318091157,4.160281840670658,3.6036018229475735,1.8978190422058105,1.0676500797271729
2025-07-31,2,FMCC,3.5388187932545057,3.958399462628767,3.1192381238802445,1.8088957071304321,0.9255874156951904
2025-07-31,3,HOOD,3.0863564911029173,3.067648000194384,3.1050649820114504,1.4165455102920532,0.9214304685592651
2025-07-31,4,PLTR,2.822386816379145,3.672614202850557,1.972159429907733,1.6830155849456787,0.5891520977020264
2025-07-31,5,GEV,1.9999513863233147,2.4128909842751622,1.5870117883714672,1.1281440258026123,0.4761892557144165
2025-07-31,6,CVNA,1.8608139205941203,2.036431959015023,1.6851958821732178,0.9623247385025024,0.5049864053726196
2025-07-31,7,HWM,1.8124758356572355,1.8438362033811986,1.7811154679332721,0.8774918913841248,0.5331193804740906
2025-07-31,8,NRG,1.7470760264122691,1.5365957835432256,1.9575562692813127,0.7421613931655884,0.5848690271377563
2025-07-31,9,CAR,1.7158452123735324,0.9432644154950871,2.4884260092519774,0.480816125869751,0.7405717968940735
2025-07-31,10,APP,1.6712667560363612,3.113345376066261,0.22918813600646123,1.436673879623413,0.07794296741485596
2025-07-31,11,AXON,1.6470817441038643,2.200393274346067,1.0937702138616616,1.0345449447631836,0.33152273297309875
2025-07-31,12,PBI,1.5270871282996903,1.6480682705796428,1.4061059860197378,0.7912617921829224,0.4231300354003906
2025-07-31,13,DASH,1.492398749929301,1.7089424884550561,1.275855011403546,0.8180751204490662,0.38492774963378906
2025-07-31,14,VST,1.4237587506791674,1.7127181939125273,1.1347993074458074,0.8197382092475891,0.3435564637184143
2025-07-31,15,JBL,1.4102713071382866,1.4360652914638408,1.3844773228127327,0.6978806257247925,0.41678640246391296
2025-07-31,16,NFLX,1.3793622282603302,1.4073687391689096,1.351355717351751,0.685240626335144,0.40707191824913025
2025-07-31,17,PM,1.3509029368176113,1.27021233443722,1.4315935391980026,0.6248272061347961,0.4306054711341858
2025-07-31,18,NKTR,1.3316342693747802,0.5980565857625816,2.065211952986979,0.32876208424568176,0.6164441704750061
2025-07-31,19,TPR,1.2684605803370452,1.5353969814986503,1.0015241791754401,0.7416333556175232,0.30446720123291016
2025-07-31,20,STX,1.2182791348711977,0.6742305164233888,1.7623277533190063,0.36231449246406555,0.5276089906692505
2025-08-31,1,PLTR,2.96157617958601,3.6888388395739233,2.2343135195980968,1.7730534076690674,0.6521307229995728
2025-08-31,2,HOOD,2.845755268488346,3.34789574116059,2.343614795816101,1.611380696296692,0.6849325895309448
2025-08-31,3,FNMA,2.571935527931364,3.8196402557839995,1.324230800078728,1.835078477859497,0.37901028990745544
2025-08-31,4,GEV,2.342428187736254,2.7154866913974116,1.9693696840750963,1.3114969730377197,0.5726197361946106
2025-08-31,5,FMCC,2.104033679649037,3.4810077216107773,0.7270596376872963,1.6745014190673828,0.19979619979858398
2025-08-31,6,CVNA,1.8969958820891604,2.215707950766386,1.5782838134119346,1.0745055675506592,0.45525288581848145
2025-08-31,7,APP,1.8092239986588465,3.3720549767213477,0.2463930205963455,1.6228368282318115,0.05554571375250816
2025-08-31,8,TPR,1.7437124943780322,2.088204826671451,1.3992201620846134,1.0140445232391357,0.4015149772167206
2025-08-31,9,NRG,1.6978571931941109,1.6741862061299748,1.7215281802582472,0.8177199363708496,0.49824124574661255
2025-08-31,10,CAR,1.6234445635488217,1.0505362336439106,2.196352893453733,0.5219897031784058,0.6407385468482971
2025-08-31,11,FIX,1.5972886038892562,1.5384019051627187,1.6561753026157935,0.7533320188522339,0.4786285161972046
2025-08-31,12,VST,1.398290521207064,2.0056057374550553,0.7909753049590728,0.9748766422271729,0.21897761523723602
2025-08-31,13,DASH,1.3345498236397684,1.669411852875044,0.9996877944044926,0.815455973148346,0.281613290309906
2025-08-31,14,ORCL,1.3242107661226172,1.2343050285166028,1.4141165037286318,0.6091315150260925,0.40598544478416443
2025-08-31,15,STX,1.3234614076128621,0.9139686511478625,1.7329541640778618,0.4572303593158722,0.501670241355896
2025-08-31,16,HWM,1.2602768586527957,1.285611194199276,1.2349425231063154,0.633460521697998,0.35221442580223083
2025-08-31,17,JBL,1.2597464100726636,1.3960229054218016,1.1234699147235259,0.6858169436454773,0.3187609314918518
2025-08-31,18,WDC,1.2568001002773885,0.8821664657808899,1.6314337347738872,0.4421499967575073,0.47120344638824463
2025-08-31,19,APH,1.2361044295018293,1.0346585520467981,1.4375503069568607,0.5144606232643127,0.41301804780960083
2025-08-31,20,AXON,1.2243271499267094,1.8973672035335463,0.5512870963198725,0.9235507249832153,0.14704596996307373
2025-09-30,1,FNMA,3.406331638719899,4.781817782688036,2.030845494751762,2.24159574508667,0.5676193833351135
2025-09-30,2,FMCC,3.2308291184374918,4.525199859314476,1.9364583775605069,2.1237971782684326,0.5430865287780762
2025-09-30,3,HOOD,3.067925174537274,3.477732399433989,2.658117949640559,1.6429649591445923,0.7306584119796753
2025-09-30,4,PLTR,2.7996819128147243,3.3951249176877982,2.2042389079416504,1.6050446033477783,0.612687349319458
2025-09-30,5,APP,2.398877530617547,3.470496885784426,1.3272581754506683,1.6396435499191284,0.384744793176651
2025-09-30,6,FOSL,2.303905216731066,2.0687834871006503,2.5390269463614814,0.9961973428726196,0.6997045874595642
2025-09-30,7,GEV,2.252963283415436,2.331858110491047,2.1740684563398247,1.116959810256958,0.6048455238342285
2025-09-30,8,NKTR,2.013624154104081,0.8606434507424018,3.16660485746576,0.44160956144332886,0.8628230094909668
2025-09-30,9,CAR,1.9248766398322668,1.3308456243008524,2.518907655363681,0.657452404499054,0.6944752335548401
2025-09-30,10,FIX,1.9025581416076696,1.4053656757178665,2.3997506074974724,0.6916602849960327,0.6635042428970337
2025-09-30,11,CVNA,1.7561484878394364,1.8677594570426275,1.6445375186362454,0.9039187431335449,0.46721121668815613
2025-09-30,12,SEDG,1.613319294126796,0.6160748052408264,2.6105637830127657,0.3293421268463135,0.7182982563972473
2025-09-30,13,RCL,1.5076735421797411,1.6464327761654658,1.3689143081940165,0.8023203611373901,0.3955719470977783
2025-09-30,14,SSP,1.5062047147427202,0.8075552520046482,2.2048541774807924,0.41723981499671936,0.6128472685813904
2025-09-30,15,STX,1.4495221391333486,1.0908518272023897,1.8081924510643075,0.5472850203514099,0.5097479820251465
2025-09-30,16,VST,1.4192656421727183,1.6448768368922135,1.193654447453223,0.8016061186790466,0.35001885890960693
2025-09-30,17,WDC,1.3584867808049268,0.9549861788882953,1.7619873827215582,0.48491689562797546,0.49773848056793213
2025-09-30,18,APH,1.3577706515434997,0.9613437418246734,1.754197561262326,0.4878352880477905,0.4957137703895569
2025-09-30,19,NEM,1.3397546495511214,0.6680763265373842,2.0114329725648585,0.35321304202079773,0.5625737309455872
2025-09-30,20,AVGO,1.320304456344046,1.2356006643231812,1.405008248364911,0.6137309074401855,0.40495339035987854
2025-10-31,1,HOOD,3.836375204027586,4.0583852773757805,3.614365130679391,1.8105121850967407,1.2355217933654785
2025-10-31,2,NKTR,3.7551312670673482,2.368063080531886,5.142199453602811,1.0708808898925781,1.7189075946807861
2025-10-31,3,FMCC,3.718657923459596,5.235984224029302,2.2013316228898896,2.325792074203491,0.7884573936462402
2025-10-31,4,FNMA,3.4899297184301847,5.230860794732385,1.7489986421279846,2.323550224304199,0.6453454494476318
2025-10-31,5,APP,3.3403484998280804,3.8183147734704814,2.8623822261856793,1.7054649591445923,0.9976047277450562
2025-10-31,6,PLTR,2.849894243375026,3.5544426358336905,2.1453458509163617,1.5900028944015503,0.770744264125824
2025-10-31,7,WDC,2.508228408430196,1.8574758639160345,3.1589809529443573,0.8474641442298889,1.091444492340088
2025-10-31,8,STX,2.3483561127723434,1.7304642099788694,2.9662480155658177,0.7918878793716431,1.0304664373397827
2025-10-31,9,CIEN,2.1891376821933144,1.8880542041266368,2.490221160259992,0.8608442544937134,0.8798580765724182
2025-10-31,10,FIX,2.1628086244671376,1.639901889624026,2.685715359310249,0.752260684967041,0.9417097568511963
2025-10-31,11,FOSL,1.984991121302376,1.7190699876455928,2.250912254959159,0.786902129650116,0.804144024848938
2025-10-31,12,GEV,1.9315851884485284,1.9369131285942722,1.9262572483027849,0.88222336769104,0.7014276385307312
2025-10-31,13,WBD,1.7461615158032278,1.8900981543712458,1.6022248772352097,0.8617386221885681,0.5989082455635071
2025-10-31,14,CAR,1.6917834049349707,1.305859530234089,2.0777072796358524,0.6060943603515625,0.7493443489074707
2025-10-31,15,SEDG,1.6698960612646698,1.0161905065360557,2.323601615993284,0.4793443977832794,0.8271419405937195
2025-10-31,16,AVGO,1.645377963486609,1.4248999825441944,1.8658559444290235,0.658182680606842,0.6823174953460693
2025-10-31,17,CVNA,1.6311658105448525,1.6877427211807512,1.574588899908954,0.7731943130493164,0.5901646018028259
2025-10-31,18,COIN,1.6080361653916917,1.3805983655996272,1.835473965183756,0.6387977004051208,0.6727050542831421
2025-10-31,19,TPR,1.604371429465086,1.9721965727968134,1.2365462861333585,0.8976622819900513,0.48321256041526794
2025-10-31,20,APH,1.565237653578155,1.4047142541271411,1.7257610530291687,0.6493500471115112,0.6379933953285217
2025-11-30,1,NKTR,3.8581167009110806,2.932576421004657,4.783656980817504,1.2913062572479248,1.6940439939498901
2025-11-30,2,HOOD,3.5868409743756544,4.192912810107341,2.980769138643968,1.832360029220581,1.0948721170425415
2025-11-30,3,FMCC,3.05183819075071,4.582955283945049,1.5207210975563712,1.999802589416504,0.6096396446228027
2025-11-30,4,WDC,2.9620390465026363,2.5245075930674847,3.3995704999377883,1.1161251068115234,1.2340565919876099
2025-11-30,5,FNMA,2.851967163484522,4.569587691055867,1.1343466359131775,1.9940639734268188,0.4812319278717041
2025-11-30,6,CIEN,2.645237471435606,2.476243304551253,2.8142316383199586,1.0954055786132812,1.039525032043457
2025-11-30,7,APP,2.64479584310196,3.0112583076739057,2.278333378530014,1.32508385181427,0.8614245653152466
2025-11-30,8,STX,2.4910176824343506,2.1604687375998735,2.821566627268828,0.9598457217216492,1.041962742805481
2025-11-30,9,PLTR,2.429905842157118,3.5899829708708126,1.2698287134434236,1.573526382446289,0.5262580513954163
2025-11-30,10,WBD,2.4198887816772126,2.2906453889455625,2.5491321744088626,1.0157296657562256,0.951421856880188
2025-11-30,11,MU,2.360848476369565,1.818686803498738,2.9030101492403917,0.8131210803985596,1.069029688835144
2025-11-30,12,SEDG,2.2305734317309494,1.604517633143927,2.8566292303179717,0.721179723739624,1.0536154508590698
2025-11-30,13,FIX,2.2002014455163637,2.0388183384793215,2.361584552553406,0.9076220393180847,0.8890922665596008
2025-11-30,14,LUMN,1.963132350063602,1.0321495118117503,2.8941151883154537,0.4754660129547119,1.0660735368728638
2025-11-30,15,AMD,1.9309111189039414,1.2648126618175615,2.597009575990321,0.5753467082977295,0.9673334360122681
2025-11-30,16,LRCX,1.8826031045551876,1.6971013832256083,2.068104825884767,0.76092529296875,0.7915571928024292
2025-11-30,17,TER,1.7881974073367994,1.187061305565888,2.389333509107711,0.541968584060669,0.898314356803894
2025-11-30,18,AVGO,1.7109220052240102,1.759745296295257,1.662098714152763,0.7878178954124451,0.6566250920295715
2025-11-30,19,GLW,1.6233679119064042,1.4347562289420885,1.81197959487072,0.6483023166656494,0.7064365148544312
2025-11-30,20,APH,1.56522960695884,1.6480279136777998,1.4824313002398803,0.7398583889007568,0.5969144105911255
2025-12-31,1,NKTR,4.847447840172782,3.423365404861364,6.2715302754842,1.3385343551635742,1.7918360233306885
2025-12-31,2,WDC,3.3622043975653635,2.7881299839811255,3.9362788111496014,1.088686227798462,1.156245470046997
2025-12-31,3,CIEN,2.9404534776397844,2.752472895961271,3.1284340593182973,1.0746617317199707,0.9363725781440735
2025-12-31,4,STX,2.743628503505003,2.6351469342909914,2.8521100727190145,1.0285155773162842,0.8611648678779602
2025-12-31,5,MU,2.668627670950406,2.2717171731964596,3.0655381687043524,0.8855729103088379,0.9192540645599365
2025-12-31,6,KSS,2.6445387214395195,1.4576224151344679,3.8314550277445707,0.5653765797615051,1.1277153491973877
2025-12-31,7,HOOD,2.637987121303552,3.148547353682585,2.1274268889245183,1.230444073677063,0.6639262437820435
2025-12-31,8,WBD,2.5212651706859193,2.126826875552448,2.91570346581939,0.8285852670669556,0.8784732222557068
2025-12-31,9,B,2.4053262236617776,2.260393200238622,2.5502592470849335,0.8811190128326416,0.7790094614028931
2025-12-31,10,SEDG,2.234126632393674,2.1510787630369075,2.3171745017504413,0.8381239175796509,0.7155702710151672
2025-12-31,11,FOSL,2.0779959159518833,1.85965831025495,2.2963335216488168,0.7235036492347717,0.7098979353904724
2025-12-31,12,TER,2.043567879461731,1.3098805142686316,2.7772552446548304,0.5072673559188843,0.8407914638519287
2025-12-31,13,FIX,2.042058494912048,1.7666034821556031,2.317513507668493,0.686903715133667,0.7156625390052795
2025-12-31,14,LRCX,2.0346416587364433,1.9472408849483294,2.1220424325245575,0.7579512596130371,0.6624607443809509
2025-12-31,15,SSP,1.9906947694883859,1.9246217323903696,2.0567678065864023,0.7490547895431519,0.6446948051452637
2025-12-31,16,AVGO,1.967956358559648,2.360537256095686,1.5753754610236101,0.9205072522163391,0.5136731863021851
2025-12-31,17,NEM,1.8652030194445672,2.024810039091924,1.7055959997972105,0.7884604334831238,0.5491155982017517
2025-12-31,18,INTC,1.8592335972572611,1.3489841672071214,2.369483027307401,0.5226474404335022,0.7298071980476379
2025-12-31,19,VIAV,1.8496494905442704,1.5214116744510162,2.177887306637525,0.5904659032821655,0.6776601672172546
2025-12-31,20,SANM,1.837973512802714,1.7396150133361963,1.9363320122692316,0.6762887239456177,0.6119155287742615
2026-01-31,1,WDC,3.0617381535551216,2.933152183755303,3.1903241233549395,1.344943881034851,0.9923032522201538
2026-01-31,2,CIEN,2.793438635251063,2.181307582280387,3.405569688221739,1.0143519639968872,1.0562504529953003
2026-01-31,3,MU,2.6712616250068195,2.659186318737612,2.683336931276027,1.2244789600372314,0.8416826725006104
2026-01-31,4,WBD,2.554992200518349,2.1556038895791465,2.954380511457552,1.0030498504638672,0.9222068786621094
2026-01-31,5,FOSL,2.3544016702283446,1.7201907799078957,2.9886125605487934,0.8115953207015991,0.9323768615722656
2026-01-31,6,B,2.319723763500109,2.2714479484003176,2.367999578599901,1.0539873838424683,0.7479992508888245
2026-01-31,7,STX,2.3005902745831213,2.5568074932317644,2.0443730559344786,1.179462194442749,0.6518532037734985
2026-01-31,8,NKTR,1.9519035494817467,2.3961838815500363,1.5076232174134572,1.1088347434997559,0.4923904538154602
2026-01-31,9,NEM,1.9207798020046634,2.1569350409589005,1.6846245630504262,1.0036351680755615,0.5449756979942322
2026-01-31,10,ALB,1.8345053715223445,1.0505203762093254,2.6184903668353634,0.5171360373497009,0.8224174380302429
2026-01-31,11,KSS,1.834326287602655,0.8185802615797162,2.850072313625594,0.41515016555786133,0.8912180066108704
2026-01-31,12,LRCX,1.8100252600560958,1.857511651356632,1.7625388687555597,0.871976375579834,0.5681232213973999
2026-01-31,13,APP,1.7975807221296358,1.5408648980060162,2.0542965462532554,0.7327443361282349,0.6548013687133789
2026-01-31,14,FIX,1.6982976957989977,1.6764818414666156,1.7201135501313796,0.7923761606216431,0.5555191040039062
2026-01-31,15,TER,1.649431861258332,0.8621005072795893,2.436763215237075,0.43428635597229004,0.7684282064437866
2026-01-31,16,FMCC,1.4999780189212386,2.4513122552798325,0.5486437825626447,1.1330751180648804,0.20748771727085114
2026-01-31,17,VIAV,1.468563632561938,1.165710381526697,1.7714168835971793,0.5677859783172607,0.5707607865333557
2026-01-31,18,GLW,1.449291044886591,1.307200657673852,1.5913814320993298,0.6300003528594971,0.5172741413116455
2026-01-31,19,HOOD,1.4428924065465354,2.399634572947492,0.486150240145579,1.1103520393371582,0.18892154097557068
2026-01-31,20,GOOGL,1.407943449484767,1.0269657745441971,1.7889211244253367,0.50677889585495,0.5759611129760742
