date,ticker,side,price,shares,notional,fee,cash_after,equity_after,price_source,reason
2015-01-30,ALK,BUY,62.0527458190918,200.97927672070884,12471.31597325506,28.684026738486637,237500.00000000646,249971.31597326152,CLOSE_D,enter_or_rebalance
2015-01-30,AMGN,BUY,110.88013458251953,112.47565689031177,12471.31597325506,28.684026738486637,225000.00000001292,250530.64031251438,CLOSE_D,enter_or_rebalance
2015-01-30,AVGO,BUY,7.8805036544799805,1582.5531615819064,12471.31597325506,28.684026738486637,212500.00000001938,250838.598075584,CLOSE_D,enter_or_rebalance
2015-01-30,BBWI,BUY,46.155460357666016,270.20239591616775,12471.31597325506,28.684026738486637,200000.00000002584,251252.37501044932,CLOSE_D,enter_or_rebalance
2015-01-30,CNC,BUY,27.290000915527344,456.99214198850336,12471.31597325506,28.684026738486637,187500.0000000323,251481.57603255362,CLOSE_D,enter_or_rebalance
2015-01-30,DAL,BUY,41.431156158447266,301.01298466208317,12471.31597325506,28.684026738486637,175000.00000003877,251637.97326546878,CLOSE_D,enter_or_rebalance
2015-01-30,EA,BUY,53.34003448486328,233.80779734580304,12471.31597325506,28.684026738486637,162500.00000004523,252373.7534093837,CLOSE_D,enter_or_rebalance
2015-01-30,EW,BUY,20.891645431518555,596.9523087176267,12471.31597325506,28.684026738486637,150000.0000000517,252451.91436584241,CLOSE_D,enter_or_rebalance
2015-01-30,HCA,BUY,65.9565658569336,189.08376764652354,12471.31597325506,28.684026738486637,137500.00000005815,252814.23337261245,CLOSE_D,enter_or_rebalance
2015-01-30,KR,BUY,27.919355392456055,446.6906845788019,12471.31597325506,28.684026738486637,125000.00000006461,253030.3966102122,CLOSE_D,enter_or_rebalance
2015-01-30,LOW,BUY,55.48630905151367,224.76384150325532,12471.31597325506,28.684026738486637,112500.00000007107,253054.08896789313,CLOSE_D,enter_or_rebalance
2015-01-30,LUV,BUY,39.898902893066406,312.5729047407545,12471.31597325506,28.684026738486637,100000.00000007753,253424.7958076332,CLOSE_D,enter_or_rebalance
2015-01-30,MAR,BUY,66.88217163085938,186.466971229457,12471.31597325506,28.684026738486637,87500.000000084,253895.73669467747,CLOSE_D,enter_or_rebalance
2015-01-30,MNST,BUY,19.49164581298828,639.8287806432837,12471.31597325506,28.684026738486637,75000.00000009045,254303.96797609061,CLOSE_D,enter_or_rebalance
2015-01-30,NCLH,BUY,43.7599983215332,284.9935203749365,12471.31597325506,28.684026738486637,62500.00000009691,254682.64076023395,CLOSE_D,enter_or_rebalance
2015-01-30,PANW,BUY,21.064977645874023,592.0403136861531,12471.31597325506,28.684026738486637,50000.00000010336,254782.20403509698,CLOSE_D,enter_or_rebalance
2015-01-30,RCL,BUY,66.19698333740234,188.39704386058585,12471.31597325506,28.684026738486637,37500.000000109816,255039.67184797645,CLOSE_D,enter_or_rebalance
2015-01-30,REGN,BUY,414.36187744140625,30.097643273224605,12471.31597325506,28.684026738486637,25000.00000011627,255298.21598340612,CLOSE_D,enter_or_rebalance
2015-01-30,SIG,BUY,98.07646179199219,127.15911387285921,12471.31597325506,28.684026738486637,12500.000000122724,255209.07030303899,CLOSE_D,enter_or_rebalance
2015-01-30,SWKS,BUY,66.8071517944336,186.67636081282805,12471.31597325506,28.684026738486637,1.2917735148221254e-07,255419.2888674538,CLOSE_D,enter_or_rebalance
2015-04-30,AMGN,SELL,85.66584014892578,112.47565689031177,9635.32164381087,23.0,9612.321643940048,263676.24120136804,OPEN_D,exit
2015-04-30,AVGO,SELL,0.688715934753418,1582.5531615819064,1089.9295799758595,23.0,10679.251223915908,250514.68254327073,OPEN_D,exit
2015-04-30,DAL,SELL,34.46565246582031,301.01298466208317,10374.608917062658,23.861600509244113,21029.99854046932,248971.22576772716,OPEN_D,exit
2015-04-30,HCA,SELL,65.70565795898438,189.08376764652354,12423.873362578552,28.57490873393067,33425.29699431395,247968.66720384188,OPEN_D,exit
2015-04-30,MAR,SELL,66.65348052978516,186.466971229457,12428.672636290621,28.585947063468428,45825.3836835411,246294.6729845608,OPEN_D,exit
2015-04-30,RCL,SELL,53.358856201171875,188.39704386058585,10052.65077208287,23.1210967757906,55854.91335884818,244954.05398307875,OPEN_D,exit
2015-04-30,REGN,SELL,462.1395568847656,30.097643273224605,13909.311525563766,31.99141650879666,69732.23346790315,244772.483672312,OPEN_D,exit
2015-04-30,SIG,SELL,88.84640502929688,127.15911387285921,11297.630134314533,25.984549308923427,81003.87905290876,242055.99031483958,OPEN_D,exit
2015-04-30,MNST,SELL,22.851642608642578,115.54230091145331,2640.331366608769,23.0,83621.21041951752,241814.38182268606,CLOSE_D,rebalance
2015-04-30,PANW,SELL,24.61997413635254,105.41075051025614,2595.209951256016,23.0,86193.42037077353,241546.2174439913,CLOSE_D,rebalance
2015-04-30,CI,BUY,113.88629150390625,94.38760065544534,10749.453802600341,24.723743745980784,75419.2428244272,241870.2451347006,CLOSE_D,enter_or_rebalance
2015-04-30,COR,BUY,98.13078308105469,109.54211782577379,10749.453802600341,24.723743745980784,64645.06527808088,242021.4590086711,CLOSE_D,enter_or_rebalance
2015-04-30,DLTR,BUY,76.41000366210938,140.68123658435107,10749.453802600341,24.723743745980784,53870.88773173456,241821.80986122607,CLOSE_D,enter_or_rebalance
2015-04-30,DXCM,BUY,16.892499923706055,636.3447595767111,10749.453802600341,24.723743745980784,43096.71018538824,241946.20788479946,CLOSE_D,enter_or_rebalance
2015-04-30,FICO,BUY,88.32398986816406,121.70480317573298,10749.453802600341,24.723743745980784,32322.53263904192,241851.485829106,CLOSE_D,enter_or_rebalance
2015-04-30,GHC,BUY,556.366943359375,19.320798855687816,10749.453802600341,24.723743745980784,21548.3550926956,242140.27786274249,CLOSE_D,enter_or_rebalance
2015-04-30,KMX,BUY,68.11000061035156,157.82489658305195,10749.453802600341,24.723743745980784,10774.17754634928,242210.8656574921,CLOSE_D,enter_or_rebalance
2015-04-30,RMD,BUY,55.957828521728516,192.09919481465064,10749.453802600341,24.723743745980784,2.9576767701655626e-09,242288.7283373468,CLOSE_D,enter_or_rebalance
2015-07-31,ALK,SELL,63.774330139160156,200.97927672070884,12817.31874471611,29.479833112847054,12787.83891160622,259015.10669224893,OPEN_D,exit
2015-07-31,BBWI,SELL,26.029417037963867,270.20239591616775,7033.210847958955,23.0,19798.049759565176,253635.72278413808,OPEN_D,exit
2015-07-31,CNC,SELL,17.545000076293945,456.99214198850336,8017.927166054025,23.0,27792.9769256192,245651.9196358326,OPEN_D,exit
2015-07-31,EW,SELL,4.286657810211182,596.9523087176267,2558.930276488011,23.0,30328.907202107213,232955.63178843886,OPEN_D,exit
2015-07-31,KR,SELL,25.842283248901367,446.6906845788019,11543.507195531056,26.55006654972143,41845.864331088545,230311.61802475146,OPEN_D,exit
2015-07-31,LOW,SELL,47.11387634277344,224.76384150325532,10589.4958349111,24.35584042029553,52411.00432557935,228109.74329033276,OPEN_D,exit
2015-07-31,LUV,SELL,28.62763214111328,312.5729047407545,8948.222134197564,23.0,61336.22645977691,226978.1148857345,OPEN_D,exit
2015-07-31,SWKS,SELL,63.025638580322266,186.67636081282805,11765.396848079135,27.06041275058201,73074.56289510547,224143.79005910142,OPEN_D,exit
2015-07-31,CI,SELL,120.62455749511719,94.38760065544534,11385.462562088927,26.186563892804532,84433.8388933016,223092.5526542404,OPEN_D,exit
2015-07-31,COR,SELL,77.47708129882812,109.54211782577379,8487.003568433285,23.0,92897.84246173488,221706.58351145993,OPEN_D,exit
2015-07-31,DLTR,SELL,76.66000366210938,140.68123658435107,10784.624111746429,24.804635457016786,103657.66193802429,221550.94635635964,OPEN_D,exit
2015-07-31,FICO,SELL,92.1478500366211,121.70480317573298,11214.835951773928,25.794122689080034,114846.70376710914,221561.47555364302,OPEN_D,exit
2015-07-31,GHC,SELL,568.1478271484375,19.320798855687816,10977.06988863105,25.247260743851413,125798.52639499634,220494.41341285466,OPEN_D,exit
2015-07-31,KMX,SELL,64.19000244140625,157.82489658305195,10130.780496980793,23.300795143055822,135906.00609683408,220502.67771743904,OPEN_D,exit
2015-07-31,RMD,SELL,43.70352554321289,192.09919481465064,8395.412067412713,23.0,144278.4181642468,219393.5863717438,OPEN_D,exit
2015-07-31,DXCM,SELL,21.162500381469727,115.87489295848367,2452.2024664366745,23.0,146707.62063068346,219486.7198244083,CLOSE_D,rebalance
2015-07-31,EA,SELL,69.56761932373047,75.48063511251733,5251.008089821009,23.0,151935.62872050446,219198.2368926439,CLOSE_D,rebalance
2015-07-31,MNST,SELL,25.59164047241211,93.89422868698824,2402.9073429918462,23.0,154315.5360634963,219410.40448757872,CLOSE_D,rebalance
2015-07-31,NCLH,SELL,62.41999816894531,108.53655026993651,6774.851269113078,23.0,161067.3873326094,220067.16329976675,CLOSE_D,rebalance
2015-07-31,PANW,SELL,30.971633911132812,130.9995120634636,4057.2689301666214,23.0,165101.656262776,219614.34295605856,CLOSE_D,rebalance
2015-07-31,AMZN,BUY,26.8075008392334,409.6435417453072,10981.519589123864,25.257495054984886,154094.87917859716,219551.1516250615,CLOSE_D,enter_or_rebalance
2015-07-31,DRI,BUY,48.778568267822266,225.1300105576907,10981.519589123864,25.257495054984886,143088.1020944183,219538.3884267977,CLOSE_D,enter_or_rebalance
2015-07-31,ELV,BUY,133.14663696289062,82.47688292859044,10981.519589123864,25.257495054984886,132081.32501023947,219519.08587060534,CLOSE_D,enter_or_rebalance
2015-07-31,EPAM,BUY,74.11000061035156,148.17864658862226,10981.519589123864,25.257495054984886,121074.54792606062,219537.96136094068,CLOSE_D,enter_or_rebalance
2015-07-31,FIX,BUY,25.765966415405273,426.2025111760643,10981.519589123864,25.257495054984886,110067.77084188178,219346.74337472164,CLOSE_D,enter_or_rebalance
2015-07-31,FTNT,BUY,9.54800033569336,1150.138165378102,10981.519589123864,25.257495054984886,99060.99375770293,218066.00095094324,CLOSE_D,enter_or_rebalance
2015-07-31,HAS,BUY,56.070343017578125,195.8525487472253,10981.519589123864,25.257495054984886,88054.21667352409,218003.93950843852,CLOSE_D,enter_or_rebalance
2015-07-31,HCA,BUY,86.64717864990234,126.7383400156012,10981.519589123864,25.257495054984886,77047.43958934525,218153.0138228933,CLOSE_D,enter_or_rebalance
2015-07-31,HOLX,BUY,41.65999984741211,263.59864688780186,10981.519589123864,25.257495054984886,66040.6625051664,218121.85221174842,CLOSE_D,enter_or_rebalance
2015-07-31,IBKR,BUY,9.30781364440918,1179.8173028227752,10981.519589123864,25.257495054984886,55033.88542098756,217856.7199882475,CLOSE_D,enter_or_rebalance
2015-07-31,INCY,BUY,104.27999877929688,105.30801417025015,10981.519589123864,25.257495054984886,44027.10833680871,218050.27151710936,CLOSE_D,enter_or_rebalance
2015-07-31,MKTX,BUY,89.0168228149414,123.36454213776571,10981.519589123864,25.257495054984886,33020.33125262987,217886.0074754871,CLOSE_D,enter_or_rebalance
2015-07-31,PENN,BUY,19.079999923706055,575.5513434504688,10981.519589123864,25.257495054984886,22013.55416845102,217778.78115433062,CLOSE_D,enter_or_rebalance
2015-07-31,REGN,BUY,550.606201171875,19.944416836845463,10981.519589123864,25.257495054984886,11006.777084272173,217638.4129514747,CLOSE_D,enter_or_rebalance
2015-07-31,ULTA,BUY,166.02999877929688,66.14177961731819,10981.519589123864,25.257495054984886,9.332507033832371e-08,217483.041995847,CLOSE_D,enter_or_rebalance
2015-10-30,HCA,SELL,59.352928161621094,126.7383400156012,7522.291590269086,23.0,7499.291590362411,212999.31819933865,OPEN_D,exit
2015-10-30,MNST,SELL,3.7980475425720215,430.3922510448422,1634.6502314229035,23.0,9110.941821785314,204809.51240194836,OPEN_D,exit
2015-10-30,NCLH,SELL,63.41999816894531,176.45697010499998,11190.900720956737,25.739071658200494,20276.10347108385,204792.59604416942,OPEN_D,exit
2015-10-30,REGN,SELL,556.1439819335938,19.944416836845463,11091.967396986645,25.511525013069285,31342.559343057426,204751.38364706395,OPEN_D,exit
2015-10-30,DXCM,SELL,5.164999961853027,520.4698666182275,2688.226841228795,23.0,34007.78618428622,196688.42575971154,OPEN_D,exit
2015-10-30,DRI,SELL,27.825992584228516,225.1300105576907,6264.466004265589,23.0,40249.25218855181,193559.3454509324,OPEN_D,exit
2015-10-30,ELV,SELL,106.65251922607422,82.47688292859044,8796.367342248164,23.0,49022.61953079997,192227.13694070603,OPEN_D,exit
2015-10-30,FTNT,SELL,1.364400029182434,1150.138165378102,1569.2485464057136,23.0,50568.86807720568,185938.64398866124,OPEN_D,exit
2015-10-30,HAS,SELL,39.775455474853516,195.8525487472253,7790.124332331839,23.0,58335.992409537525,182798.14021432234,OPEN_D,exit
2015-10-30,INCY,SELL,117.41000366210938,105.30801417025015,12364.214329378536,28.437692957570633,70671.76904595848,182809.72008094878,OPEN_D,exit
2015-10-30,MKTX,SELL,85.52196502685547,123.36454213776571,10550.378058260038,24.265869533998085,81197.88123468452,181759.1356130207,OPEN_D,exit
2015-10-30,PENN,SELL,17.780000686645508,575.5513434504688,10233.30328174908,23.536597548022883,91407.64791888557,181718.33317774648,OPEN_D,exit
2015-10-30,ULTA,SELL,173.36000061035156,66.14177961731819,11466.338954828021,26.372579596104448,102847.61429411749,181695.92894344847,OPEN_D,exit
2015-10-30,AMZN,SELL,31.295001983642578,118.85289266097445,3719.5015115868537,23.0,106544.11580570435,181659.6165909547,CLOSE_D,rebalance
2015-10-30,EPAM,SELL,77.3499984741211,30.527785315967144,2361.324147608355,23.0,108882.4399533127,181619.39433113422,CLOSE_D,rebalance
2015-10-30,FIX,SELL,29.834531784057617,121.17697882359282,3615.2584262085566,23.0,112474.69837952126,182465.80709427042,CLOSE_D,rebalance
2015-10-30,AAP,BUY,173.68563842773438,49.68113629575828,8628.899875344063,23.0,103822.79850417719,181835.74003064015,CLOSE_D,enter_or_rebalance
2015-10-30,AIZ,BUY,66.40310668945312,129.9472314706414,8628.899875344063,23.0,95170.89862883312,181771.42878914787,CLOSE_D,enter_or_rebalance
2015-10-30,ALK,BUY,70.3216781616211,122.70611425842493,8628.899875344063,23.0,86518.99875348905,181844.74114989955,CLOSE_D,enter_or_rebalance
2015-10-30,COTY,BUY,25.181304931640625,342.6708782078145,8628.899875344063,23.0,77867.09887814499,181767.42156320202,CLOSE_D,enter_or_rebalance
2015-10-30,EXPE,BUY,129.22764587402344,66.77286285750247,8628.899875344063,23.0,69215.19900280092,181741.4411798924,CLOSE_D,enter_or_rebalance
2015-10-30,EXR,BUY,54.203182220458984,159.19544797661501,8628.899875344063,23.0,60563.299127456856,181133.47356975288,CLOSE_D,enter_or_rebalance
2015-10-30,GPN,BUY,64.83135986328125,133.09762271747815,8628.899875344063,23.0,51911.399252112795,181281.4399732659,CLOSE_D,enter_or_rebalance
2015-10-30,NKE,BUY,57.525184631347656,150.00212395045227,8628.899875344063,23.0,43259.499376768734,181259.70421383812,CLOSE_D,enter_or_rebalance
2015-10-30,ORLY,BUY,18.41742515563965,468.51825390487795,8628.899875344063,23.0,34607.59950142467,181242.6311929026,CLOSE_D,enter_or_rebalance
2015-10-30,SBUX,BUY,50.66679763793945,170.306794145654,8628.899875344063,23.0,25955.69962608061,181209.94873730364,CLOSE_D,enter_or_rebalance
2015-10-30,TMUS,BUY,36.53807830810547,236.1618419715812,8628.899875344063,23.0,17303.79975073655,181177.295307684,CLOSE_D,enter_or_rebalance
2015-10-30,TYL,BUY,170.36000061035156,50.65097349394906,8628.899875344063,23.0,8651.899875392488,181060.92388606345,CLOSE_D,enter_or_rebalance
2015-10-30,UAA,BUY,49.116004943847656,175.68407457424794,8628.899875344063,23.0,4.842513590119779e-08,181025.26114268997,CLOSE_D,enter_or_rebalance
2016-01-29,EA,SELL,63.75475311279297,158.32716223328572,10094.10913923225,23.216451020234175,10070.892688260441,162643.03917743027,OPEN_D,exit
2016-01-29,PANW,SELL,3.9619362354278564,355.63005111243336,1408.9835859094105,23.0,11456.876274169852,155744.0366702097,OPEN_D,exit
2016-01-29,HOLX,SELL,33.20000076293945,263.59864688780186,8751.47527778483,23.0,20185.35155195468,155755.30477585885,OPEN_D,exit
2016-01-29,IBKR,SELL,1.7071152925491333,1179.8173028227752,2014.0841600628314,23.0,22176.435712017512,149100.18358749076,OPEN_D,exit
2016-01-29,AAP,SELL,114.91486358642578,49.68113629575828,5709.10100024569,23.0,27862.5367122632,148323.4332833084,OPEN_D,exit
2016-01-29,AIZ,SELL,53.55902099609375,129.9472314706414,6959.846498720338,23.0,34799.38321098354,146802.12203470495,OPEN_D,exit
2016-01-29,COTY,SELL,17.749547958374023,342.6708782078145,6082.253186687747,23.0,40858.63639767129,145871.8168848991,OPEN_D,exit
2016-01-29,EXPE,SELL,89.54086303710938,66.77286285750247,5978.8997677193165,23.0,46814.53616539061,145567.5743059632,OPEN_D,exit
2016-01-29,NKE,SELL,47.412071228027344,150.00212395045227,7111.911385094229,23.0,53903.44755048484,144576.36983132095,OPEN_D,exit
2016-01-29,ORLY,SELL,1.1448558568954468,468.51825390487795,536.3858670454275,23.0,54416.833417530266,137083.05122407535,OPEN_D,exit
2016-01-29,SBUX,SELL,39.452842712402344,170.306794145654,6719.087162281972,23.0,61112.92057981224,135576.7941943758,OPEN_D,exit
2016-01-29,TMUS,SELL,36.67576217651367,236.1618419715812,8661.415551317117,23.0,69751.33613112936,135408.6758847744,OPEN_D,exit
2016-01-29,UAA,SELL,22.383403778076172,175.68407457424794,3932.4075785730374,23.0,73660.7437097024,131688.38609196286,OPEN_D,exit
2016-01-29,EXR,SELL,62.46944046020508,53.18520584887914,3322.4500501403063,23.0,76960.1937598427,131813.42454695003,CLOSE_D,rebalance
2016-01-29,AYI,BUY,196.0591278076172,30.077737111971878,5897.014904600005,23.0,71040.1788552427,131691.84388615304,CLOSE_D,enter_or_rebalance
2016-01-29,GOOGL,BUY,37.78202819824219,156.07989263197797,5897.014904600005,23.0,65120.163950642695,131300.3351557003,CLOSE_D,enter_or_rebalance
2016-01-29,HRL,BUY,31.23782730102539,188.7780109600143,5897.014904600005,23.0,59200.14904604269,131176.2568969854,CLOSE_D,enter_or_rebalance
2016-01-29,KDP,BUY,11.961565971374512,492.9968967869493,5897.014904600005,23.0,53280.13414144268,131000.71623610973,CLOSE_D,enter_or_rebalance
2016-01-29,LDOS,BUY,28.743534088134766,205.15970257931062,5897.014904600005,23.0,47360.11923684267,130866.48755373366,CLOSE_D,enter_or_rebalance
2016-01-29,MKTX,BUY,106.21788024902344,55.51810006728337,5897.014904600005,23.0,41440.10433224266,130775.72069251811,CLOSE_D,enter_or_rebalance
2016-01-29,MSCI,BUY,61.746883392333984,95.50303724855095,5897.014904600005,23.0,35520.089427642655,130536.58631291581,CLOSE_D,enter_or_rebalance
2016-01-29,PSA,BUY,170.6998291015625,34.54610901274784,5897.014904600005,23.0,29600.07452304265,130317.41971396412,CLOSE_D,enter_or_rebalance
2016-01-29,STZ,BUY,130.66766357421875,45.12987179303564,5897.014904600005,23.0,23680.059618442647,130189.7634954387,CLOSE_D,enter_or_rebalance
2016-01-29,TAP,BUY,70.7113265991211,83.39561974323506,5897.014904600005,23.0,17760.044713842643,130141.23883986191,CLOSE_D,enter_or_rebalance
2016-01-29,TSN,BUY,41.88309097290039,140.79703211053715,5897.014904600005,23.0,11840.029809242638,129985.93406110941,CLOSE_D,enter_or_rebalance
2016-01-29,ULTA,BUY,181.1699981689453,32.54962170447725,5897.014904600005,23.0,5920.014904642633,129877.8383939209,CLOSE_D,enter_or_rebalance
2016-01-29,VRSN,BUY,74.94612884521484,78.68338225686112,5897.014904600005,23.0,4.2628016672097147e-08,129632.52441807918,CLOSE_D,enter_or_rebalance
2016-04-29,ALK,SELL,61.65192413330078,122.70611425842493,7565.068046952551,23.0,7542.068046995179,138869.05757292898,OPEN_D,exit
2016-04-29,EPAM,SELL,73.5,117.6508612726551,8647.338303540151,23.0,16166.40635053533,138840.17467082344,OPEN_D,exit
2016-04-29,FIX,SELL,26.98402214050293,305.0255323524715,8230.815718417784,23.0,24374.222068953113,138275.86617094197,OPEN_D,exit
2016-04-29,ULTA,SELL,206.4600067138672,32.54962170447725,6720.195115640209,23.0,31071.417184593323,138235.61491117202,OPEN_D,exit
2016-04-29,EXR,SELL,41.1647834777832,106.01024212773586,4363.8886636156185,23.0,35412.30584820894,136242.4720826546,OPEN_D,exit
2016-04-29,GPN,SELL,65.68473815917969,133.09762271747815,8742.482497806837,23.0,44131.788346015775,135747.37114299304,OPEN_D,exit
2016-04-29,TYL,SELL,143.25,50.65097349394906,7255.751953008203,23.0,51364.54029902398,135724.87737449387,OPEN_D,exit
2016-04-29,AYI,SELL,230.92770385742188,30.077737111971878,6945.78276849483,23.0,58287.32306751881,135469.8997979488,OPEN_D,exit
2016-04-29,GOOGL,SELL,1.7339977025985718,156.07989263197797,270.6421752456815,23.0,58534.96524276449,130256.51942034585,OPEN_D,exit
2016-04-29,KDP,SELL,1.4873473644256592,492.9968967869493,733.2576351060978,23.0,59245.22287787059,125239.78932271192,OPEN_D,exit
2016-04-29,LDOS,SELL,19.616147994995117,205.15970257931062,4024.4430884049384,23.0,63246.66596627553,122821.85478295281,OPEN_D,exit
2016-04-29,MSCI,SELL,61.32881546020508,95.50303724855095,5857.088147305473,23.0,69080.754113581,122185.64713092576,OPEN_D,exit
2016-04-29,STZ,SELL,114.23418426513672,45.12987179303564,5155.374090267629,23.0,74213.12820384864,121288.39737782409,OPEN_D,exit
2016-04-29,TAP,SELL,58.87775421142578,83.39561974323506,4910.146801551721,23.0,79100.27500540036,119910.62194462254,OPEN_D,exit
2016-04-29,VRSN,SELL,89.95355224609375,78.68338225686112,7077.849736741923,23.0,86155.12474214227,119990.45746096098,OPEN_D,exit
2016-04-29,AMZN,SELL,32.9795036315918,107.81967296097139,3555.8392959733956,23.0,89687.96403811566,120804.79008010442,CLOSE_D,rebalance
2016-04-29,ALB,BUY,57.95692443847656,102.76938709646457,5956.197602538346,23.0,83708.76643557732,120254.92455967919,CLOSE_D,enter_or_rebalance
2016-04-29,ANF,BUY,22.104917526245117,269.45124746412495,5956.197602538346,23.0,77729.56883303897,120255.33095561652,CLOSE_D,enter_or_rebalance
2016-04-29,ATO,BUY,57.57606887817383,103.4491885012359,5956.197602538346,23.0,71750.37123050062,120370.4845422632,CLOSE_D,enter_or_rebalance
2016-04-29,AVY,BUY,60.80039978027344,97.96313221727897,5956.197602538346,23.0,65771.17362796227,120308.07745106696,CLOSE_D,enter_or_rebalance
2016-04-29,CPB,BUY,44.74445724487305,133.11587555843744,5956.197602538346,23.0,59791.97602542392,120353.16254546138,CLOSE_D,enter_or_rebalance
2016-04-29,DLR,BUY,62.749107360839844,94.9208339855279,5956.197602538346,23.0,53812.778422885574,120308.92902367,CLOSE_D,enter_or_rebalance
2016-04-29,EQIX,BUY,273.75531005859375,21.75737742315756,5956.197602538346,23.0,47833.580820347226,120289.31388068026,CLOSE_D,enter_or_rebalance
2016-04-29,EVRG,BUY,36.41451644897461,163.5665713393282,5956.197602538346,23.0,41854.38321780888,120228.27034134806,CLOSE_D,enter_or_rebalance
2016-04-29,FSLR,BUY,55.84000015258789,106.6654295534114,5956.197602538346,23.0,35875.18561527053,120148.72049879185,CLOSE_D,enter_or_rebalance
2016-04-29,KLAC,BUY,59.03606414794922,100.8908315366625,5956.197602538346,23.0,29895.988012732185,120251.58573821659,CLOSE_D,enter_or_rebalance
2016-04-29,MAT,BUY,28.80097007751465,206.80545087571335,5956.197602538346,23.0,23916.79041019384,120303.52761599235,CLOSE_D,enter_or_rebalance
2016-04-29,MSFT,BUY,43.980228424072266,135.42898288536998,5956.197602538346,23.0,17937.592807655496,120324.59084709134,CLOSE_D,enter_or_rebalance
2016-04-29,NI,BUY,16.743457794189453,355.7328286517584,5956.197602538346,23.0,11958.39520511715,120305.17412736971,CLOSE_D,enter_or_rebalance
2016-04-29,O,BUY,36.29444885253906,164.10767461266093,5956.197602538346,23.0,5979.197602578805,120240.21053435667,CLOSE_D,enter_or_rebalance
2016-04-29,TTWO,BUY,34.18000030517578,174.25972935513448,5956.197602538346,23.0,4.0459781303070486e-08,120244.37546784538,CLOSE_D,enter_or_rebalance
2016-07-29,AMZN,SELL,1.9125001430511475,182.9709761233613,349.9320180101366,23.0,326.93201805059635,125410.21581685271,OPEN_D,exit
2016-07-29,HRL,SELL,22.495101928710938,188.7780109600143,4246.5805984448325,23.0,4550.512616495429,124222.98873180433,OPEN_D,exit
2016-07-29,PSA,SELL,111.19117736816406,34.54610901274784,3841.2225346163764,23.0,8368.735151111805,122412.77369892942,OPEN_D,exit
2016-07-29,ANF,SELL,14.27089786529541,269.45124746412495,3845.311232236966,23.0,12191.04638334877,121631.96236596658,OPEN_D,exit
2016-07-29,AVY,SELL,55.18544006347656,97.96313221727897,5406.138561407079,23.0,17574.18494475585,120568.91949888725,OPEN_D,exit
2016-07-29,CPB,SELL,32.55921936035156,133.11587555843744,4334.1489926524255,23.0,21885.333937408275,118907.86818170172,OPEN_D,exit
2016-07-29,FSLR,SELL,47.25,106.6654295534114,5039.941546398689,23.0,26902.275483806963,118897.66791931717,OPEN_D,exit
2016-07-29,KLAC,SELL,55.83483123779297,100.8908315366625,5633.222552290152,23.0,32512.498036097117,117862.55288394794,OPEN_D,exit
2016-07-29,MAT,SELL,28.975454330444336,206.80545087571335,5992.281897136182,23.0,38481.7799332333,117421.4105395168,OPEN_D,exit
2016-07-29,MSFT,SELL,44.370059967041016,135.42898288536998,6008.9920918992375,23.0,44467.77202513254,116647.03448176845,OPEN_D,exit
2016-07-29,TTWO,SELL,40.400001525878906,174.25972935513448,7040.093331846679,23.0,51484.865356979215,116637.97557919595,OPEN_D,exit
2016-07-29,MKTX,SELL,148.40318298339844,16.27778095935824,2415.67450627532,23.0,53877.53986325453,116711.81034150205,CLOSE_D,rebalance
2016-07-29,TSN,SELL,58.03403854370117,40.452675539260554,2347.6321314412844,23.0,56202.17199469582,116681.42730396973,CLOSE_D,rebalance
2016-07-29,AWK,BUY,68.79965209960938,73.92898376561328,5086.288363151863,23.0,51092.883631543955,116614.91057966245,CLOSE_D,enter_or_rebalance
2016-07-29,CINF,BUY,57.98360824584961,87.71941790145378,5086.288363151863,23.0,45983.59526839209,116559.88250796028,CLOSE_D,enter_or_rebalance
2016-07-29,CMS,BUY,34.10682678222656,149.1281612220338,5086.288363151863,23.0,40874.30690524023,116573.65088579465,CLOSE_D,enter_or_rebalance
2016-07-29,EIX,BUY,51.878047943115234,98.04317172321184,5086.288363151863,23.0,35765.018542088364,116529.2610433342,CLOSE_D,enter_or_rebalance
2016-07-29,HII,BUY,143.67713928222656,35.40081872844651,5086.288363151863,23.0,30655.7301789365,116445.13067097469,CLOSE_D,enter_or_rebalance
2016-07-29,IRM,BUY,24.23530387878418,209.8710372517528,5086.288363151863,23.0,25546.441815784638,116421.54080137551,CLOSE_D,enter_or_rebalance
2016-07-29,MLM,BUY,188.69923400878906,26.954472761214063,5086.288363151863,23.0,20437.153452632774,116402.24395110545,CLOSE_D,enter_or_rebalance
2016-07-29,OKE,BUY,24.738391876220703,205.60303145819915,5086.288363151863,23.0,15327.86508948091,116455.79578891491,CLOSE_D,enter_or_rebalance
2016-07-29,PNW,BUY,54.08222198486328,94.04732602472272,5086.288363151863,23.0,10218.576726329047,116352.16916373611,CLOSE_D,enter_or_rebalance
2016-07-29,ULTA,BUY,261.2099914550781,19.47202836621425,5086.288363151863,23.0,5109.288363177184,116304.6628437513,CLOSE_D,enter_or_rebalance
2016-07-29,WEC,BUY,47.77768325805664,106.45740890532139,5086.288363151863,23.0,2.5320332497358322e-08,116267.44864335703,CLOSE_D,enter_or_rebalance
2016-10-31,ULTA,SELL,243.49000549316406,19.47202836621425,4741.244293852554,23.0,4718.244293877874,107893.8931509022,OPEN_D,exit
2016-10-31,TSN,SELL,43.625492095947266,100.34435657127659,4377.571934473141,23.0,9072.816228351014,106719.5803799302,OPEN_D,exit
2016-10-31,ATO,SELL,46.81062316894531,103.4491885012359,4842.520980064544,23.0,13892.337208415558,105561.55086690534,OPEN_D,exit
2016-10-31,DLR,SELL,49.0836067199707,94.9208339855279,4659.056884877281,23.0,18528.394093292838,103815.12745642605,OPEN_D,exit
2016-10-31,EQIX,SELL,248.35879516601562,21.75737742315756,5403.636042787682,23.0,23909.03013608052,102732.1597924428,OPEN_D,exit
2016-10-31,EVRG,SELL,29.249691009521484,163.5665713393282,4784.271671162202,23.0,28670.301807242722,100819.97849740401,OPEN_D,exit
2016-10-31,NI,SELL,12.631929397583008,355.7328286517584,4493.591975931506,23.0,33140.89378317423,99299.97869657006,OPEN_D,exit
2016-10-31,O,SELL,22.908292770385742,164.10767461266093,3759.4266558940362,23.0,36877.320439068266,97037.47554980268,OPEN_D,exit
2016-10-31,AWK,SELL,51.00770950317383,73.92898376561328,3770.948127781256,23.0,40625.268566849525,96297.40355119313,OPEN_D,exit
2016-10-31,CINF,SELL,43.01011657714844,87.71941790145378,3772.8223900211287,23.0,44375.090956870656,95237.81069101248,OPEN_D,exit
2016-10-31,CMS,SELL,23.962078094482422,149.1281612220338,3573.4206452889393,23.0,47925.5116021596,94106.51676800079,OPEN_D,exit
2016-10-31,EIX,SELL,32.77143096923828,98.04317172321184,3213.0150341324115,23.0,51115.52663629201,92541.01908793605,OPEN_D,exit
2016-10-31,HII,SELL,111.91668701171875,35.40081872844651,3961.942349590139,23.0,55054.46898588215,91748.23493962505,OPEN_D,exit
2016-10-31,IRM,SELL,11.697792053222656,209.8710372517528,2455.02775176515,23.0,57486.4967376473,90078.04784036355,OPEN_D,exit
2016-10-31,MLM,SELL,158.6884765625,26.954472761214063,4277.364219022463,23.0,61740.86095666976,89771.37932438136,OPEN_D,exit
2016-10-31,PNW,SELL,35.871219635009766,94.04732602472272,3373.5922879181985,23.0,65091.45324458796,88268.59984134033,OPEN_D,exit
2016-10-31,WEC,SELL,32.35127639770508,106.45740890532139,3444.0330600795623,23.0,68512.48630466752,87067.44002116761,OPEN_D,exit
2016-10-31,ALB,SELL,73.76197814941406,43.675678494560465,3221.604442776603,23.0,71711.09074744412,87102.50654391534,CLOSE_D,rebalance
2016-10-31,ADSK,BUY,72.27999877929688,58.04232881271222,4195.299455730387,23.0,67492.79129171373,87046.11755258507,CLOSE_D,enter_or_rebalance
2016-10-31,ALGN,BUY,85.91999816894531,48.82797422180026,4195.299455730387,23.0,63274.49183598334,86998.73988076241,CLOSE_D,enter_or_rebalance
2016-10-31,AMAT,BUY,26.23055648803711,159.9393995946569,4195.299455730387,23.0,59056.19238025295,86939.11890009606,CLOSE_D,enter_or_rebalance
2016-10-31,AMZN,BUY,39.49100112915039,106.2343150534519,4195.299455730387,23.0,54837.89292452256,86855.52662389464,CLOSE_D,enter_or_rebalance
2016-10-31,AOS,BUY,38.55134963989258,108.82367270973907,4195.299455730387,23.0,50619.59346879217,86760.8185422839,CLOSE_D,enter_or_rebalance
2016-10-31,DXC,BUY,44.39419174194336,94.50108879371024,4195.299455730387,23.0,46401.29401306178,86721.10086755667,CLOSE_D,enter_or_rebalance
2016-10-31,GEN,BUY,12.193017959594727,344.07391751843454,4195.299455730387,23.0,42182.99455733139,86729.69087309178,CLOSE_D,enter_or_rebalance
2016-10-31,IDXX,BUY,107.13999938964844,39.15717266781808,4195.299455730387,23.0,37964.695101601,86681.54888277903,CLOSE_D,enter_or_rebalance
2016-10-31,MCHP,BUY,25.492155075073242,164.5721769452375,4195.299455730387,23.0,33746.39564587061,86576.71053530113,CLOSE_D,enter_or_rebalance
2016-10-31,MPWR,BUY,73.06566619873047,57.41820575918162,4195.299455730387,23.0,29528.096190140222,86536.38878382032,CLOSE_D,enter_or_rebalance
2016-10-31,MU,BUY,16.742958068847656,250.57098264710228,4195.299455730387,23.0,25309.796734409836,86468.6731820681,CLOSE_D,enter_or_rebalance
2016-10-31,NDSN,BUY,90.89311218261719,46.15640673961558,4195.299455730387,23.0,21091.49727867945,86455.45298633199,CLOSE_D,enter_or_rebalance
2016-10-31,PKG,BUY,62.96355056762695,66.63060481674016,4195.299455730387,23.0,16873.197822949063,86381.3369632554,CLOSE_D,enter_or_rebalance
2016-10-31,SPGI,BUY,111.9764404296875,37.4659119331866,4195.299455730387,23.0,12654.898367218677,86307.99342163844,CLOSE_D,enter_or_rebalance
2016-10-31,TRGP,BUY,29.853260040283203,140.53069748728817,4195.299455730387,23.0,8436.59891148829,86299.79833376818,CLOSE_D,enter_or_rebalance
2016-10-31,TRMB,BUY,27.639999389648438,151.78363054890605,4195.299455730387,23.0,4218.299455757903,86361.85097026011,CLOSE_D,enter_or_rebalance
2016-10-31,XYL,BUY,43.215694427490234,97.07814513473805,4195.299455730387,23.0,2.751585270743817e-08,86325.19042035037,CLOSE_D,enter_or_rebalance
2017-01-31,AMZN,SELL,2.059375047683716,106.2343150534519,218.7762976288494,23.0,195.77629765636524,94136.85321948525,OPEN_D,exit
2017-01-31,MKTX,SELL,155.64871215820312,39.24031910792513,6107.705133825477,23.0,6280.481431481842,93667.4083682283,OPEN_D,exit
2017-01-31,ALB,SELL,74.2361068725586,59.093708601904105,4386.886867266789,23.0,10644.368298748632,93080.97083021473,OPEN_D,exit
2017-01-31,ADSK,SELL,80.87999725341797,58.04232881271222,4694.463394954147,23.0,15315.831693702778,93041.71860617178,OPEN_D,exit
2017-01-31,ALGN,SELL,89.72000122070312,48.82797422180026,4380.8459067843805,23.0,19673.677600487157,93006.02322856631,OPEN_D,exit
2017-01-31,AOS,SELL,35.23862838745117,108.82367270973907,3834.7969623761064,23.0,23485.474562863263,92304.93680656559,OPEN_D,exit
2017-01-31,GEN,SELL,6.476201057434082,344.07391751843454,2228.2918684683727,23.0,25690.766431331635,89925.09268585755,OPEN_D,exit
2017-01-31,IDXX,SELL,120.51000213623047,39.15717266781808,4718.830961847502,23.0,30386.597393179138,89902.48434123298,OPEN_D,exit
2017-01-31,MCHP,SELL,12.335176467895508,164.5721769452375,2030.0268443252291,23.0,32393.624237504366,87098.16313460904,OPEN_D,exit
2017-01-31,MPWR,SELL,76.90306854248047,57.41820575918162,4415.636213084591,23.0,36786.260450588954,86739.21502672593,OPEN_D,exit
2017-01-31,MU,SELL,22.800029754638672,250.57098264710228,5713.025860002982,23.0,42476.28631059194,86517.68208481898,OPEN_D,exit
2017-01-31,PKG,SELL,56.04661560058594,66.63060481674016,3734.4198953983855,23.0,46187.706205990326,85525.69205676421,OPEN_D,exit
2017-01-31,SPGI,SELL,102.26163482666016,37.4659119331866,3831.3254045593367,23.0,49996.03161054966,85168.65426167197,OPEN_D,exit
2017-01-31,TRMB,SELL,29.290000915527344,151.78363054890605,4445.742677739522,23.0,54418.77428828918,85138.06519594624,OPEN_D,exit
2017-01-31,XYL,SELL,39.60462188720703,97.07814513473805,3844.7432315727074,23.0,58240.51751986189,84648.85909135373,OPEN_D,exit
2017-01-31,BAC,BUY,18.468923568725586,208.98354761324856,3859.701167990212,23.0,54357.816351871676,84625.85909135373,CLOSE_D,enter_or_rebalance
2017-01-31,BKR,BUY,34.52452087402344,111.7959372144187,3859.701167990212,23.0,50475.11518388146,84655.70846544555,CLOSE_D,enter_or_rebalance
2017-01-31,CMA,BUY,46.641685485839844,82.75218032508701,3859.701167990212,23.0,46592.41401589125,84555.6124955292,CLOSE_D,enter_or_rebalance
2017-01-31,EME,BUY,67.28334045410156,57.36488619531563,3859.701167990212,23.0,42709.712847901035,84565.19105260505,CLOSE_D,enter_or_rebalance
2017-01-31,FITB,BUY,18.913410186767578,204.07219691616382,3859.701167990212,23.0,38827.01167991082,84572.09806656127,CLOSE_D,enter_or_rebalance
2017-01-31,GS,BUY,189.7923583984375,20.336441364448465,3859.701167990212,23.0,34944.31051192061,84583.11035887185,CLOSE_D,enter_or_rebalance
2017-01-31,KEY,BUY,12.237359046936035,315.4031154260033,3859.701167990212,23.0,31061.609343930395,84637.19650624783,CLOSE_D,enter_or_rebalance
2017-01-31,LNC,BUY,47.37858581542969,81.46509866348165,3859.701167990212,23.0,27178.90817594018,84635.67545070808,CLOSE_D,enter_or_rebalance
2017-01-31,MS,BUY,32.763240814208984,117.80584191525737,3859.701167990212,23.0,23296.207007949968,84668.70414880276,CLOSE_D,enter_or_rebalance
2017-01-31,PWR,BUY,35.2042236328125,109.63744601351564,3859.701167990212,23.0,19413.505839959755,84702.93173033374,CLOSE_D,enter_or_rebalance
2017-01-31,RF,BUY,10.335620880126953,373.43679811355497,3859.701167990212,23.0,15530.804671969543,84754.13600197091,CLOSE_D,enter_or_rebalance
2017-01-31,TPL,BUY,31.242446899414062,123.54029696894833,3859.701167990212,23.0,11648.103503979331,84741.85002998075,CLOSE_D,enter_or_rebalance
2017-01-31,UAL,BUY,70.47000122070312,54.77084008984357,3859.701167990212,23.0,7765.40233598912,84738.6032631177,CLOSE_D,enter_or_rebalance
2017-01-31,ZBRA,BUY,83.66999816894531,46.13004962898118,3859.701167990212,23.0,3882.7011679989077,84784.06681323,CLOSE_D,enter_or_rebalance
2017-01-31,ZION,BUY,32.36796188354492,119.24449187986684,3859.701167990212,23.0,8.695678843650967e-09,84798.43239275164,CLOSE_D,enter_or_rebalance
2017-04-28,OKE,SELL,17.921119689941406,205.60303145819915,3684.6365353771753,23.0,3661.636535385871,84080.851205418,OPEN_D,exit
2017-04-28,DXC,SELL,50.888118743896484,94.50108879371024,4808.982627961832,23.0,8447.619163347703,82994.52794207753,OPEN_D,exit
2017-04-28,NDSN,SELL,104.4277114868164,46.15640673961558,4820.007926272724,23.0,13244.627089620426,82502.28639986037,OPEN_D,exit
2017-04-28,BKR,SELL,18.074169158935547,111.7959372144187,2020.6186804951412,23.0,15242.245770115567,80840.13493477162,OPEN_D,exit
2017-04-28,EME,SELL,63.35689926147461,57.36488619531563,3634.4613158225675,23.0,18853.707085938135,80715.69972159663,OPEN_D,exit
2017-04-28,FITB,SELL,13.073081970214844,204.07219691616382,2667.8525581268345,23.0,21498.559644064968,79694.94677956776,OPEN_D,exit
2017-04-28,PWR,SELL,34.81057357788086,109.63744601351564,3816.5423813444268,23.0,25292.102025409396,79602.97795695554,OPEN_D,exit
2017-04-28,TPL,SELL,2.872187614440918,123.54029696894833,354.83091083856624,23.0,25623.932936247962,76393.69933337082,OPEN_D,exit
2017-04-28,UAL,SELL,70.87000274658203,54.77084008984357,3881.609587599819,23.0,29482.54252384778,76380.01069376605,OPEN_D,exit
2017-04-28,ZBRA,SELL,94.12999725341797,46.13004962898118,4342.221444876033,23.0,33801.76396872381,76355.62649664392,OPEN_D,exit
2017-04-28,APO,BUY,19.145193099975586,175.3534884365016,3357.1763968711593,23.0,30421.58757185265,76332.62649664392,CLOSE_D,enter_or_rebalance
2017-04-28,CSX,BUY,15.043985366821289,223.1573825028595,3357.1763968711593,23.0,27041.41117498149,76363.55185502348,CLOSE_D,enter_or_rebalance
2017-04-28,IDXX,BUY,167.72999572753906,20.01536089182619,3357.1763968711593,23.0,23661.23477811033,76367.62589598235,CLOSE_D,enter_or_rebalance
2017-04-28,JEF,BUY,17.882429122924805,187.7360381966982,3357.1763968711593,23.0,20281.05838123917,76245.14952791715,CLOSE_D,enter_or_rebalance
2017-04-28,MU,BUY,26.997533798217773,124.35122489198555,3357.1763968711593,23.0,16900.88198436801,76321.31781869326,CLOSE_D,enter_or_rebalance
2017-04-28,NRG,BUY,13.918229103088379,241.20715157118806,3357.1763968711593,23.0,13520.70558749685,76293.46461823143,CLOSE_D,enter_or_rebalance
2017-04-28,SLM,BUY,11.012060165405273,304.86360830263465,3357.1763968711593,23.0,10140.52919062569,76258.54568498147,CLOSE_D,enter_or_rebalance
2017-04-28,TMUS,BUY,64.86979675292969,51.752534537107834,3357.1763968711593,23.0,6760.3527937545305,76262.31766028867,CLOSE_D,enter_or_rebalance
2017-04-28,URI,BUY,106.20608520507812,31.61001924125756,3357.1763968711593,23.0,3380.176396883371,76262.77355526785,CLOSE_D,enter_or_rebalance
2017-04-28,WDC,BUY,60.44626235961914,55.53985086617872,3357.1763968711593,23.0,1.2211785360705107e-08,76235.48732424997,CLOSE_D,enter_or_rebalance
2017-07-31,TMUS,SELL,57.8870735168457,51.752534537107834,2995.8027714326577,23.0,2972.8027714448694,78826.98926599754,OPEN_D,exit
2017-07-31,MU,SELL,28.016902923583984,124.35122489198555,3483.9361962275198,23.0,6433.738967672389,78735.4090512609,OPEN_D,exit
2017-07-31,TRGP,SELL,23.95916748046875,140.53069748728817,3366.998517245026,23.0,9777.737484917416,77374.14771623461,OPEN_D,exit
2017-07-31,BAC,SELL,16.255464553833008,208.98354761324856,3397.1246505614345,23.0,13151.86213547885,76625.61819850122,OPEN_D,exit
2017-07-31,CMA,SELL,34.82480239868164,82.75218032508701,2881.828327881226,23.0,16010.690463360075,75342.45594784587,OPEN_D,exit
2017-07-31,GS,SELL,155.24269104003906,20.336441364448465,3157.0838835949435,23.0,19144.77434695502,74690.40341897166,OPEN_D,exit
2017-07-31,KEY,SELL,8.52108383178711,315.4031154260033,2687.5763873518,23.0,21809.35073430682,73470.51143736338,OPEN_D,exit
2017-07-31,LNC,SELL,36.757076263427734,81.46509866348165,2994.41884438126,23.0,24780.76957868808,72242.76841324606,OPEN_D,exit
2017-07-31,MS,SELL,28.462905883789062,117.80584191525737,3353.0965909945035,23.0,28110.866169682584,71292.511631776,OPEN_D,exit
2017-07-31,RF,SELL,7.63364839553833,373.43679811355497,2850.68521475451,23.0,30938.551384437094,70199.43455108386,OPEN_D,exit
2017-07-31,ZION,SELL,26.919401168823242,119.24449187986684,3209.9903140866213,23.0,34125.54169852372,69230.13859537312,OPEN_D,exit
2017-07-31,JEF,SELL,13.014937400817871,187.7360381966982,2443.3727850075798,23.0,36545.9144835313,68197.69913295105,OPEN_D,exit
2017-07-31,NRG,SELL,17.120237350463867,241.20715157118806,4129.523685528053,23.0,40652.43816905935,67298.11259074713,OPEN_D,exit
2017-07-31,SLM,SELL,8.575251579284668,304.86360830263465,2614.2821385635903,23.0,43243.72030762294,66920.40848550684,OPEN_D,exit
2017-07-31,URI,SELL,112.48480987548828,31.61001924125756,3555.647004513383,23.0,46776.367312136324,66787.59217438287,OPEN_D,exit
2017-07-31,AMAT,SELL,40.30052185058594,77.26278965908278,3113.730742893091,23.0,49867.09805502942,66627.85321274975,CLOSE_D,rebalance
2017-07-31,ADBE,BUY,146.49000549316406,22.537190797105303,3301.4732036684427,23.0,46542.624851360975,66675.53694560475,CLOSE_D,enter_or_rebalance
2017-07-31,ALGN,BUY,167.22999572753906,19.742111391591475,3301.4732036684427,23.0,43218.15164769253,66657.94565130629,CLOSE_D,enter_or_rebalance
2017-07-31,DPZ,BUY,169.58197021484375,19.468303142638334,3301.4732036684427,23.0,39893.67844402409,66750.04219686816,CLOSE_D,enter_or_rebalance
2017-07-31,IPGP,BUY,152.63999938964844,21.62914843337151,3301.4732036684427,23.0,36569.205240355644,66666.67756460345,CLOSE_D,enter_or_rebalance
2017-07-31,ISRG,BUY,104.25090026855469,31.668534230051822,3301.4732036684427,23.0,33244.7320366872,66674.1747431028,CLOSE_D,enter_or_rebalance
2017-07-31,LRCX,BUY,14.153368949890137,233.264123570669,3301.4732036684427,23.0,29920.258833018757,66661.51983305435,CLOSE_D,enter_or_rebalance
2017-07-31,MTD,BUY,573.0800170898438,5.7609288497505915,3301.4732036684427,23.0,26595.785629350314,66682.82657117104,CLOSE_D,enter_or_rebalance
2017-07-31,NOW,BUY,22.09000015258789,149.4555536832655,3301.4732036684427,23.0,23271.31242568187,66688.51588432465,CLOSE_D,enter_or_rebalance
2017-07-31,PENN,BUY,20.15999984741211,163.76355300876875,3301.4732036684427,23.0,19946.839222013426,66701.38518300097,CLOSE_D,enter_or_rebalance
2017-07-31,PKG,BUY,85.25572967529297,38.72435572650088,3301.4732036684427,23.0,16622.366018344983,66675.10983697578,CLOSE_D,enter_or_rebalance
2017-07-31,PODD,BUY,50.310001373291016,65.6226021377363,3301.4732036684427,23.0,13297.89281467654,66660.85496125484,CLOSE_D,enter_or_rebalance
2017-07-31,RCL,BUY,103.89205169677734,31.777919001005273,3301.4732036684427,23.0,9973.419611008096,66703.47756339257,CLOSE_D,enter_or_rebalance
2017-07-31,TTWO,BUY,79.4800033569336,41.53841298725149,3301.4732036684427,23.0,6648.946407339653,66689.82095818676,CLOSE_D,enter_or_rebalance
2017-07-31,WYNN,BUY,117.55924224853516,28.083484892567693,3301.4732036684427,23.0,3324.4732036712103,66692.57457141457,CLOSE_D,enter_or_rebalance
2017-07-31,ZBRA,BUY,101.72000122070312,32.45648018136764,3301.4732036684427,23.0,2.7675923774950206e-09,66650.68605382365,CLOSE_D,enter_or_rebalance
2017-10-31,RCL,SELL,104.39198303222656,31.777919001005273,3317.3599811524127,23.0,3294.3599811551803,77065.61115631615,OPEN_D,exit
2017-10-31,TTWO,SELL,110.01000213623047,41.53841298725149,4569.64090146316,23.0,7841.00088261834,77055.07280697749,OPEN_D,exit
2017-10-31,ALGN,SELL,235.10000610351562,19.742111391591475,4641.370508659441,23.0,12459.371391277782,77022.79399052418,OPEN_D,exit
2017-10-31,IDXX,SELL,163.75999450683594,20.01536089182619,3277.7153896977957,23.0,15714.086780975578,76986.78382269839,OPEN_D,exit
2017-10-31,PKG,SELL,71.05044555664062,38.72435572650088,2751.3827282617353,23.0,18442.469509237315,76211.11077070702,OPEN_D,exit
2017-10-31,ZBRA,SELL,114.05000305175781,32.45648018136764,3701.6616637342963,23.0,22121.13117297161,76304.30502918591,OPEN_D,exit
2017-10-31,CSX,SELL,4.58720588684082,223.1573825028595,1023.6688587091057,23.0,23121.800031680716,73871.0205282962,OPEN_D,exit
2017-10-31,WDC,SELL,40.61489486694336,55.53985086617872,2255.7452038555616,23.0,25354.545235536276,72834.09154996846,OPEN_D,exit
2017-10-31,ADBE,SELL,176.16000366210938,22.537190797105303,3970.151613351728,23.0,29301.696848888005,72814.02149481697,OPEN_D,exit
2017-10-31,DPZ,SELL,151.2149658203125,19.468303142638334,2943.8987942935382,23.0,32222.595643181543,72510.55149966464,OPEN_D,exit
2017-10-31,ISRG,SELL,41.78324508666992,31.668534230051822,1323.2141272698511,23.0,33522.80977045139,69840.69667959466,OPEN_D,exit
2017-10-31,MTD,SELL,675.27001953125,5.7609288497505915,3890.1825368892237,23.0,37389.99230734062,69817.9850073325,OPEN_D,exit
2017-10-31,PODD,SELL,58.63999938964844,65.6226021377363,3848.1093493039984,23.0,41215.10165664461,69814.67173790776,OPEN_D,exit
2017-10-31,ABBV,BUY,63.59382629394531,49.49210667993649,3147.3924351252917,23.0,38044.70922151932,69791.67173790775,CLOSE_D,enter_or_rebalance
2017-10-31,ALB,BUY,125.87210083007812,25.004686617363564,3147.3924351252917,23.0,34874.316786394025,69793.43251744524,CLOSE_D,enter_or_rebalance
2017-10-31,BA,BUY,244.5385284423828,12.870742517234325,3147.3924351252917,23.0,31703.92435126873,69739.60417613146,CLOSE_D,enter_or_rebalance
2017-10-31,CAT,BUY,113.75228118896484,27.66882916305525,3147.3924351252917,23.0,28533.531916143438,69732.09832225199,CLOSE_D,enter_or_rebalance
2017-10-31,CBOE,BUY,101.14745330810547,31.11687276532819,3147.3924351252917,23.0,25363.139481018145,69725.09035328001,CLOSE_D,enter_or_rebalance
2017-10-31,DXC,BUY,75.28509521484375,41.80631539541082,3147.3924351252917,23.0,22192.74704589285,69668.68444176344,CLOSE_D,enter_or_rebalance
2017-10-31,FMC,BUY,65.38922119140625,48.13319959741219,3147.3924351252917,23.0,19022.354610767557,69633.99180171765,CLOSE_D,enter_or_rebalance
2017-10-31,LYV,BUY,43.779998779296875,71.89110376617147,3147.3924351252917,23.0,15851.962175642266,69593.70568438177,CLOSE_D,enter_or_rebalance
2017-10-31,NRG,BUY,20.63898277282715,152.49745928704795,3147.3924351252917,23.0,12681.569740516974,69522.53877649497,CLOSE_D,enter_or_rebalance
2017-10-31,NVR,BUY,3281.3701171875,0.9591702010814184,3147.3924351252917,23.0,9511.177305391682,69497.0210419529,CLOSE_D,enter_or_rebalance
2017-10-31,ODFL,BUY,38.94190979003906,80.82275502395525,3147.3924351252917,23.0,6340.7848702663905,69434.3400583314,CLOSE_D,enter_or_rebalance
2017-10-31,TPL,BUY,40.2496223449707,78.1968190446529,3147.3924351252917,23.0,3170.3924351410988,69397.82849058174,CLOSE_D,enter_or_rebalance
2017-10-31,VRTX,BUY,146.22999572753906,21.523576058838334,3147.3924351252917,23.0,1.5807017916813493e-08,69285.6361387505,CLOSE_D,enter_or_rebalance
2018-01-31,ALB,SELL,89.71678161621094,25.004686617363564,2243.3400086317993,23.0,2220.3400086476063,77858.72812988317,OPEN_D,exit
2018-01-31,AMAT,SELL,44.762733459472656,82.6766099355741,3700.8310538788924,23.0,5898.171062526499,77506.4825591946,OPEN_D,exit
2018-01-31,DXC,SELL,68.27693176269531,41.80631539541082,2854.406943502183,23.0,8729.578006028682,76926.67157024461,OPEN_D,exit
2018-01-31,IPGP,SELL,253.97000122070312,21.62914843337151,5493.154854026131,23.0,14199.732860054814,76929.62648235774,OPEN_D,exit
2018-01-31,LRCX,SELL,1.5363136529922485,233.264123570669,358.36685779488977,23.0,14535.099717849704,73287.35080363123,OPEN_D,exit
2018-01-31,NOW,SELL,5.947199821472168,149.4555536832655,888.8420421831405,23.0,15400.941760032843,69771.45508940567,OPEN_D,exit
2018-01-31,WYNN,SELL,145.19264221191406,28.083484892567693,4077.515374070275,23.0,19455.45713410312,69419.94396542235,OPEN_D,exit
2018-01-31,ABBV,SELL,58.531185150146484,49.49210667993649,2896.831659554164,23.0,22329.288793657284,68223.57017619723,OPEN_D,exit
2018-01-31,CBOE,SELL,107.38468933105469,31.11687276532819,3341.475714858724,23.0,25647.764508516007,67823.18289535516,OPEN_D,exit
2018-01-31,FMC,SELL,45.79780960083008,48.13319959741219,2204.395110641034,23.0,27829.159619157042,66896.51596798151,OPEN_D,exit
2018-01-31,LYV,SELL,45.56999969482422,71.89110376617147,3276.07757668501,23.0,31082.23719584205,66890.76967930944,OPEN_D,exit
2018-01-31,ODFL,SELL,15.318432807922363,80.82275502395525,1238.0779421856282,23.0,32297.31513802768,64288.467771174735,OPEN_D,exit
2018-01-31,VRTX,SELL,166.72000122070312,21.523576058838334,3588.4106268034234,23.0,35862.725764831106,64269.342185645655,OPEN_D,exit
2018-01-31,BLDR,BUY,21.420000076293945,127.71574243385025,2735.6712126770103,23.0,33104.0545521541,64246.34218564566,CLOSE_D,enter_or_rebalance
2018-01-31,CPRI,BUY,66.0,41.44956382843955,2735.6712126770103,23.0,30345.383339477088,64236.11380860873,CLOSE_D,enter_or_rebalance
2018-01-31,DHI,BUY,44.91195297241211,60.911873824713,2735.6712126770103,23.0,27586.712126800077,64251.24733143448,CLOSE_D,enter_or_rebalance
2018-01-31,DINO,BUY,37.155418395996094,73.62778649188375,2735.6712126770103,23.0,24828.040914123067,64199.2452732854,CLOSE_D,enter_or_rebalance
2018-01-31,FCX,BUY,17.643787384033203,155.0501121518084,2735.6712126770103,23.0,22069.369701446056,64095.81767939389,CLOSE_D,enter_or_rebalance
2018-01-31,GAP,BUY,25.19414520263672,108.58360903590831,2735.6712126770103,23.0,19310.698488769045,64020.91004325688,CLOSE_D,enter_or_rebalance
2018-01-31,IBKR,BUY,15.216794967651367,179.77972486930648,2735.6712126770103,23.0,16552.027276092034,64092.555364771215,CLOSE_D,enter_or_rebalance
2018-01-31,ON,BUY,24.739999771118164,110.57684874640431,2735.6712126770103,23.0,13793.356063415024,64052.88206814407,CLOSE_D,enter_or_rebalance
2018-01-31,PHM,BUY,29.129165649414062,93.9151929582315,2735.6712126770103,23.0,11034.684850738013,64029.88206814407,CLOSE_D,enter_or_rebalance
2018-01-31,TER,BUY,43.961299896240234,62.229079193151364,2735.6712126770103,23.0,8276.013638061002,64083.374277469105,CLOSE_D,enter_or_rebalance
2018-01-31,TKO,BUY,32.143070220947266,85.10920686394809,2735.6712126770103,23.0,5517.342425383991,64089.61703556605,CLOSE_D,enter_or_rebalance
2018-01-31,URBN,BUY,34.11000061035156,80.20144132881663,2735.6712126770103,23.0,2758.671212706981,64051.91356815709,CLOSE_D,enter_or_rebalance
2018-01-31,URI,BUY,175.4056396484375,15.596255731344037,2735.6712126770103,23.0,2.9970578907523304e-08,64053.77581916473,CLOSE_D,enter_or_rebalance
2018-04-30,PENN,SELL,30.200000762939453,163.76355300876875,4945.6594258064915,23.0,4922.659425836462,62548.09750975545,OPEN_D,exit
2018-04-30,APO,SELL,16.741907119750977,175.3534884365016,2935.7518165282368,23.0,7835.411242364698,61634.52388347342,OPEN_D,exit
2018-04-30,NRG,SELL,21.490816116333008,152.49745928704795,3277.2948557459267,23.0,11089.706098110626,60917.27865324139,OPEN_D,exit
2018-04-30,URI,SELL,145.7180938720703,15.596255731344037,2272.656656712805,23.0,13339.36275482343,60820.973681120326,OPEN_D,exit
2018-04-30,CAT,SELL,103.87275695800781,27.66882916305525,2874.037566966677,23.0,16190.400321790108,60285.349049466735,OPEN_D,exit
2018-04-30,NVR,SELL,3156.030029296875,0.9591702010814184,3027.1699578196785,23.0,19194.570279609787,60260.52671975363,OPEN_D,exit
2018-04-30,BLDR,SELL,18.350000381469727,127.71574243385025,2343.5839223808416,23.0,21515.154201990626,60250.298342716706,OPEN_D,exit
2018-04-30,CPRI,SELL,69.76000213623047,41.44956382843955,2891.521661217764,23.0,24383.67586320839,60256.31322713767,OPEN_D,exit
2018-04-30,DHI,SELL,38.04792785644531,60.911873824713,2317.5705808835796,23.0,26678.246444091972,60026.82108260811,OPEN_D,exit
2018-04-30,FCX,SELL,12.612232208251953,155.0501121518084,1955.5280183741156,23.0,28610.774462466088,59804.100108324055,OPEN_D,exit
2018-04-30,GAP,SELL,17.755247116088867,108.58360903590831,1927.928811189332,23.0,30515.70327365542,59185.92094078331,OPEN_D,exit
2018-04-30,ON,SELL,22.989999771118164,110.57684874640431,2542.161727370803,23.0,33034.86500102622,59164.02673457981,OPEN_D,exit
2018-04-30,PHM,SELL,26.188663482666016,93.9151929582315,2459.51338429277,23.0,35471.37838531899,58922.89219756947,OPEN_D,exit
2018-04-30,TER,SELL,30.622655868530273,62.229079193151364,1905.6196771473917,23.0,37353.99806246638,58820.122852159875,OPEN_D,exit
2018-04-30,ADBE,BUY,221.60000610351562,11.936564286515967,2645.142718746945,23.0,34685.855343719435,58797.122852159875,CLOSE_D,enter_or_rebalance
2018-04-30,AMZN,BUY,78.30650329589844,33.779349190854404,2645.142718746945,23.0,32017.71262497249,58777.703675735815,CLOSE_D,enter_or_rebalance
2018-04-30,BR,BUY,94.11054992675781,28.10676083399306,2645.142718746945,23.0,29349.569906225544,58765.66510959762,CLOSE_D,enter_or_rebalance
2018-04-30,CSGP,BUY,36.66600036621094,72.14156691015965,2645.142718746945,23.0,26681.4271874786,58747.59974689858,CLOSE_D,enter_or_rebalance
2018-04-30,EL,BUY,134.4066162109375,19.680152609419633,2645.142718746945,23.0,24013.284468731654,58742.34645567442,CLOSE_D,enter_or_rebalance
2018-04-30,FSLR,BUY,70.91000366210938,37.30281458383808,2645.142718746945,23.0,21345.14174998471,58730.95677275722,CLOSE_D,enter_or_rebalance
2018-04-30,FTNT,BUY,11.072000503540039,238.90377514896392,2645.142718746945,23.0,18676.999031237763,58970.5683369813,CLOSE_D,enter_or_rebalance
2018-04-30,KSS,BUY,41.09682083129883,64.36368228104976,2645.142718746945,23.0,16008.856312490818,58927.0225066024,CLOSE_D,enter_or_rebalance
2018-04-30,LULU,BUY,99.80000305175781,26.504435249116508,2645.142718746945,23.0,13340.713593743872,58912.96463500769,CLOSE_D,enter_or_rebalance
2018-04-30,NOW,BUY,33.22800064086914,79.60583446882214,2645.142718746945,23.0,10672.570874996927,58873.26671138455,CLOSE_D,enter_or_rebalance
2018-04-30,NTAP,BUY,54.15653610229492,48.84253885349316,2645.142718746945,23.0,8004.428156249982,58803.13982901755,CLOSE_D,enter_or_rebalance
2018-04-30,ODFL,BUY,43.108551025390625,61.36004704006346,2645.142718746945,23.0,5336.2854375030365,58812.717420850495,CLOSE_D,enter_or_rebalance
2018-04-30,PODD,BUY,86.0,30.757473473801685,2645.142718746945,23.0,2668.1427187560917,58792.28657321069,CLOSE_D,enter_or_rebalance
2018-04-30,STX,BUY,42.58317947387695,62.1170788895562,2645.142718746945,23.0,9.14678821573034e-09,58810.501475028344,CLOSE_D,enter_or_rebalance
2018-07-31,IBKR,SELL,3.4049324989318848,179.77972486930648,612.1378278565344,23.0,589.1378278656812,63693.28660989633,OPEN_D,exit
2018-07-31,FSLR,SELL,51.95000076293945,37.30281458383808,1937.881246090177,23.0,2504.0190739558584,63684.46171928189,OPEN_D,exit
2018-07-31,TPL,SELL,7.321922302246094,78.1968190446529,572.5510333277462,23.0,3053.5701072836046,58519.37057921785,OPEN_D,exit
2018-07-31,PODD,SELL,81.68000030517578,30.757473473801685,2512.2704427265576,23.0,5542.840550010162,58504.05994758631,OPEN_D,exit
2018-07-31,BA,SELL,328.28253173828125,12.870742517234325,4225.239938909223,23.0,9745.080488919386,58357.45203566167,OPEN_D,exit
2018-07-31,ODFL,SELL,14.885865211486816,61.36004704006346,913.3973896088753,23.0,10635.477878528261,56419.90739646346,OPEN_D,exit
2018-07-31,DINO,SELL,46.19510269165039,73.62778649188375,3401.2431579514796,23.0,14013.721036479741,55474.721224379544,OPEN_D,exit
2018-07-31,TKO,SELL,65.83587646484375,85.10920686394809,5603.239229115718,23.0,19593.96026559546,54948.53784326805,OPEN_D,exit
2018-07-31,BR,SELL,88.00495910644531,28.10676083399306,2473.534337810198,23.0,22044.494603405656,54599.780373694535,OPEN_D,exit
2018-07-31,EL,SELL,110.61083984375,19.680152609419633,2176.838208381074,23.0,24198.332811786728,54352.99941719738,OPEN_D,exit
2018-07-31,LULU,SELL,118.86000061035156,26.504435249116508,3150.3171898870114,23.0,27325.65000167374,54330.52961914153,OPEN_D,exit
2018-07-31,ALGN,BUY,356.6499938964844,6.900743143892975,2461.150000150636,23.0,24841.500001523105,54307.52961914153,CLOSE_D,enter_or_rebalance
2018-07-31,COP,BUY,56.447486877441406,43.60070104616485,2461.150000150636,23.0,22357.35000137247,54228.84057142776,CLOSE_D,enter_or_rebalance
2018-07-31,CRM,BUY,135.50360107421875,18.16298593276943,2461.150000150636,23.0,19873.200001221834,54209.25070163693,CLOSE_D,enter_or_rebalance
2018-07-31,DECK,BUY,18.805038452148438,130.87715860902452,2461.150000150636,23.0,17389.0500010712,54202.04215634065,CLOSE_D,enter_or_rebalance
2018-07-31,DPZ,BUY,241.09825134277344,10.20807901527074,2461.150000150636,23.0,14904.900000920563,54134.32547761996,CLOSE_D,enter_or_rebalance
2018-07-31,GWW,BUY,313.1803894042969,7.858569959734742,2461.150000150636,23.0,12420.750000769927,54052.76235634547,CLOSE_D,enter_or_rebalance
2018-07-31,ILMN,BUY,315.22412109375,7.807619517221754,2461.150000150636,23.0,9936.600000619292,53958.106626155975,CLOSE_D,enter_or_rebalance
2018-07-31,MA,BUY,189.8752899169922,12.961928859866797,2461.150000150636,23.0,7452.450000468656,53668.626338899456,CLOSE_D,enter_or_rebalance
2018-07-31,MSCI,BUY,153.6338653564453,16.01958002189512,2461.150000150636,23.0,4968.3000003180205,53644.01025124208,CLOSE_D,enter_or_rebalance
2018-07-31,PANW,BUY,33.043296813964844,74.48258005268102,2461.150000150636,23.0,2484.1500001673844,53640.41042806119,CLOSE_D,enter_or_rebalance
2018-07-31,PTC,BUY,91.91000366210938,26.777825068951277,2461.150000150636,23.0,1.6748344933148474e-08,53585.13485173259,CLOSE_D,enter_or_rebalance
2018-10-31,PANW,SELL,5.02915620803833,74.48258005268102,374.58452986265263,23.0,351.584529879401,48784.011504246475,OPEN_D,exit
2018-10-31,FTNT,SELL,3.2423999309539795,238.90377514896392,774.6215840476457,23.0,1103.2061139270468,45763.34248780543,OPEN_D,exit
2018-10-31,MSCI,SELL,126.32393646240234,16.01958002189512,2023.656408840249,23.0,3103.8625227672956,45616.739875730826,OPEN_D,exit
2018-10-31,ALGN,SELL,226.49000549316406,6.900743143892975,1562.9493525672342,23.0,4643.81187533453,45617.75453768541,OPEN_D,exit
2018-10-31,ADBE,SELL,245.41000366210938,11.936564286515967,2929.3522852668875,23.0,7550.164160601417,45678.31048769102,OPEN_D,exit
2018-10-31,DPZ,SELL,228.37074279785156,10.20807901527074,2331.2265872565404,23.0,9858.390747857957,45487.11628002805,OPEN_D,exit
2018-10-31,NOW,SELL,6.972400188446045,79.60583446882214,555.0437352518202,23.0,10390.434483109777,43336.44333294614,OPEN_D,exit
2018-10-31,URBN,SELL,40.56999969482422,80.20144132881663,3253.772450234553,23.0,13621.20693334433,43335.09775881823,OPEN_D,exit
2018-10-31,CSGP,SELL,3.5116002559661865,72.14156691015965,253.3323448275184,23.0,13851.53927817185,41056.1299135605,OPEN_D,exit
2018-10-31,KSS,SELL,35.4947624206543,64.36368228104976,2284.5736110843377,23.0,16113.112889256186,39926.70111658193,OPEN_D,exit
2018-10-31,STX,SELL,22.422502517700195,62.1170788895562,1392.8203577932554,23.0,17482.93324704944,39478.305259609915,OPEN_D,exit
2018-10-31,COP,SELL,43.42441177368164,43.60070104616485,1893.3347958498543,23.0,19353.268042899297,38967.88516815506,OPEN_D,exit
2018-10-31,MA,SELL,178.12759399414062,12.961928859866797,2308.877201331287,23.0,21639.145244230585,38917.56713568354,OPEN_D,exit
2018-10-31,AAP,BUY,140.58883666992188,11.676244523058765,1641.5496341703786,23.0,19974.595610060205,38894.56713568354,CLOSE_D,enter_or_rebalance
2018-10-31,DINO,BUY,53.11048126220703,30.908204843146308,1641.5496341703786,23.0,18310.045975889825,38925.10047906493,CLOSE_D,enter_or_rebalance
2018-10-31,FFIV,BUY,175.27999877929688,9.365299210421204,1641.5496341703786,23.0,16645.496341719445,38800.355508503984,CLOSE_D,enter_or_rebalance
2018-10-31,FIX,BUY,51.20304870605469,32.05960730178685,1641.5496341703786,23.0,14980.946707549067,38741.39279383272,CLOSE_D,enter_or_rebalance
2018-10-31,HCA,BUY,125.57674407958984,13.072083101071433,1641.5496341703786,23.0,13316.397073378688,38746.93878831949,CLOSE_D,enter_or_rebalance
2018-10-31,ISRG,BUY,173.7264862060547,9.44904642935884,1641.5496341703786,23.0,11651.84743920831,38744.59200543032,CLOSE_D,enter_or_rebalance
2018-10-31,MOH,BUY,126.7699966430664,12.949039028472372,1641.5496341703786,23.0,9987.297805037932,38625.967701703135,CLOSE_D,enter_or_rebalance
2018-10-31,ORLY,BUY,21.383440017700195,76.76733176755386,1641.5496341703786,23.0,8322.748170867553,38590.4072168319,CLOSE_D,enter_or_rebalance
2018-10-31,PODD,BUY,88.20999908447266,18.609564122071685,1641.5496341703786,23.0,6658.198536697175,38617.15264929405,CLOSE_D,enter_or_rebalance
2018-10-31,TECH,BUY,40.51974868774414,40.512335030026776,1641.5496341703786,23.0,4993.6489025267965,38541.30155533762,CLOSE_D,enter_or_rebalance
2018-10-31,TKO,BUY,66.43901824951172,24.707614251696786,1641.5496341703786,23.0,3329.099268356418,38504.89284777023,CLOSE_D,enter_or_rebalance
2018-10-31,TPL,BUY,75.71180725097656,21.681553958008383,1641.5496341703786,23.0,1664.5496341860396,38390.30632199415,CLOSE_D,enter_or_rebalance
2018-10-31,WBD,BUY,32.38999938964844,50.68075532891191,1641.5496341703786,23.0,1.5661044017178938e-08,38259.28331244661,CLOSE_D,enter_or_rebalance
2019-01-31,AMZN,SELL,4.232125282287598,33.779349190854404,142.95843772983602,23.0,119.95843774549706,35209.316788857934,OPEN_D,exit
2019-01-31,FIX,SELL,44.09819030761719,32.05960730178685,1413.77066398167,23.0,1510.729101727167,35126.94150189427,OPEN_D,exit
2019-01-31,TPL,SELL,6.94481897354126,21.681553958008383,150.57446730343523,23.0,1638.3035690306024,33755.348301897335,OPEN_D,exit
2019-01-31,ISRG,SELL,56.684329986572266,9.44904642935884,535.6128658602188,23.0,2150.916434890821,32666.412391072055,OPEN_D,exit
2019-01-31,PODD,SELL,77.22000122070312,18.609564122071685,1437.0305642231285,23.0,3564.9469991139495,32648.809181705023,OPEN_D,exit
2019-01-31,DINO,SELL,35.42105484008789,30.908204843146308,1094.8012187577556,23.0,4636.7482178717055,32352.712464462347,OPEN_D,exit
2019-01-31,TKO,SELL,69.89047241210938,24.707614251696786,1726.8268322272547,23.0,6340.57505009896,32175.394495185305,OPEN_D,exit
2019-01-31,NTAP,SELL,43.390037536621094,48.84253885349316,2119.2795942369426,23.0,8436.854644335903,31711.73471879727,OPEN_D,exit
2019-01-31,CRM,SELL,145.46368408203125,18.16298593276943,2642.05484771075,23.0,11055.909492046652,31654.120672653575,OPEN_D,exit
2019-01-31,GWW,SELL,245.503662109375,7.858569959734742,1929.3077040576027,23.0,12962.217196104255,31439.864452995098,OPEN_D,exit
2019-01-31,ILMN,SELL,257.8663330078125,7.807619517221754,2013.322214426201,23.0,14952.539410530457,31362.004060058614,OPEN_D,exit
2019-01-31,PTC,SELL,85.2300033569336,26.777825068951277,2282.274120518098,23.0,17211.813531048556,31339.004060058618,OPEN_D,exit
2019-01-31,FFIV,SELL,159.30999755859375,9.365299210421204,1491.985794347702,23.0,18680.79932539626,31312.913494170803,OPEN_D,exit
2019-01-31,MOH,SELL,133.82000732421875,12.949039028472372,1732.8404976317672,23.0,20390.63982302803,31287.582761987276,OPEN_D,exit
2019-01-31,TECH,SELL,9.860709190368652,40.512335030026776,399.4803543538789,23.0,20767.12017738191,30012.998776776818,OPEN_D,exit
2019-01-31,WBD,SELL,27.3799991607666,50.68075532891191,1387.6390383726255,23.0,22131.759215754533,30022.434429254245,OPEN_D,exit
2019-01-31,ABT,BUY,64.54409790039062,21.074505574199975,1360.2349509834912,23.0,20748.52426477104,29999.434429254245,CLOSE_D,enter_or_rebalance
2019-01-31,AES,BUY,12.720386505126953,106.93346074313452,1360.2349509834912,23.0,19365.28931378755,29952.204423579744,CLOSE_D,enter_or_rebalance
2019-01-31,AZO,BUY,847.3400268554688,1.6053000069304022,1360.2349509834912,23.0,17982.05436280406,29909.5770035468,CLOSE_D,enter_or_rebalance
2019-01-31,BALL,BUY,48.33351135253906,28.14268843540239,1360.2349509834912,23.0,16598.819411820572,29879.882831972493,CLOSE_D,enter_or_rebalance
2019-01-31,BSX,BUY,38.150001525878906,35.65491209904097,1360.2349509834912,23.0,15215.58446083708,29828.262732131632,CLOSE_D,enter_or_rebalance
2019-01-31,CHD,BUY,59.417625427246094,22.89278545217245,1360.2349509834912,23.0,13832.34950985359,29779.23452660816,CLOSE_D,enter_or_rebalance
2019-01-31,CME,BUY,142.08651733398438,9.573286589790664,1360.2349509834912,23.0,12449.114558870098,29726.549811927172,CLOSE_D,enter_or_rebalance
2019-01-31,KDP,BUY,23.014667510986328,59.10295902967821,1360.2349509834912,23.0,11065.879607886607,29689.29666415457,CLOSE_D,enter_or_rebalance
2019-01-31,LLY,BUY,109.0467529296875,12.473869367394737,1360.2349509834912,23.0,9682.644656903116,29634.314614228737,CLOSE_D,enter_or_rebalance
2019-01-31,MKC,BUY,54.16976547241211,25.110593319371848,1360.2349509834912,23.0,8299.409705919625,29578.176996830694,CLOSE_D,enter_or_rebalance
2019-01-31,MRK,BUY,57.133758544921875,23.807902466525032,1360.2349509834912,23.0,6916.1747549361335,29543.955470546753,CLOSE_D,enter_or_rebalance
2019-01-31,NRG,BUY,33.93124771118164,40.087973261744864,1360.2349509834912,23.0,5532.939803952642,29501.583668070984,CLOSE_D,enter_or_rebalance
2019-01-31,PFE,BUY,28.970645904541016,46.952178956088815,1360.2349509834912,23.0,4149.704852969151,29453.314133137166,CLOSE_D,enter_or_rebalance
2019-01-31,SBUX,BUY,58.55387496948242,23.23048562870398,1360.2349509834912,23.0,2766.46990198566,29390.900982793675,CLOSE_D,enter_or_rebalance
2019-01-31,UAL,BUY,87.2699966430664,15.58651315808847,1360.2349509834912,23.0,1383.2349510021686,29368.10072612027,CLOSE_D,enter_or_rebalance
2019-01-31,ZBRA,BUY,173.60000610351562,7.835454511288434,1360.2349509834912,23.0,1.8677383195608854e-08,29348.218100101283,CLOSE_D,enter_or_rebalance
2019-04-30,HCA,SELL,116.61412048339844,13.072083101071433,1524.3894737173407,23.0,1501.389473736018,32116.830034720337,OPEN_D,exit
2019-04-30,AAP,SELL,129.83697509765625,11.676244523058765,1516.008269374526,23.0,2994.397743110544,31894.974518312916,OPEN_D,exit
2019-04-30,ORLY,SELL,1.660994291305542,76.76733176755386,127.51009982466553,23.0,3098.9078429352094,30080.291806514484,OPEN_D,exit
2019-04-30,UAL,SELL,89.66000366210938,15.58651315808847,1397.4868268337282,23.0,4473.394669768937,30058.071179738654,OPEN_D,exit
2019-04-30,NRG,SELL,28.115446090698242,40.087973261744864,1127.0912511259403,23.0,5577.485920894877,29802.924999754097,OPEN_D,exit
2019-04-30,ABT,SELL,61.72315979003906,21.074505574199975,1300.785075052414,23.0,6855.270995947291,29615.90732846849,OPEN_D,exit
2019-04-30,BSX,SELL,36.779998779296875,35.65491209904097,1311.3876234786642,23.0,8143.658619425955,29594.6900468709,OPEN_D,exit
2019-04-30,CHD,SELL,62.923343658447266,22.89278545217245,1440.4906063061492,23.0,9561.149225732104,29453.207673555266,OPEN_D,exit
2019-04-30,CME,SELL,108.98815155029297,9.573286589790664,1043.3748096824922,23.0,10581.524035414597,29143.06699529717,OPEN_D,exit
2019-04-30,MKC,SELL,29.661943435668945,25.110593319371848,744.8289986752942,23.0,11303.35303408989,28171.233104817755,OPEN_D,exit
2019-04-30,PFE,SELL,18.816650390625,46.952178956088815,883.4827364947835,23.0,12163.835770584674,27763.124542664198,OPEN_D,exit
2019-04-30,AMT,BUY,163.35728454589844,6.593816615092188,1077.1479770350875,23.0,11063.687793549587,27740.1245426642,CLOSE_D,enter_or_rebalance
2019-04-30,CDNS,BUY,69.37999725341797,15.525338997934629,1077.1479770350875,23.0,9963.5398165145,27701.350635384777,CLOSE_D,enter_or_rebalance
2019-04-30,CMG,BUY,13.760799407958984,78.27655538762419,1077.1479770350875,23.0,8863.391839479413,27659.720275966833,CLOSE_D,enter_or_rebalance
2019-04-30,EPAM,BUY,179.36000061035156,6.0055083261017845,1077.1479770350875,23.0,7763.243862444326,27620.845881070156,CLOSE_D,enter_or_rebalance
2019-04-30,ERIE,BUY,165.6984100341797,6.500653668390042,1077.1479770350875,23.0,6663.095885409239,27585.23427693063,CLOSE_D,enter_or_rebalance
2019-04-30,FICO,BUY,279.75,3.850394913440885,1077.1479770350875,23.0,5562.947908374152,27549.205195804978,CLOSE_D,enter_or_rebalance
2019-04-30,LLY,BUY,107.05828857421875,0.3662306180473136,39.20802319162379,23.0,5500.739885182528,27497.226559652885,CLOSE_D,enter_or_rebalance
2019-04-30,O,BUY,48.8974494934082,22.028714957419126,1077.1479770350875,23.0,4400.59190814744,27504.293800316278,CLOSE_D,enter_or_rebalance
2019-04-30,TDG,BUY,358.1325378417969,3.0076797364636882,1077.1479770350875,23.0,3300.443931112353,27469.96994974527,CLOSE_D,enter_or_rebalance
2019-04-30,ULTA,BUY,348.9800109863281,3.0865606714571583,1077.1479770350875,23.0,2200.2959540772654,27447.081562860487,CLOSE_D,enter_or_rebalance
2019-04-30,WDAY,BUY,205.6300048828125,5.238282115729894,1077.1479770350875,23.0,1100.147977042178,27430.007706600845,CLOSE_D,enter_or_rebalance
2019-04-30,WELL,BUY,60.28546905517578,17.86745618665149,1077.1479770350875,23.0,7.0904206950217485e-09,27401.140776278935,CLOSE_D,enter_or_rebalance
2019-07-31,EPAM,SELL,197.38999938964844,6.0055083261017845,1185.42728482376,23.0,1162.4272848308503,29412.076722612506,OPEN_D,exit
2019-07-31,ULTA,SELL,347.6199951171875,3.0865606714571583,1072.9502055408404,23.0,2212.377490371691,29385.95926619214,OPEN_D,exit
2019-07-31,KDP,SELL,20.587554931640625,59.10295902967821,1216.7854156460055,23.0,3406.1629060176965,29155.65881187088,OPEN_D,exit
2019-07-31,O,SELL,34.701812744140625,22.028714957419126,764.4363414464083,23.0,4147.599247464104,28812.726483113,OPEN_D,exit
2019-07-31,ZBRA,SELL,215.55999755859375,7.835454511288434,1689.0105553238072,23.0,5813.609802787912,28769.040887985586,OPEN_D,exit
2019-07-31,DECK,SELL,4.324183940887451,130.87715860902452,565.9369074861237,23.0,6356.546710274035,25917.88994244323,OPEN_D,exit
2019-07-31,AES,SELL,10.596583366394043,106.93346074313452,1133.1293314216496,23.0,7466.676041695684,25593.33812567957,OPEN_D,exit
2019-07-31,AZO,SELL,1142.4200439453125,1.6053000069304022,1833.9269044628406,23.0,9277.602946158524,25567.48084059643,OPEN_D,exit
2019-07-31,LLY,SELL,91.43152618408203,12.840099985442052,1173.9899380251763,23.0,10428.592884183701,25434.741245823396,OPEN_D,exit
2019-07-31,MRK,SELL,50.17648696899414,23.807902466525032,1194.5969078706767,23.0,11600.189792054378,25063.98960502261,OPEN_D,exit
2019-07-31,AMT,SELL,147.9264373779297,6.593816615092188,975.3998005939869,23.0,12552.589592648364,24860.645058262726,OPEN_D,exit
2019-07-31,TDG,SELL,268.2178955078125,3.0076797364636882,806.7135292757825,23.0,13336.303121924147,24558.28128592449,OPEN_D,exit
2019-07-31,WDAY,SELL,206.4499969482422,5.238282115729894,1081.4433268064683,23.0,14394.746448730615,24537.795638959687,OPEN_D,exit
2019-07-31,WELL,SELL,56.033287048339844,17.86745618665149,1001.1723013302786,23.0,15372.918750060893,24288.907654582377,OPEN_D,exit
2019-07-31,BX,BUY,38.69085693359375,27.645268772573626,1069.6191389703931,23.0,14280.2996110905,24265.907654582377,CLOSE_D,enter_or_rebalance
2019-07-31,CDNS,BUY,73.91000366210938,0.7204816915930353,53.250804464123995,23.0,14204.048806626377,24241.90078695614,CLOSE_D,enter_or_rebalance
2019-07-31,CSGP,BUY,61.54000473022461,17.380875150389173,1069.6191389703931,23.0,13111.429667655984,24245.38143005959,CLOSE_D,enter_or_rebalance
2019-07-31,GPN,BUY,159.8854522705078,6.689909080412898,1069.6191389703931,23.0,12018.810528685592,24228.169132061652,CLOSE_D,enter_or_rebalance
2019-07-31,HWM,BUY,18.89406394958496,56.611385556038044,1069.6191389703931,23.0,10926.191389715199,24201.602051634007,CLOSE_D,enter_or_rebalance
2019-07-31,IQV,BUY,159.1699981689453,6.719979589590019,1069.6191389703931,23.0,9833.572250744806,24182.873647422195,CLOSE_D,enter_or_rebalance
2019-07-31,LDOS,BUY,75.22801971435547,14.2183609648611,1069.6191389703931,23.0,8740.953111774414,24169.012823765588,CLOSE_D,enter_or_rebalance
2019-07-31,LULU,BUY,191.08999633789062,5.5974627634565595,1069.6191389703931,23.0,7648.333972804021,24175.71721358956,CLOSE_D,enter_or_rebalance
2019-07-31,MKTX,BUY,316.5582275390625,3.378901718289425,1069.6191389703931,23.0,6555.714833833628,24156.52353268218,CLOSE_D,enter_or_rebalance
2019-07-31,MSCI,BUY,212.8619384765625,5.02494314683771,1069.6191389703931,23.0,5463.095694863236,24130.381694411473,CLOSE_D,enter_or_rebalance
2019-07-31,MTD,BUY,756.75,1.4134379107636512,1069.6191389703931,23.0,4370.476555892843,24110.394160709322,CLOSE_D,enter_or_rebalance
2019-07-31,NOW,BUY,55.478004455566406,19.280057916053476,1069.6191389703931,23.0,3277.85741692245,24091.945389372668,CLOSE_D,enter_or_rebalance
2019-07-31,SNPS,BUY,132.75999450683594,8.056788062877763,1069.6191389703931,23.0,2185.2382779520567,24082.865519993997,CLOSE_D,enter_or_rebalance
2019-07-31,XRAY,BUY,48.13290023803711,22.222204223736444,1069.6191389703931,23.0,1092.6191389816636,24080.893741755583,CLOSE_D,enter_or_rebalance
2019-07-31,XRX,BUY,22.111583709716797,48.3737009981947,1069.6191389703931,23.0,1.1270458344370127e-08,24101.503579888333,CLOSE_D,enter_or_rebalance
2019-10-31,FICO,SELL,302.9599914550781,3.850394913440885,1166.5156100747267,23.0,1143.5156100859972,23337.94610578952,OPEN_D,exit
2019-10-31,GPN,SELL,153.55032348632812,6.689909080412898,1027.2377033915243,23.0,2147.7533134775213,23287.661166243262,OPEN_D,exit
2019-10-31,SBUX,SELL,65.79662322998047,23.23048562870398,1528.4875103613117,23.0,3653.240823838833,23089.47634368461,OPEN_D,exit
2019-10-31,LDOS,SELL,73.47161102294922,14.2183609648611,1044.6458861941596,23.0,4674.886710032993,22977.23864205946,OPEN_D,exit
2019-10-31,MSCI,SELL,206.53622436523438,5.02494314683771,1037.8327851978202,23.0,5689.719495230813,22910.148093621327,OPEN_D,exit
2019-10-31,MTD,SELL,704.5900268554688,1.4134379107636512,995.8942555034987,23.0,6662.613750734312,22881.664033895417,OPEN_D,exit
2019-10-31,NOW,SELL,9.998400688171387,19.280057916053476,192.76974433585326,23.0,6832.383495070165,22087.62365064682,OPEN_D,exit
2019-10-31,CSGP,SELL,5.496500492095947,17.380875150389173,95.53398881717231,23.0,6904.917483887337,21204.140020882383,OPEN_D,exit
2019-10-31,LULU,SELL,205.35000610351562,5.5974627634565595,1149.439012640006,23.0,8031.356496527343,21178.341289500655,OPEN_D,exit
2019-10-31,CDNS,SELL,66.70999908447266,16.245820689527665,1083.7586833248974,23.0,9092.11517985224,21151.604696205923,OPEN_D,exit
2019-10-31,ERIE,SELL,147.53175354003906,6.500653668390042,959.0528348540705,23.0,10028.16801470631,21001.06468035247,OPEN_D,exit
2019-10-31,HWM,SELL,15.676562309265137,56.611385556038044,887.4719130830628,23.0,10892.639927789374,20688.61358615198,OPEN_D,exit
2019-10-31,IQV,SELL,145.72000122070312,6.719979589590019,979.2354339981576,23.0,11848.875361787532,20665.47915784934,OPEN_D,exit
2019-10-31,SNPS,SELL,137.66000366210938,8.056788062877763,1109.097474240592,23.0,12934.972836028124,20642.88202183985,OPEN_D,exit
2019-10-31,XRAY,SELL,43.27381134033203,22.222204223736444,961.6394731443005,23.0,13873.612309172424,20492.56906207498,OPEN_D,exit
2019-10-31,XRX,SELL,16.464210510253906,48.3737009981947,796.434796394357,23.0,14647.04710556678,20119.64490934913,OPEN_D,exit
2019-10-31,ACGL,BUY,39.70952224731445,22.474217608038582,892.4404440973943,23.0,13731.606661469386,20096.64490934913,CLOSE_D,enter_or_rebalance
2019-10-31,AN,BUY,50.849998474121094,17.550451737999182,892.4404440973943,23.0,12816.166217371992,20078.98757709242,CLOSE_D,enter_or_rebalance
2019-10-31,BLDR,BUY,22.610000610351562,39.47104909359477,892.4404440973943,23.0,11900.725773274598,20068.448448708143,CLOSE_D,enter_or_rebalance
2019-10-31,CINF,BUY,96.31654357910156,9.265702556741592,892.4404440973943,23.0,10985.285329177204,20035.383289029647,CLOSE_D,enter_or_rebalance
2019-10-31,CTAS,BUY,62.88048553466797,14.19264556418484,892.4404440973943,23.0,10069.84488507981,20008.99355130307,CLOSE_D,enter_or_rebalance
2019-10-31,DG,BUY,146.88174438476562,6.075911256606489,892.4404440973943,23.0,9154.404440982416,20011.20522603098,CLOSE_D,enter_or_rebalance
2019-10-31,ETR,BUY,48.40523147583008,18.436859341185297,892.4404440973943,23.0,8238.963996885022,19995.385325871972,CLOSE_D,enter_or_rebalance
2019-10-31,GNRC,BUY,96.58000183105469,9.240426870756547,892.4404440973943,23.0,7323.523552787628,19972.972941685402,CLOSE_D,enter_or_rebalance
2019-10-31,HSY,BUY,126.95433044433594,7.0296179813156625,892.4404440973943,23.0,6408.083108690234,19913.84283878129,CLOSE_D,enter_or_rebalance
2019-10-31,JBL,BUY,35.71540451049805,24.987549667401186,892.4404440973943,23.0,5492.64266459284,19885.374118640306,CLOSE_D,enter_or_rebalance
2019-10-31,KLAC,BUY,156.5720672607422,5.699870096312886,892.4404440973943,23.0,4577.202220495446,19879.098287615354,CLOSE_D,enter_or_rebalance
2019-10-31,LRCX,BUY,25.139482498168945,35.499555098733474,892.4404440973943,23.0,3661.761776398052,19876.793888337063,CLOSE_D,enter_or_rebalance
2019-10-31,MLM,BUY,250.8091583251953,3.5582450419943186,892.4404440973943,23.0,2746.3213323006576,19875.261962067627,CLOSE_D,enter_or_rebalance
2019-10-31,NVR,BUY,3636.590087890625,0.24540583968182328,892.4404440973943,23.0,1830.880888203263,19869.09467198873,CLOSE_D,enter_or_rebalance
2019-10-31,PHM,BUY,36.78955078125,24.257986986680784,892.4404440973943,23.0,915.4404441058688,19842.536287313338,CLOSE_D,enter_or_rebalance
2019-10-31,TER,BUY,59.60209274291992,14.973307194878766,892.4404440973943,23.0,8.474444257444702e-09,19827.041490692227,CLOSE_D,enter_or_rebalance
2020-01-31,MKTX,SELL,316.2668151855469,3.378901718289425,1068.6344852683685,23.0,1045.634485276843,20915.73448898379,OPEN_D,exit
2020-01-31,CINF,SELL,78.01383209228516,9.265702556741592,722.8529634786959,23.0,1745.487448755539,20769.188018003217,OPEN_D,exit
2020-01-31,MLM,SELL,244.4313507080078,3.5582450419943186,869.7466417647432,23.0,2592.2340905202823,20705.330530118372,OPEN_D,exit
2020-01-31,NVR,SELL,3896.0,0.24540583968182328,956.1011514003835,23.0,3525.335241920666,20664.96561050594,OPEN_D,exit
2020-01-31,PHM,SELL,40.571659088134766,24.257986986680784,984.1867781880223,23.0,4486.522020108689,20584.121734294764,OPEN_D,exit
2020-01-31,BALL,SELL,63.20687484741211,28.14268843540239,1778.811385806191,23.0,6242.33340591488,20421.97923007504,OPEN_D,exit
2020-01-31,CMG,SELL,0.3518039882183075,78.27655538762419,27.538004369357434,23.0,6246.871410284238,19048.928212619547,OPEN_D,exit
2020-01-31,ACGL,SELL,40.201087951660156,22.474217608038582,903.4879987055084,23.0,7127.359408989746,18978.847442731127,OPEN_D,exit
2020-01-31,AN,SELL,43.88999938964844,17.550451737999182,770.2893160688385,23.0,7874.648725058584,18956.54947686856,OPEN_D,exit
2020-01-31,CTAS,SELL,15.756444931030273,14.19264556418484,223.6256382577095,23.0,8075.274363316294,18207.328694148033,OPEN_D,exit
2020-01-31,DG,SELL,132.3282928466797,6.075911256606489,804.014964074661,23.0,8856.289327390954,18112.745844834608,OPEN_D,exit
2020-01-31,ETR,SELL,21.247974395751953,18.436859341185297,391.7459152195854,23.0,9225.03524261054,17506.042757982057,OPEN_D,exit
2020-01-31,HSY,SELL,118.91146850585938,7.0296179813156625,835.9021971934402,23.0,10037.93743980398,17353.01627801931,OPEN_D,exit
2020-01-31,JBL,SELL,37.46834182739258,24.987549667401186,936.2420523671374,23.0,10951.179492171117,17299.62313470247,OPEN_D,exit
2020-01-31,AAPL,BUY,74.67838287353516,10.166624896916675,759.2271065835583,23.0,10168.95238558756,17276.623134702473,CLOSE_D,enter_or_rebalance
2020-01-31,AMAT,BUY,54.794647216796875,13.85586266446156,759.2271065835583,23.0,9386.725279004002,17288.848125783225,CLOSE_D,enter_or_rebalance
2020-01-31,APO,BUY,40.16138458251953,18.904405674151388,759.2271065835583,23.0,8604.498172420444,17295.436870593578,CLOSE_D,enter_or_rebalance
2020-01-31,CDW,BUY,121.30895233154297,6.25862388547018,759.2271065835583,23.0,7822.271065836886,17261.366128018988,CLOSE_D,enter_or_rebalance
2020-01-31,FICO,BUY,402.3800048828125,1.8868410392426744,759.2271065835583,23.0,7040.043959253328,17258.037971496895,CLOSE_D,enter_or_rebalance
2020-01-31,LULU,BUY,239.38999938964844,3.1715071996294446,759.2271065835583,23.0,6257.816852669769,17249.20816612779,CLOSE_D,enter_or_rebalance
2020-01-31,NXPI,BUY,114.73955535888672,6.61696050859548,759.2271065835583,23.0,5475.589746086211,17240.099383148045,CLOSE_D,enter_or_rebalance
2020-01-31,PODD,BUY,194.0399932861328,3.9127351724033326,759.2271065835583,23.0,4693.362639502652,17245.58681369215,CLOSE_D,enter_or_rebalance
2020-01-31,SWKS,BUY,97.97163391113281,7.749458453170546,759.2271065835583,23.0,3911.1355329190937,17233.855510093825,CLOSE_D,enter_or_rebalance
2020-01-31,TDG,BUY,534.656494140625,1.4200278401254525,759.2271065835583,23.0,3128.9084263355353,17231.522072772263,CLOSE_D,enter_or_rebalance
2020-01-31,TGT,BUY,94.4758529663086,8.036202720014703,759.2271065835583,23.0,2346.681319751977,17221.032687920146,CLOSE_D,enter_or_rebalance
2020-01-31,THC,BUY,31.639999389648438,23.995800291701407,759.2271065835583,23.0,1564.4542131684184,17224.9765173508,CLOSE_D,enter_or_rebalance
2020-01-31,TYL,BUY,323.67999267578125,2.3456102439548965,759.2271065835583,23.0,782.22710658486,17227.652016339987,CLOSE_D,enter_or_rebalance
2020-01-31,WU,BUY,17.90892791748047,42.393777566243664,759.2271065835583,23.0,1.3017142919125035e-09,17199.37439329109,CLOSE_D,enter_or_rebalance
2020-04-30,SWKS,SELL,79.94273376464844,7.749458453170546,619.5128939420173,23.0,596.512893943319,15028.458258836927,OPEN_D,exit
2020-04-30,FICO,SELL,362.05999755859375,1.8868410392426744,683.1496620616572,23.0,1256.662556004976,15015.024556725522,OPEN_D,exit
2020-04-30,KLAC,SELL,152.175048828125,5.699870096312886,867.378010220383,23.0,2101.040566225359,14921.698878303774,OPEN_D,exit
2020-04-30,AMAT,SELL,48.02314376831055,13.85586266446156,665.4020847694039,23.0,2743.4426509947625,14850.41911684939,OPEN_D,exit
2020-04-30,APO,SELL,31.5357723236084,18.904405674151388,596.1650332531689,23.0,3316.6076842479315,14720.783100265446,OPEN_D,exit
2020-04-30,LRCX,SELL,2.414952278137207,35.499555098733474,85.72973145854371,23.0,3379.3374157064754,13852.076151267926,OPEN_D,exit
2020-04-30,BLDR,SELL,18.860000610351562,39.47104909359477,744.4240099964139,23.0,4100.761425702889,13802.235825838672,OPEN_D,exit
2020-04-30,TER,SELL,63.58738708496094,14.973307194878766,952.1134805427868,23.0,5029.874906245675,13747.146919961599,OPEN_D,exit
2020-04-30,LULU,SELL,229.72000122070312,3.1715071996294446,728.5586377703447,23.0,5735.43354401602,13715.552162550885,OPEN_D,exit
2020-04-30,TDG,SELL,250.22691345214844,1.4200278401254525,355.3291834507129,23.0,6067.762727466733,13609.798553749271,OPEN_D,exit
2020-04-30,BX,SELL,35.90699005126953,27.645268772573626,992.6583907814735,23.0,7037.421118248207,13350.054935134738,OPEN_D,exit
2020-04-30,CDW,SELL,96.47502899169922,6.25862388547018,603.8009207988769,23.0,7618.222039047084,13281.297868128808,OPEN_D,exit
2020-04-30,NXPI,SELL,87.34172058105469,6.61696050859548,577.9367158376199,23.0,8173.158754884704,13194.625323571698,OPEN_D,exit
2020-04-30,TGT,SELL,81.77069854736328,8.036202720014703,657.1259100838231,23.0,8807.284664968527,13055.826126712638,OPEN_D,exit
2020-04-30,THC,SELL,20.030000686645508,23.995800291701407,480.63589631938765,23.0,9264.920561287914,13021.548117052145,OPEN_D,exit
2020-04-30,WU,SELL,8.979899406433105,42.393777566243664,380.6918580035686,23.0,9622.612419291483,12810.101319930653,OPEN_D,exit
2020-04-30,AXON,BUY,72.70999908447266,7.95507197755973,578.413276205282,23.0,9021.199143086202,12787.101319930654,CLOSE_D,enter_or_rebalance
2020-04-30,BIIB,BUY,296.8299865722656,1.948634916858249,578.413276205282,23.0,8419.78586688092,12784.2276423231,CLOSE_D,enter_or_rebalance
2020-04-30,CNC,BUY,66.58000183105469,8.6874926449085,578.413276205282,23.0,7818.372590675638,12776.58289498276,CLOSE_D,enter_or_rebalance
2020-04-30,DPZ,BUY,337.6693115234375,1.712957785816241,578.413276205282,23.0,7216.959314470356,12750.0209911838,CLOSE_D,enter_or_rebalance
2020-04-30,DVA,BUY,79.01000213623047,7.320760164111519,578.413276205282,23.0,6615.546038265074,12727.14885662399,CLOSE_D,enter_or_rebalance
2020-04-30,DXCM,BUY,83.80000305175781,6.902306147268679,578.413276205282,23.0,6014.132762059791,12723.03637539914,CLOSE_D,enter_or_rebalance
2020-04-30,FTNT,BUY,21.54800033569336,26.843014070645093,578.413276205282,23.0,5412.719485854509,12717.758027474501,CLOSE_D,enter_or_rebalance
2020-04-30,GEN,BUY,18.824411392211914,30.72676558931265,578.413276205282,23.0,4811.306209649227,12698.94554135585,CLOSE_D,enter_or_rebalance
2020-04-30,LDOS,BUY,91.60042572021484,6.314526069693089,578.413276205282,23.0,4209.8929334439445,12676.217476231977,CLOSE_D,enter_or_rebalance
2020-04-30,MSCI,BUY,308.7371826171875,1.873481099043629,578.413276205282,23.0,3608.479657238662,12677.510711369177,CLOSE_D,enter_or_rebalance
2020-04-30,MSFT,BUY,170.621337890625,3.39004067929691,578.413276205282,23.0,3007.06638103338,12668.130898376548,CLOSE_D,enter_or_rebalance
2020-04-30,NEM,BUY,50.048709869384766,11.557006718351046,578.413276205282,23.0,2405.6531048280976,12639.38578915405,CLOSE_D,enter_or_rebalance
2020-04-30,ODFL,BUY,70.76399993896484,8.173835236902569,578.413276205282,23.0,1804.2398286228156,12644.295089229987,CLOSE_D,enter_or_rebalance
2020-04-30,REGN,BUY,522.9794921875,1.1059960951545453,578.413276205282,23.0,1202.8265524175335,12634.51234145106,CLOSE_D,enter_or_rebalance
2020-04-30,RMD,BUY,147.89804077148438,3.910892079354736,578.413276205282,23.0,601.4132762122515,12600.810357629189,CLOSE_D,enter_or_rebalance
2020-04-30,VRTX,BUY,251.1999969482422,2.3026006498099583,578.413276205282,23.0,6.969457899685949e-09,12581.497108615862,CLOSE_D,enter_or_rebalance
2020-07-31,CNC,SELL,66.58000183105469,8.6874926449085,578.413276205282,23.0,555.4132762122515,14356.105499705502,OPEN_D,exit
2020-07-31,RMD,SELL,187.2294921875,3.910892079354736,732.2343380177032,23.0,1264.6476142299548,14302.147950731709,OPEN_D,exit
2020-07-31,TYL,SELL,354.1199951171875,2.3456102439548965,830.6274881361329,23.0,2072.2751023660876,14288.718009030814,OPEN_D,exit
2020-07-31,LDOS,SELL,79.92293548583984,6.314526069693089,504.6754596917346,23.0,2553.950562057822,14227.89950342785,OPEN_D,exit
2020-07-31,MSCI,SELL,337.9772644042969,1.873481099043629,633.1940167679213,23.0,3164.1445788257433,14174.244120073334,OPEN_D,exit
2020-07-31,MSFT,SELL,186.3111114501953,3.39004067929691,631.6022468211825,23.0,3772.7468256469256,14122.911550935964,OPEN_D,exit
2020-07-31,DPZ,SELL,336.4156799316406,1.712957785816241,576.2658582095684,23.0,4326.012683856494,14060.391511258184,OPEN_D,exit
2020-07-31,PODD,SELL,203.9600067138672,3.9127351724033326,798.041492032968,23.0,5101.0541758894615,14047.290786171674,OPEN_D,exit
2020-07-31,AXON,SELL,85.66000366210938,7.95507197755973,681.4314947301102,23.0,5759.4856706195715,14030.495793295771,OPEN_D,exit
2020-07-31,BIIB,SELL,273.44000244140625,1.948634916858249,532.8347364231291,23.0,6269.320407042701,14004.7287650157,OPEN_D,exit
2020-07-31,DVA,SELL,91.5999984741211,7.320760164111519,670.5816198620216,23.0,6916.902026904722,13985.24269861681,OPEN_D,exit
2020-07-31,AMZN,BUY,158.23399353027344,3.6536141277593135,578.1259542539829,23.0,6315.7760726507395,13962.24269861681,CLOSE_D,enter_or_rebalance
2020-07-31,CLX,BUY,198.7257537841797,2.909164732024817,578.1259542539829,23.0,5714.650118396757,13918.636317166238,CLOSE_D,enter_or_rebalance
2020-07-31,EBAY,BUY,50.3514404296875,11.481815600912114,578.1259542539829,23.0,5113.524164142774,13882.803205646855,CLOSE_D,enter_or_rebalance
2020-07-31,GEN,BUY,19.092344284057617,5.3091197061175235,101.36354127447056,23.0,4989.160622868303,13862.698574281063,CLOSE_D,enter_or_rebalance
2020-07-31,LULU,BUY,325.5899963378906,1.7756256665024057,578.1259542539829,23.0,4388.03466861432,13829.434469707197,CLOSE_D,enter_or_rebalance
2020-07-31,MKTX,BUY,488.15606689453125,1.1843055806553975,578.1259542539829,23.0,3786.9087143603374,13803.00752517592,CLOSE_D,enter_or_rebalance
2020-07-31,MPWR,BUY,254.75381469726562,2.2693515107555644,578.1259542539829,23.0,3185.7827601063545,13779.839681086669,CLOSE_D,enter_or_rebalance
2020-07-31,NEM,BUY,58.47751235961914,0.49401010247681515,28.888481873364675,23.0,3133.89427823299,13801.752579475593,CLOSE_D,enter_or_rebalance
2020-07-31,NOW,BUY,87.84000396728516,6.581579327675101,578.1259542539829,23.0,2532.768323979007,13742.702274155452,CLOSE_D,enter_or_rebalance
2020-07-31,REGN,BUY,628.5838012695312,0.020893719479092285,13.13345361282708,23.0,2496.63487036618,13710.094969168202,CLOSE_D,enter_or_rebalance
2020-07-31,SNPS,BUY,199.22000122070312,2.901947348215875,578.1259542539829,23.0,1895.5089161121973,13686.422508125863,CLOSE_D,enter_or_rebalance
2020-07-31,TER,BUY,86.9981460571289,6.645267519543991,578.1259542539829,23.0,1294.3829618582145,13663.770727637986,CLOSE_D,enter_or_rebalance
2020-07-31,TSLA,BUY,95.3839111328125,6.061042657906957,578.1259542539829,23.0,693.2570076042316,13638.496201906104,CLOSE_D,enter_or_rebalance
2020-07-31,VRTX,BUY,272.0,0.25415828437522725,69.1310533500618,23.0,601.1259542541698,13621.379774183994,CLOSE_D,enter_or_rebalance
2020-07-31,WST,BUY,265.1673889160156,2.1802302184190836,578.1259542539829,23.0,1.8690116121433675e-10,13617.299774691744,CLOSE_D,enter_or_rebalance
2020-10-30,REGN,SELL,539.123291015625,1.1268898146336377,607.5325454772743,23.0,584.5325454774612,14332.824056708665,OPEN_D,exit
2020-10-30,AMZN,SELL,7.894374847412109,3.6536141277593135,28.842999472332657,23.0,590.3755449497938,13752.077457078292,OPEN_D,exit
2020-10-30,FTNT,SELL,4.72320032119751,26.843014070645093,126.78493268038018,23.0,694.160477630174,13222.367247451653,OPEN_D,exit
2020-10-30,MKTX,SELL,492.3689270019531,1.1843055806553975,583.1152679897231,23.0,1254.275745619897,13159.811086864807,OPEN_D,exit
2020-10-30,GEN,SELL,16.2857608795166,36.03588529543017,586.8718110030642,23.0,1818.147556622961,13058.947873984609,OPEN_D,exit
2020-10-30,MPWR,SELL,285.30718994140625,2.2693515107555644,647.462302522955,23.0,2442.609859145916,12987.044207691217,OPEN_D,exit
2020-10-30,ODFL,SELL,44.84840774536133,8.173835236902569,366.5834955480085,23.0,2786.1933546939244,12571.585839029005,OPEN_D,exit
2020-10-30,VRTX,SELL,205.92999267578125,2.5567589341851855,526.5133485904935,23.0,3289.706703284418,12545.824534698517,OPEN_D,exit
2020-10-30,TER,SELL,83.2182388305664,6.645267519543991,553.0074595344175,23.0,3819.7141628188356,12499.760530455136,OPEN_D,exit
2020-10-30,SNPS,SELL,217.10000610351562,2.901947348215875,630.0127870097475,23.0,4426.726949828583,12469.911932942141,OPEN_D,exit
2020-10-30,NEM,SELL,43.850650787353516,12.051016820827861,528.4449302426457,23.0,4932.171880071229,12358.526424109794,OPEN_D,exit
2020-10-30,CLX,SELL,146.56008911132812,2.909164732024817,426.36744236509014,23.0,5335.539322436319,12251.673443984717,OPEN_D,exit
2020-10-30,EBAY,SELL,40.70100402832031,11.481815600912114,467.32142302515496,23.0,5779.860745461474,12179.093772519087,OPEN_D,exit
2020-10-30,TSLA,SELL,45.21049880981445,6.061042657906957,274.0227618715371,23.0,6030.883507333011,11600.098008827552,OPEN_D,exit
2020-10-30,BBWI,BUY,23.366823196411133,17.262379976932756,403.3669808702554,23.0,5604.516526462756,11577.098008827552,CLOSE_D,enter_or_rebalance
2020-10-30,BBY,BUY,89.61385345458984,4.501167680225404,403.3669808702554,23.0,5178.1495455925005,11564.93510028871,CLOSE_D,enter_or_rebalance
2020-10-30,CMG,BUY,24.029598236083984,16.786255721268798,403.3669808702554,23.0,4751.782564722245,11544.574769744493,CLOSE_D,enter_or_rebalance
2020-10-30,CRL,BUY,227.6999969482422,1.7714843490399501,403.3669808702554,23.0,4325.41558385199,11535.446976194231,CLOSE_D,enter_or_rebalance
2020-10-30,DHI,BUY,63.3857536315918,6.363685177819124,403.3669808702554,23.0,3899.048602981735,11514.643626518096,CLOSE_D,enter_or_rebalance
2020-10-30,DXCM,BUY,79.8949966430664,0.16705597716586812,13.346936734871212,23.0,3862.7016662468636,11471.900584641968,CLOSE_D,enter_or_rebalance
2020-10-30,EPAM,BUY,308.95001220703125,1.3056059716222124,403.3669808702554,23.0,3436.3346853766084,11476.66554321885,CLOSE_D,enter_or_rebalance
2020-10-30,FBIN,BUY,64.11150360107422,6.291647492471177,403.3669808702554,23.0,3009.967704506353,11464.201753128453,CLOSE_D,enter_or_rebalance
2020-10-30,FCX,BUY,16.188493728637695,24.91689391439137,403.3669808702554,23.0,2583.600723636098,11446.239458455964,CLOSE_D,enter_or_rebalance
2020-10-30,FDX,BUY,235.1666717529297,1.7152387192605252,403.3669808702554,23.0,2157.2337427658426,11426.496123028648,CLOSE_D,enter_or_rebalance
2020-10-30,LEN,BUY,62.79153060913086,6.423907443523914,403.3669808702554,23.0,1730.8667618955872,11415.233165320707,CLOSE_D,enter_or_rebalance
2020-10-30,LOW,BUY,143.55604553222656,2.809822319741348,403.3669808702554,23.0,1304.4997810253317,11400.101731484317,CLOSE_D,enter_or_rebalance
2020-10-30,LULU,BUY,319.2900085449219,0.0075130393865392615,2.3988384099264555,23.0,1279.1009426154053,11364.579511964148,CLOSE_D,enter_or_rebalance
2020-10-30,PHM,BUY,38.68977355957031,10.42567437747328,403.3669808702554,23.0,852.7339617451498,11360.944372189904,CLOSE_D,enter_or_rebalance
2020-10-30,WHR,BUY,143.21197509765625,2.8165729897601053,403.3669808702554,23.0,426.3669808748944,11344.376860242803,CLOSE_D,enter_or_rebalance
2020-10-30,WSM,BUY,41.32796859741211,9.760145358209394,403.3669808702554,23.0,4.638991413230542e-09,11324.47364648777,CLOSE_D,enter_or_rebalance
2021-01-29,LOW,SELL,142.43505859375,2.809822319741348,400.21720675038546,23.0,377.21720675502445,12903.524025078752,OPEN_D,exit
2021-01-29,DXCM,SELL,22.660625457763672,7.069362124434547,160.19616732711177,23.0,514.4133740821362,12392.300599058639,OPEN_D,exit
2021-01-29,EPAM,SELL,346.760009765625,1.3056059716222124,452.7319394697767,23.0,944.145313551913,12366.415221017656,OPEN_D,exit
2021-01-29,NOW,SELL,21.96320152282715,6.581579327675101,144.55255311220145,23.0,1065.6978666641144,11758.41287162768,OPEN_D,exit
2021-01-29,DHI,SELL,68.93260955810547,6.363685177819124,438.66542571330865,23.0,1481.363292377423,11709.053770230621,OPEN_D,exit
2021-01-29,PHM,SELL,40.81581115722656,10.42567437747328,425.532356577685,23.0,1883.895648955108,11669.043882230526,OPEN_D,exit
2021-01-29,LULU,SELL,327.8500061035156,1.783138705888945,584.6020356091055,23.0,2445.4976845642136,11641.78220902033,OPEN_D,exit
2021-01-29,CMG,SELL,0.5897679924964905,16.786255721268798,9.899996338265426,23.0,2432.397680902479,11131.627747981953,OPEN_D,exit
2021-01-29,WST,SELL,290.2100524902344,2.1802302184190836,632.7247261281974,23.0,3042.122407030676,11097.877765196015,OPEN_D,exit
2021-01-29,BBY,SELL,73.1504898071289,4.501167680225404,329.26262051250643,23.0,3348.385027543183,10995.792731204681,OPEN_D,exit
2021-01-29,CRL,SELL,260.7699890136719,1.7714843490399501,461.9499542370395,23.0,3787.3349817802223,10972.597839814352,OPEN_D,exit
2021-01-29,FBIN,SELL,54.67369079589844,6.291647492471177,343.98758960015886,23.0,4108.322571380381,10856.55881608028,OPEN_D,exit
2021-01-29,LEN,SELL,67.36811065673828,6.423907443523914,432.7665075039638,23.0,4518.089078884345,10780.661953225015,OPEN_D,exit
2021-01-29,WHR,SELL,118.18316650390625,2.8165729897601053,332.87151461922355,23.0,4827.960593503569,10663.393443671694,OPEN_D,exit
2021-01-29,WSM,SELL,27.561351776123047,9.760145358209394,269.0027996037036,23.0,5073.963393107272,10314.696547157211,OPEN_D,exit
2021-01-29,ALB,BUY,153.30853271484375,2.0091088067134133,308.013523221704,23.0,4742.949869885568,10291.696547157211,CLOSE_D,enter_or_rebalance
2021-01-29,ALGN,BUY,525.3800048828125,0.586268073316584,308.013523221704,23.0,4411.936346663863,10275.72177550556,CLOSE_D,enter_or_rebalance
2021-01-29,AN,BUY,71.27999877929688,4.321177448044035,308.013523221704,23.0,4080.9228234421594,10259.2879850833,CLOSE_D,enter_or_rebalance
2021-01-29,BLDR,BUY,38.25,8.05264112997919,308.013523221704,23.0,3749.9093002204554,10240.565941525834,CLOSE_D,enter_or_rebalance
2021-01-29,CDNS,BUY,130.38999938964844,2.3622480609211274,308.013523221704,23.0,3418.8957769987514,10222.719626934078,CLOSE_D,enter_or_rebalance
2021-01-29,CPRI,BUY,41.65999984741211,7.3935075456040265,308.013523221704,23.0,3087.8822537770475,10205.76697620283,CLOSE_D,enter_or_rebalance
2021-01-29,DE,BUY,270.5582580566406,1.138436968932666,308.013523221704,23.0,2756.8687305553435,10189.421144275471,CLOSE_D,enter_or_rebalance
2021-01-29,FDX,BUY,213.77447509765625,0.4011729872854829,85.76054478031283,23.0,2648.1081857750305,10159.250312849275,CLOSE_D,enter_or_rebalance
2021-01-29,IDXX,BUY,478.67999267578125,0.6434643769001794,308.013523221704,23.0,2317.0946625533265,10150.572745422034,CLOSE_D,enter_or_rebalance
2021-01-29,MPWR,BUY,342.648681640625,0.8989193296962781,308.013523221704,23.0,1986.0811393316226,10129.882780178668,CLOSE_D,enter_or_rebalance
2021-01-29,PENN,BUY,103.72000122070312,2.9696637060993663,308.013523221704,23.0,1655.0676161099186,10117.884199786438,CLOSE_D,enter_or_rebalance
2021-01-29,PWR,BUY,69.84595489501953,4.409897805601729,308.013523221704,23.0,1324.0540928882147,10104.713779403473,CLOSE_D,enter_or_rebalance
2021-01-29,QCOM,BUY,140.3232421875,2.195028552790536,308.013523221704,23.0,993.0405696665107,10090.805122600654,CLOSE_D,enter_or_rebalance
2021-01-29,SLM,BUY,12.508883476257324,24.62358241695462,308.013523221704,23.0,662.0270464448067,10066.366376773723,CLOSE_D,enter_or_rebalance
2021-01-29,TPR,BUY,27.929601669311523,11.028210386549945,308.013523221704,23.0,331.0135232231027,10044.475942765317,CLOSE_D,enter_or_rebalance
2021-01-29,TSLA,BUY,264.5097351074219,1.1644695160146545,308.013523221704,23.0,1.398689164489042e-09,10028.78175772978,CLOSE_D,enter_or_rebalance
2021-04-30,PENN,SELL,89.83000183105469,2.9696637060993663,266.7648961565227,23.0,243.76489615792138,12190.543294838779,OPEN_D,exit
2021-04-30,ALB,SELL,147.68406677246094,2.0091088067134133,296.71335916380303,23.0,517.4782553217244,12146.035995980094,OPEN_D,exit
2021-04-30,ALGN,SELL,597.760009765625,0.586268073316584,350.44760923099545,23.0,844.9258645527199,12119.178342038444,OPEN_D,exit
2021-04-30,IDXX,SELL,549.1099853515625,0.6434643769001794,353.3327145739098,23.0,1175.2585791266297,12093.91333486409,OPEN_D,exit
2021-04-30,MPWR,SELL,340.9866943359375,0.8989193296962781,306.5195307078106,23.0,1458.7781098344403,12055.136570914352,OPEN_D,exit
2021-04-30,PWR,SELL,96.44104766845703,4.409897805601729,425.29516448306043,23.0,1861.0732743175008,12025.563813913552,OPEN_D,exit
2021-04-30,BLDR,SELL,49.52000045776367,8.05264112997919,398.766792442776,23.0,2236.840066760277,11998.940119261384,OPEN_D,exit
2021-04-30,FCX,SELL,33.26838684082031,24.91689391439137,828.9448656156536,23.0,3042.7849323759306,11909.624875995614,OPEN_D,exit
2021-04-30,CDNS,SELL,131.25999450683594,2.3622480609211274,310.06866750029104,23.0,3329.853599876222,11881.427901425552,OPEN_D,exit
2021-04-30,GNRC,SELL,333.9800109863281,9.240426870756547,3086.1178678136334,23.0,6392.971467689855,11828.858704636401,OPEN_D,exit
2021-04-30,AAPL,SELL,125.24946594238281,10.166624896916675,1273.3643387753461,23.0,7643.335806465201,11756.234200979636,OPEN_D,exit
2021-04-30,TSLA,SELL,74.176513671875,1.1644695160146545,86.37628897514269,23.0,7706.712095440344,11556.828814212322,OPEN_D,exit
2021-04-30,FDX,SELL,243.45372009277344,2.116411706546008,515.2483032065209,23.0,8198.960398646865,11478.427856069127,OPEN_D,exit
2021-04-30,DE,SELL,328.5782165527344,1.138436968932666,374.0655889095961,23.0,8550.02598755646,11427.078385269771,OPEN_D,exit
2021-04-30,QCOM,SELL,114.8198013305664,2.195028552790536,252.03274234633005,23.0,8779.05872990279,11373.56179114543,OPEN_D,exit
2021-04-30,AMG,BUY,160.97874450683594,3.256312236945141,524.1970556256753,23.0,8231.861674277116,11350.561791145432,CLOSE_D,enter_or_rebalance
2021-04-30,AN,BUY,102.4800033569336,1.1281514014121603,115.61295940384753,23.0,8093.248714873268,11333.200995861542,CLOSE_D,enter_or_rebalance
2021-04-30,ANF,BUY,37.4900016784668,13.982316141819735,524.1970556256753,23.0,7546.051659247592,11314.614938925575,CLOSE_D,enter_or_rebalance
2021-04-30,CPRI,BUY,55.08000183105469,2.695341681147221,148.45942473290694,23.0,7374.5922345146855,11292.407116760975,CLOSE_D,enter_or_rebalance
2021-04-30,EXPE,BUY,174.81887817382812,2.998515155236547,524.1970556256753,23.0,6827.39517888901,11272.332853787444,CLOSE_D,enter_or_rebalance
2021-04-30,GAP,BUY,27.518184661865234,19.049114687863433,524.1970556256753,23.0,6280.198123263334,11254.211022867354,CLOSE_D,enter_or_rebalance
2021-04-30,HAL,BUY,17.91004753112793,29.26832297427536,524.1970556256753,23.0,5733.001067637659,11243.088597570859,CLOSE_D,enter_or_rebalance
2021-04-30,IVZ,BUY,22.07628059387207,23.744808524094488,524.1970556256753,23.0,5185.804012011983,11241.528148806572,CLOSE_D,enter_or_rebalance
2021-04-30,KSS,BUY,43.57199478149414,12.030595758914204,524.1970556256753,23.0,4638.6069563863075,11230.759382791855,CLOSE_D,enter_or_rebalance
2021-04-30,MGM,BUY,40.701515197753906,12.879055069050668,524.1970556256753,23.0,4091.4099007606324,11212.227487240143,CLOSE_D,enter_or_rebalance
2021-04-30,OKE,BUY,40.19286346435547,13.042043050516984,524.1970556256753,23.0,3544.212845134957,11185.365500084732,CLOSE_D,enter_or_rebalance
2021-04-30,R,BUY,70.62732696533203,7.422014652812521,524.1970556256753,23.0,2997.015789509282,11164.969441014988,CLOSE_D,enter_or_rebalance
2021-04-30,SBNY,BUY,246.3572235107422,2.1277925126592367,524.1970556256753,23.0,2449.818733883607,11155.691606350418,CLOSE_D,enter_or_rebalance
2021-04-30,SLM,BUY,17.751684188842773,6.810308800391385,120.89445105304455,23.0,2305.9242828305623,11143.877203115997,CLOSE_D,enter_or_rebalance
2021-04-30,THC,BUY,59.2599983215332,8.845714992793017,524.1970556256753,23.0,1758.7272272048872,11114.633029172264,CLOSE_D,enter_or_rebalance
2021-04-30,TNL,BUY,53.71577072143555,9.758717944197565,524.1970556256753,23.0,1211.530171579212,11094.552131316874,CLOSE_D,enter_or_rebalance
2021-04-30,TPR,BUY,42.265380859375,2.2272616124501465,94.13606032367112,23.0,1094.394111255541,11073.729607681165,CLOSE_D,enter_or_rebalance
2021-04-30,TRGP,BUY,31.446931838989258,16.669259128668102,524.1970556256753,23.0,547.1970556298658,11051.432166305258,CLOSE_D,enter_or_rebalance
2021-04-30,URI,BUY,309.8726501464844,1.6916531851968042,524.1970556256753,23.0,4.190496838418767e-09,11030.094361257741,CLOSE_D,enter_or_rebalance
2021-07-30,EXPE,SELL,160.56736755371094,2.998515155236547,481.4636850462393,23.0,458.4636850504298,10928.828815349249,OPEN_D,exit
2021-07-30,ANF,SELL,38.11000061035156,13.982316141819735,532.8660766988786,23.0,968.3297617493083,10902.333236313792,OPEN_D,exit
2021-07-30,OKE,SELL,32.60145950317383,13.042043050516984,425.1896383500791,23.0,1370.5194000993874,10765.703620312448,OPEN_D,exit
2021-07-30,TRGP,SELL,35.22068786621094,16.669259128668102,587.1027727318066,23.0,1934.622172831194,10679.578428612649,OPEN_D,exit
2021-07-30,URI,SELL,299.8218994140625,1.6916531851968042,507.19467113555464,23.0,2418.8168439667484,10635.46373889263,OPEN_D,exit
2021-07-30,CPRI,SELL,54.5,10.088849226751247,549.8422828579429,23.0,2945.659126824691,10657.359125648854,OPEN_D,exit
2021-07-30,GAP,SELL,20.000713348388672,19.049114687863433,380.9958824125369,23.0,3303.655009237228,10555.38633022625,OPEN_D,exit
2021-07-30,KSS,SELL,27.647464752197266,12.030595758914204,332.6154721925144,23.0,3613.2704814297426,10417.473681593225,OPEN_D,exit
2021-07-30,HAL,SELL,17.75313949584961,29.26832297427536,519.6046205718905,23.0,4109.875102001633,10343.446377329412,OPEN_D,exit
2021-07-30,R,SELL,61.01795196533203,7.422014652812521,452.87613357130493,23.0,4539.751235572939,10262.929501051662,OPEN_D,exit
2021-07-30,TNL,SELL,36.93868637084961,9.758717944197565,360.47422152229615,23.0,4877.225457095235,10165.308723334012,OPEN_D,exit
2021-07-30,AMAT,BUY,134.4923553466797,3.0075258907691365,404.4892408156621,23.0,4449.736216279573,10142.308723334012,CLOSE_D,enter_or_rebalance
2021-07-30,AYI,BUY,173.31607055664062,2.3338242063564025,404.4892408156621,23.0,4022.2469754639105,10112.28443221242,CLOSE_D,enter_or_rebalance
2021-07-30,COF,BUY,148.70211791992188,2.7201310006457677,404.4892408156621,23.0,3594.7577346482485,10082.711292685912,CLOSE_D,enter_or_rebalance
2021-07-30,CRL,BUY,406.9200134277344,0.9940264117471234,404.4892408156621,23.0,3167.2684938325865,10065.23958871205,CLOSE_D,enter_or_rebalance
2021-07-30,DXC,BUY,39.97999954223633,10.117289781065278,404.4892408156621,23.0,2739.7792530169245,10040.847927467381,CLOSE_D,enter_or_rebalance
2021-07-30,GM,BUY,54.8410530090332,7.375665101635379,404.4892408156621,23.0,2312.2900122012625,10024.828843522333,CLOSE_D,enter_or_rebalance
2021-07-30,GNRC,BUY,419.3599853515625,0.9645394289981344,404.4892408156621,23.0,1884.8007713856005,10004.960006708085,CLOSE_D,enter_or_rebalance
2021-07-30,IVZ,BUY,20.054189682006836,1.271609779150005,25.50110371256902,23.0,1836.2996676730315,9982.488048615582,CLOSE_D,enter_or_rebalance
2021-07-30,MGM,BUY,37.51508712768555,0.531759593035844,19.949007463722296,23.0,1793.3506602093094,9950.63146356252,CLOSE_D,enter_or_rebalance
2021-07-30,MOS,BUY,28.224937438964844,14.330917178837042,404.4892408156621,23.0,1365.8614193936473,9936.21094916168,CLOSE_D,enter_or_rebalance
2021-07-30,SBNY,BUY,222.8593292236328,0.12151400054355496,27.080528652416813,23.0,1315.7808907412305,9905.021173375988,CLOSE_D,enter_or_rebalance
2021-07-30,SPG,BUY,99.13957977294922,4.079997532186728,404.4892408156621,23.0,888.2916499255684,9889.309487981673,CLOSE_D,enter_or_rebalance
2021-07-30,STLD,BUY,60.09714889526367,6.730589524647821,404.4892408156621,23.0,460.80240910990636,9864.391261602863,CLOSE_D,enter_or_rebalance
2021-07-30,TPR,BUY,37.363128662109375,0.2760252865008472,10.313168293526756,23.0,427.4892408163796,9854.82325035264,CLOSE_D,enter_or_rebalance
2021-07-30,WSM,BUY,69.51757049560547,5.818518080133881,404.4892408156621,23.0,7.175344762799796e-10,9819.392931929106,CLOSE_D,enter_or_rebalance
2021-10-29,AYI,SELL,203.11569213867188,2.3338242063564025,474.03631900406725,23.0,451.0363190047848,10524.285306668682,OPEN_D,exit
2021-10-29,AMAT,SELL,124.97370147705078,3.0075258907691365,375.8616428574833,23.0,803.8979618622681,10483.24090852892,OPEN_D,exit
2021-10-29,DXC,SELL,32.54999923706055,10.117289781065278,329.31777465479524,23.0,1110.2157365170633,10459.431506821122,OPEN_D,exit
2021-10-29,SLM,SELL,14.841196060180664,31.433891217346005,466.51654249102313,23.0,1553.7322790080864,10386.471520178407,OPEN_D,exit
2021-10-29,AN,SELL,120.47000122070312,5.449328849456196,656.4806531460007,23.0,2187.212932154087,10361.346285253123,OPEN_D,exit
2021-10-29,GNRC,SELL,499.9100036621094,0.9645394289981344,482.18290948270624,23.0,2646.395841636793,10334.864312043435,OPEN_D,exit
2021-10-29,WSM,SELL,38.85013198852539,5.818518080133881,226.05019539082264,23.0,2849.4460370276156,10045.031308751191,OPEN_D,exit
2021-10-29,TPR,SELL,30.74262046813965,13.531497285500938,415.9936854138172,23.0,3242.439722441433,9969.001568898131,OPEN_D,exit
2021-10-29,AMG,SELL,166.70411682128906,3.256312236945141,542.840655554296,23.0,3762.280377995729,9943.893631423458,OPEN_D,exit
2021-10-29,IVZ,SELL,17.422836303710938,25.016418303244492,435.8569610025869,23.0,4175.1373389983155,9828.728517654554,OPEN_D,exit
2021-10-29,MGM,SELL,46.87825393676758,13.410814662086512,628.6755752282174,23.0,4780.812914226533,9804.711288045099,OPEN_D,exit
2021-10-29,GM,SELL,50.175559997558594,7.375665101635379,370.07812682900504,23.0,5127.891041055538,9765.802473838317,OPEN_D,exit
2021-10-29,MOS,SELL,34.13831329345703,14.330917178837042,489.2333404337243,23.0,5594.124381489262,9688.471009487239,OPEN_D,exit
2021-10-29,SPG,SELL,91.96035766601562,4.079997532186728,375.19803233635264,23.0,5946.322413825615,9565.019311212904,OPEN_D,exit
2021-10-29,STLD,SELL,57.93297576904297,6.730589524647821,389.92307984279665,23.0,6313.245493668412,9519.190703557459,OPEN_D,exit
2021-10-29,ALB,BUY,237.60289001464844,1.6330797304034557,388.024463568204,23.0,5902.221030100208,9496.190703557459,CLOSE_D,enter_or_rebalance
2021-10-29,BX,BUY,120.82379150390625,3.2114905412123167,388.024463568204,23.0,5491.196566532004,9466.591178580655,CLOSE_D,enter_or_rebalance
2021-10-29,COF,BUY,139.91868591308594,0.5546819685789368,77.61037214324847,23.0,5390.586194388756,9439.49430785995,CLOSE_D,enter_or_rebalance
2021-10-29,COP,BUY,64.1437759399414,6.049292513298812,388.024463568204,23.0,4979.561730820552,9420.9541018282,CLOSE_D,enter_or_rebalance
2021-10-29,CRL,BUY,448.67999267578125,0.054087921000440464,24.26816799832586,23.0,4932.293562822226,9411.232990892173,CLOSE_D,enter_or_rebalance
2021-10-29,EPAM,BUY,673.239990234375,0.5763538547867917,388.024463568204,23.0,4521.269099254022,9377.856665395157,CLOSE_D,enter_or_rebalance
2021-10-29,FTNT,BUY,67.26799774169922,5.768336751424799,388.024463568204,23.0,4110.244635685818,9353.294768962505,CLOSE_D,enter_or_rebalance
2021-10-29,INTU,BUY,608.8679809570312,0.6372883378730133,388.024463568204,23.0,3699.2201721176143,9319.957954569083,CLOSE_D,enter_or_rebalance
2021-10-29,IT,BUY,331.9100036621094,1.1690652866348077,388.024463568204,23.0,3288.1957085494105,9290.399882605354,CLOSE_D,enter_or_rebalance
2021-10-29,MAC,BUY,14.869779586791992,26.094836261921785,388.024463568204,23.0,2877.1712449812067,9261.472713039628,CLOSE_D,enter_or_rebalance
2021-10-29,MPWR,BUY,509.0963134765625,0.7621828194323934,388.024463568204,23.0,2466.146781413003,9238.901722364959,CLOSE_D,enter_or_rebalance
2021-10-29,MSCI,BUY,634.902587890625,0.6111559016594357,388.024463568204,23.0,2055.122317844799,9233.809064426085,CLOSE_D,enter_or_rebalance
2021-10-29,OKE,BUY,50.43906784057617,7.69293486538334,388.024463568204,23.0,1644.097854276595,9205.23569860707,CLOSE_D,enter_or_rebalance
2021-10-29,PWR,BUY,120.4289321899414,3.222020294560189,388.024463568204,23.0,1233.073390708391,9187.999325089066,CLOSE_D,enter_or_rebalance
2021-10-29,TDC,BUY,56.560001373291016,6.8604040690748365,388.024463568204,23.0,822.0489271401868,9165.735189175351,CLOSE_D,enter_or_rebalance
2021-10-29,TRGP,BUY,49.765743255615234,7.797019358781945,388.024463568204,23.0,411.02446357198284,9139.716594635924,CLOSE_D,enter_or_rebalance
2021-10-29,WST,BUY,424.8675231933594,0.913283417503324,388.024463568204,23.0,3.778836799028795e-09,9120.762214520957,CLOSE_D,enter_or_rebalance
2022-01-31,EPAM,SELL,453.8800048828125,0.5763538547867917,261.5954904248568,23.0,238.59549042863563,7968.530746026826,OPEN_D,exit
2022-01-31,FTNT,SELL,11.28640079498291,5.768336751424799,65.10376049700999,23.0,280.69925092564563,7685.115709539901,OPEN_D,exit
2022-01-31,MSCI,SELL,467.5487365722656,0.6111559016594357,285.745169669553,23.0,543.4444205951986,7650.842654692583,OPEN_D,exit
2022-01-31,ALB,SELL,186.8857421875,1.6330797304034557,305.1993174678122,23.0,825.6437380630108,7613.033026702245,OPEN_D,exit
2022-01-31,OKE,SELL,38.42068862915039,7.69293486538334,295.5678551072283,23.0,1098.2115931702392,7518.2775335953875,OPEN_D,exit
2022-01-31,MPWR,SELL,353.6187744140625,0.7621828194323934,269.52215448713764,23.0,1344.7337476573769,7490.58685751155,OPEN_D,exit
2022-01-31,TRGP,SELL,48.56489944458008,7.797019358781945,378.6614611266894,23.0,1700.3952087840662,7432.435430071858,OPEN_D,exit
2022-01-31,PWR,SELL,96.30326080322266,3.222020294560189,310.29106074030614,23.0,1987.6862695243724,7404.39210007237,OPEN_D,exit
2022-01-31,COP,SELL,66.19649505615234,6.049292513298812,400.4419619498042,23.0,2365.1282314741766,7315.790238375168,OPEN_D,exit
2022-01-31,WST,SELL,386.486083984375,0.913283417503324,352.9713315987267,23.0,2695.099563072903,7290.676319488329,OPEN_D,exit
2022-01-31,CRL,SELL,322.8999938964844,1.0481143327475637,338.4361116470061,23.0,3010.5356747199094,7268.902595345533,OPEN_D,exit
2022-01-31,COF,SELL,122.23983001708984,3.2748129692247048,400.31258069578917,23.0,3387.8482554156985,7211.864273492352,OPEN_D,exit
2022-01-31,INTU,SELL,508.11566162109375,0.6372883378730133,323.8161854417533,23.0,3688.664440857452,7180.7835009327555,OPEN_D,exit
2022-01-31,MAC,SELL,11.403346061706543,26.094836261921785,297.5684483182629,23.0,3963.232889175715,7091.4674788260245,OPEN_D,exit
2022-01-31,TDC,SELL,40.029998779296875,6.8604040690748365,274.62196651054904,23.0,4214.854855686264,7067.575618969343,OPEN_D,exit
2022-01-31,ACN,BUY,329.9546813964844,0.7753091855844905,255.81689531329835,23.0,3936.037960372966,7044.575618969343,CLOSE_D,enter_or_rebalance
2022-01-31,AZO,BUY,1986.3499755859375,0.12878742339342136,255.81689531329835,23.0,3657.221065059668,7013.812424054959,CLOSE_D,enter_or_rebalance
2022-01-31,BLDR,BUY,67.98999786376953,3.76256660319176,255.81689531329835,23.0,3378.40416974637,6986.280402171882,CLOSE_D,enter_or_rebalance
2022-01-31,CF,BUY,63.22093963623047,4.0463950201508165,255.81689531329835,23.0,3099.587274433072,6957.147428942878,CLOSE_D,enter_or_rebalance
2022-01-31,CPT,BUY,138.69874572753906,1.8444066957593628,255.81689531329835,23.0,2820.7703791197737,6942.4307272814385,CLOSE_D,enter_or_rebalance
2022-01-31,EXR,BUY,168.0993194580078,1.5218199344180148,255.81689531329835,23.0,2541.9534838064756,6916.618327905311,CLOSE_D,enter_or_rebalance
2022-01-31,FIX,BUY,88.21062469482422,2.900068967863329,255.81689531329835,23.0,2263.1365884931774,6891.966144550607,CLOSE_D,enter_or_rebalance
2022-01-31,IRM,BUY,39.362064361572266,6.499072125979321,255.81689531329835,23.0,1984.319693179879,6862.156120079999,CLOSE_D,enter_or_rebalance
2022-01-31,IT,BUY,293.8900146484375,0.032670133397928305,9.601425982883557,23.0,1951.7182671969956,6841.384326870225,CLOSE_D,enter_or_rebalance
2022-01-31,MAA,BUY,177.20611572265625,1.4436121138938294,255.81689531329835,23.0,1672.9013718836973,6810.825400809483,CLOSE_D,enter_or_rebalance
2022-01-31,ODFL,BUY,147.83375549316406,1.7304362894652128,255.81689531329835,23.0,1394.084476570399,6785.448934548077,CLOSE_D,enter_or_rebalance
2022-01-31,PANW,BUY,86.23324584960938,2.96656924823916,255.81689531329835,23.0,1115.2675812571006,6755.297973120856,CLOSE_D,enter_or_rebalance
2022-01-31,PFE,BUY,42.51533126831055,6.017050501120648,255.81689531329835,23.0,836.4506859438022,6721.80127192097,CLOSE_D,enter_or_rebalance
2022-01-31,PLD,BUY,139.0646514892578,1.8395537081043143,255.81689531329835,23.0,557.6337906305039,6706.763700146441,CLOSE_D,enter_or_rebalance
2022-01-31,SPG,BUY,117.87960052490234,2.170154073937979,255.81689531329835,23.0,278.81689531720554,6680.908961822842,CLOSE_D,enter_or_rebalance
2022-01-31,STX,BUY,93.9124984741211,2.723992008196782,255.81689531329835,23.0,3.9071892388165e-09,6656.518657198341,CLOSE_D,enter_or_rebalance
2022-04-29,BBWI,SELL,44.50291061401367,17.262379976932756,768.2261530985778,23.0,745.226153102485,6553.2163549024235,OPEN_D,exit
2022-04-29,FIX,SELL,82.3515396118164,2.900068967863329,238.82514448399647,23.0,961.0512975864815,6523.581389526615,OPEN_D,exit
2022-04-29,EXR,SELL,151.0029754638672,1.5218199344180148,229.79933821734747,23.0,1167.850635803829,6459.78428022029,OPEN_D,exit
2022-04-29,IRM,SELL,41.91722869873047,6.499072125979321,272.42309263421964,23.0,1417.2737284380487,6395.005186055943,OPEN_D,exit
2022-04-29,ODFL,SELL,69.22195434570312,1.7304362894652128,119.78418182750887,23.0,1514.0579102655577,6243.928793452714,OPEN_D,exit
2022-04-29,BLDR,SELL,63.31999969482422,3.76256660319176,238.24571616585806,23.0,1729.3036264314158,6218.483119419419,OPEN_D,exit
2022-04-29,STX,SELL,64.70028686523438,2.723992008196782,176.24306434893765,23.0,1882.5466907803534,6174.081352314124,OPEN_D,exit
2022-04-29,AZO,SELL,2006.1700439453125,0.12878742339342136,258.3694708487837,23.0,2117.916161629137,6150.0162935284025,OPEN_D,exit
2022-04-29,PFE,SELL,32.469390869140625,6.017050501120648,195.3699646002448,23.0,2290.286126229382,6077.1535544317,OPEN_D,exit
2022-04-29,BX,SELL,85.05896759033203,3.2114905412123167,273.16606986163634,23.0,2540.4521960910183,6020.438269627484,OPEN_D,exit
2022-04-29,THC,SELL,73.38999938964844,8.845714992793017,649.1870179220836,23.0,3166.639214013102,5990.273262079307,OPEN_D,exit
2022-04-29,SBNY,SELL,245.37850952148438,2.2493065132027916,551.931479666668,23.0,3695.57069367977,5960.320030168453,OPEN_D,exit
2022-04-29,SPG,SELL,81.23453521728516,2.170154073937979,176.2914575462496,23.0,3848.8621512260197,5894.6512996085885,OPEN_D,exit
2022-04-29,IT,SELL,294.67999267578125,1.201735420032736,354.1273847734735,23.0,4179.9895359994935,5866.976531221115,OPEN_D,exit
2022-04-29,ACN,SELL,271.5672607421875,0.7753091855844905,210.54859175743636,23.0,4367.5381277569295,5826.784201458354,OPEN_D,exit
2022-04-29,CPT,SELL,122.1024169921875,1.8444066957593628,225.20651546879242,23.0,4569.744643225722,5768.4526234136665,OPEN_D,exit
2022-04-29,MAA,SELL,152.8260955810547,1.4436121138938294,220.62160289990678,23.0,4767.366246125629,5709.5949779019365,OPEN_D,exit
2022-04-29,PLD,SELL,135.26760864257812,1.8395537081043143,248.83203106485777,23.0,4993.198277190487,5651.749924538025,OPEN_D,exit
2022-04-29,ABBV,BUY,128.03370666503906,1.9754069021323069,252.91866785170131,23.0,4717.279609338785,5628.749924538025,CLOSE_D,enter_or_rebalance
2022-04-29,ADM,BUY,80.22152709960938,3.1527530950346727,252.91866785170131,23.0,4441.360941487083,5621.987801827255,CLOSE_D,enter_or_rebalance
2022-04-29,APA,BUY,35.98625183105469,7.028202576891953,252.91866785170131,23.0,4165.442273635382,5607.318644956983,CLOSE_D,enter_or_rebalance
2022-04-29,BKR,BUY,28.35135269165039,8.920867748443872,252.91866785170131,23.0,3889.5236057836805,5587.5318792054895,CLOSE_D,enter_or_rebalance
2022-04-29,COP,BUY,83.14366912841797,3.0419473966329367,252.91866785170131,23.0,3613.6049379319793,5572.277608842478,CLOSE_D,enter_or_rebalance
2022-04-29,CVX,BUY,134.71556091308594,1.8774272707432524,252.91866785170131,23.0,3337.686270080278,5554.652678277254,CLOSE_D,enter_or_rebalance
2022-04-29,DLTR,BUY,162.4499969482422,1.5569016472944788,252.91866785170131,23.0,3061.767602228577,5539.918102255891,CLOSE_D,enter_or_rebalance
2022-04-29,DVN,BUY,48.473716735839844,5.217645455783705,252.91866785170131,23.0,2785.8489343768756,5524.173269633828,CLOSE_D,enter_or_rebalance
2022-04-29,EOG,BUY,98.36223602294922,2.571298478744343,252.91866785170131,23.0,2509.9302665251744,5508.6517010574025,CLOSE_D,enter_or_rebalance
2022-04-29,EQT,BUY,37.558773040771484,6.733943826576774,252.91866785170131,23.0,2234.011598673473,5487.839478377857,CLOSE_D,enter_or_rebalance
2022-04-29,FANG,BUY,104.79975891113281,2.413351619121272,252.91866785170131,23.0,1958.092930821772,5470.184191796394,CLOSE_D,enter_or_rebalance
2022-04-29,HAL,BUY,32.93492889404297,7.679344584753222,252.91866785170131,23.0,1682.1742629700707,5453.675966244509,CLOSE_D,enter_or_rebalance
2022-04-29,HP,BUY,39.31407928466797,6.4332847787265015,252.91866785170131,23.0,1406.2555951183695,5438.486520333943,CLOSE_D,enter_or_rebalance
2022-04-29,MCK,BUY,303.7933654785156,0.8325351919826169,252.91866785170131,23.0,1130.3369272666682,5422.409791394608,CLOSE_D,enter_or_rebalance
2022-04-29,MUR,BUY,33.482757568359375,7.553698865314041,252.91866785170131,23.0,854.4182594149669,5408.3874923619605,CLOSE_D,enter_or_rebalance
2022-04-29,NUE,BUY,146.22804260253906,1.729618090691106,252.91866785170131,23.0,578.4995915632655,5390.767295568797,CLOSE_D,enter_or_rebalance
2022-04-29,PANW,BUY,93.54657745361328,0.03914900957334508,3.6622558562851735,23.0,551.8373357069804,5363.782229311222,CLOSE_D,enter_or_rebalance
2022-04-29,STLD,BUY,80.95938110351562,3.1240192847857435,252.91866785170131,23.0,275.91866785527907,5354.538357370855,CLOSE_D,enter_or_rebalance
2022-04-29,TRGP,BUY,67.5467300415039,3.7443510247838216,252.91866785170131,23.0,3.5777247830992565e-09,5343.041375248672,CLOSE_D,enter_or_rebalance
2022-07-29,PANW,SELL,13.672471046447754,3.005718257812505,41.09559585372086,23.0,18.095595857298584,4680.383770205849,OPEN_D,exit
2022-07-29,DLTR,SELL,162.16000366210938,1.5569016472944788,252.4671768268168,23.0,247.56277268411537,4655.54663766513,OPEN_D,exit
2022-07-29,TRGP,SELL,58.43785095214844,3.7443510247838216,218.81182709884123,23.0,443.3745997829566,4618.092754812945,OPEN_D,exit
2022-07-29,BKR,SELL,21.42506217956543,8.920867748443872,191.1301462060898,23.0,611.5047459890463,4581.557822905205,OPEN_D,exit
2022-07-29,STLD,SELL,67.42597961425781,3.1240192847857435,210.64006061051182,23.0,799.1448065995581,4549.324481117112,OPEN_D,exit
2022-07-29,ADM,SELL,64.64191436767578,3.1527530950346727,203.79999559165609,23.0,979.9448021912142,4505.006114649935,OPEN_D,exit
2022-07-29,APA,SELL,28.44114112854004,7.028202576891953,199.8901013693528,23.0,1156.834903560567,4461.000718438551,OPEN_D,exit
2022-07-29,DVN,SELL,44.27063751220703,5.217645455783705,230.98849064021465,23.0,1364.8233942007816,4402.1520762874525,OPEN_D,exit
2022-07-29,EQT,SELL,39.15724182128906,6.733943826576774,263.6826668282434,23.0,1605.506061029025,4369.894419115379,OPEN_D,exit
2022-07-29,FANG,SELL,91.42485809326172,2.413351619121272,220.6403293073057,23.0,1803.1463903363306,4313.907773507415,OPEN_D,exit
2022-07-29,HP,SELL,33.743377685546875,6.4332847787265015,217.0807580472482,23.0,1997.2271483835789,4263.038950921331,OPEN_D,exit
2022-07-29,MUR,SELL,26.901296615600586,7.553698865314041,203.20429372073858,23.0,2177.4314421043173,4220.233298531274,OPEN_D,exit
2022-07-29,NUE,SELL,118.9332046508789,1.729618090691106,205.70902234802776,23.0,2360.140464452345,4188.870504274724,OPEN_D,exit
2022-07-29,CTRA,BUY,26.078102111816406,6.005823816794247,156.62048675993933,23.0,2180.5199776924055,4165.870504274723,CLOSE_D,enter_or_rebalance
2022-07-29,DINO,BUY,41.58805847167969,3.7659965989177766,156.62048675993933,23.0,2000.8994909324663,4138.928105606167,CLOSE_D,enter_or_rebalance
2022-07-29,EXC,BUY,40.90328598022461,3.829044122168086,156.62048675993933,23.0,1821.279004172527,4112.358134945635,CLOSE_D,enter_or_rebalance
2022-07-29,HAL,BUY,27.170167922973633,0.07633874692149412,2.0741365728863816,23.0,1796.2048675996407,4093.316924764811,CLOSE_D,enter_or_rebalance
2022-07-29,HRB,BUY,36.058738708496094,4.343482117499486,156.62048675993933,23.0,1616.5843808397015,4065.570258046485,CLOSE_D,enter_or_rebalance
2022-07-29,LLY,BUY,320.0112609863281,0.48942179808675745,156.62048675993933,23.0,1436.9638940797622,4041.237657505316,CLOSE_D,enter_or_rebalance
2022-07-29,MPC,BUY,84.81204223632812,1.8466774603011857,156.62048675993933,23.0,1257.343407319823,4018.7649569181476,CLOSE_D,enter_or_rebalance
2022-07-29,NOC,BUY,452.37054443359375,0.3462216731110144,156.62048675993933,23.0,1077.7229205598837,3992.2279197955654,CLOSE_D,enter_or_rebalance
2022-07-29,OXY,BUY,62.30936050415039,2.5135948353940645,156.62048675993933,23.0,898.1024337999444,3961.235015059744,CLOSE_D,enter_or_rebalance
2022-07-29,UNM,BUY,29.21782112121582,5.36044375486347,156.62048675993933,23.0,718.481947040005,3930.826802583416,CLOSE_D,enter_or_rebalance
2022-07-29,VLO,BUY,99.4405288696289,1.5750166309480913,156.62048675993933,23.0,538.8614602800657,3906.0265806182106,CLOSE_D,enter_or_rebalance
2022-07-29,VRTX,BUY,280.4100036621094,0.5585410103580509,156.62048675993933,23.0,359.2409735201263,3881.24504973693,CLOSE_D,enter_or_rebalance
2022-07-29,WRB,BUY,38.40431594848633,4.078200142140857,156.62048675993933,23.0,179.620486760187,3858.474053596615,CLOSE_D,enter_or_rebalance
2022-07-29,XOM,BUY,85.89649963378906,1.8233628544547769,156.62048675993933,23.0,2.476667759765405e-10,3833.645596645069,CLOSE_D,enter_or_rebalance
2022-10-31,ABBV,SELL,114.67813110351562,1.9754069021323069,226.53597170551834,23.0,203.535971705766,4447.868528592283,OPEN_D,exit
2022-10-31,HAL,SELL,30.88484764099121,7.7556833316747165,239.53309805054872,23.0,420.0690697563147,4404.814132785268,OPEN_D,exit
2022-10-31,CVX,SELL,136.2709197998047,1.8774272707432524,255.83874104141995,23.0,652.9078107977347,4342.051955777616,OPEN_D,exit
2022-10-31,EOG,SELL,101.74662017822266,2.571298478744343,261.6209296816424,23.0,891.5287404793771,4279.43924219355,OPEN_D,exit
2022-10-31,CTRA,SELL,22.969589233398438,6.005823816794247,137.95130607992505,23.0,1006.4800465593022,4236.786094212374,OPEN_D,exit
2022-10-31,EXC,SELL,30.40511703491211,3.829044122168086,116.42253466636295,23.0,1099.9025812256652,4198.658285006567,OPEN_D,exit
2022-10-31,NOC,SELL,489.5311279296875,0.3462216731110144,169.48628615173845,23.0,1246.3888673774036,4165.26016030344,OPEN_D,exit
2022-10-31,WRB,SELL,27.56523895263672,4.078200142140857,112.41656141478975,23.0,1335.8054287921934,4070.870235690748,OPEN_D,exit
2022-10-31,ALB,BUY,267.23486328125,0.40639951590029877,108.60411906918253,23.0,1204.2013097230108,4047.870235690748,CLOSE_D,enter_or_rebalance
2022-10-31,CAH,BUY,71.47408294677734,1.5194895071274128,108.60411906918253,23.0,1072.5971906538282,4024.98277442388,CLOSE_D,enter_or_rebalance
2022-10-31,CI,BUY,304.7989501953125,0.3563139538360941,108.60411906918253,23.0,940.9930715846457,4003.757061751115,CLOSE_D,enter_or_rebalance
2022-10-31,DINO,BUY,53.62090301513672,0.011437525096580364,0.6132904239369279,23.0,917.3797811607087,3980.23914520786,CLOSE_D,enter_or_rebalance
2022-10-31,ERIE,BUY,243.7591094970703,0.4455387094794413,108.60411906918253,23.0,785.7756620915262,3958.33186670632,CLOSE_D,enter_or_rebalance
2022-10-31,FSLR,BUY,145.57000732421875,0.7460610950392792,108.60411906918253,23.0,654.1715430223437,3932.0780934863496,CLOSE_D,enter_or_rebalance
2022-10-31,GIS,BUY,72.05799102783203,1.5071766159458253,108.60411906918253,23.0,522.5674239531612,3899.45389852995,CLOSE_D,enter_or_rebalance
2022-10-31,GPC,BUY,162.41094970703125,0.668699488951272,108.60411906918253,23.0,390.9633048839787,3876.4405828674035,CLOSE_D,enter_or_rebalance
2022-10-31,HRB,BUY,37.37663650512695,0.5828736965734768,21.785858285226503,23.0,346.1774465987522,3852.078606367207,CLOSE_D,enter_or_rebalance
2022-10-31,HUBB,BUY,226.8084716796875,0.4788362545053422,108.60411906918253,23.0,214.5733275295697,3831.3159165430375,CLOSE_D,enter_or_rebalance
2022-10-31,LLY,BUY,352.6074523925781,0.046271318498705354,16.315611734674068,23.0,175.25771579489563,3809.172188379406,CLOSE_D,enter_or_rebalance
2022-10-31,MPC,BUY,105.77183532714844,0.03921642267480435,4.147993001279256,23.0,148.10972279361638,3785.115694322094,CLOSE_D,enter_or_rebalance
2022-10-31,OXY,BUY,68.93961334228516,0.23113840530329335,15.934592290161437,23.0,109.17513050345495,3763.8419220754627,CLOSE_D,enter_or_rebalance
2022-10-31,VLO,BUY,113.69496154785156,0.1129408011146896,12.840800039918184,23.0,73.33433046353676,3738.247797620728,CLOSE_D,enter_or_rebalance
2022-10-31,VRTX,BUY,312.0,0.04939516639445456,15.411291915069821,23.0,34.923038548466934,3714.8494319282922,CLOSE_D,enter_or_rebalance
2022-10-31,XOM,BUY,99.15065002441406,0.12025174362515564,11.923038547003372,23.0,1.4635617162639392e-09,3693.177908013038,CLOSE_D,enter_or_rebalance
2023-01-31,CI,SELL,280.75653076171875,0.3563139538360941,100.03746954101298,23.0,77.03746954247654,3536.315927125887,OPEN_D,exit
2023-01-31,ALB,SELL,249.10720825195312,0.40639951590029877,101.23704884086867,23.0,155.2745183833452,3508.842109408186,OPEN_D,exit
2023-01-31,FSLR,SELL,171.17999267578125,0.7460610950392792,127.71073278450915,23.0,259.98525116785436,3486.1405292926065,OPEN_D,exit
2023-01-31,VRTX,SELL,319.9800109863281,0.6079361767525054,194.527424516253,23.0,431.51267568410736,3463.1405292926065,OPEN_D,exit
2023-01-31,DINO,SELL,43.727210998535156,3.777434124014357,165.1766589738426,23.0,573.68933465795,3419.008489793934,OPEN_D,exit
2023-01-31,LLY,SELL,324.87481689453125,0.5356931165854628,174.033203162363,23.0,724.7225378203129,3391.9195465891576,OPEN_D,exit
2023-01-31,ERIE,SELL,218.08932495117188,0.4455387094794413,97.16723638998764,23.0,798.8897742103006,3364.013059709073,OPEN_D,exit
2023-01-31,CF,SELL,71.90853118896484,4.0463950201508165,290.970322509387,23.0,1066.8600967196876,3319.9049501885193,OPEN_D,exit
2023-01-31,MCK,SELL,367.13507080078125,0.8325351919826169,305.6528666526801,23.0,1349.5129633723677,3291.8737119705156,OPEN_D,exit
2023-01-31,HRB,SELL,32.235652923583984,4.926355814072963,158.80429620053607,23.0,1485.3172595729038,3255.2544459176906,OPEN_D,exit
2023-01-31,GIS,SELL,61.9580078125,1.5071766159458253,93.38166054558876,23.0,1555.6989201184927,3220.8601253877005,OPEN_D,exit
2023-01-31,GPC,SELL,140.74440002441406,0.668699488951272,94.11570836907907,23.0,1626.8146284875718,3189.742042575163,OPEN_D,exit
2023-01-31,HUBB,SELL,208.3948211669922,0.4788362545053422,99.78699562591314,23.0,1703.6016241134848,3160.921927308934,OPEN_D,exit
2023-01-31,ACGL,BUY,61.1903190612793,1.6977788478505003,103.88762939546326,23.0,1576.7139947180215,3137.9219273089343,CLOSE_D,enter_or_rebalance
2023-01-31,APA,BUY,39.56905746459961,2.625476472074326,103.88762939546326,23.0,1449.826365322558,3114.3407445221083,CLOSE_D,enter_or_rebalance
2023-01-31,AXON,BUY,195.44000244140625,0.5315576550231021,103.88762939546326,23.0,1322.9387359270947,3090.942342008289,CLOSE_D,enter_or_rebalance
2023-01-31,CAH,BUY,73.2123031616211,0.42427898906329325,31.062441972407946,23.0,1268.8762939546868,3065.841143051247,CLOSE_D,enter_or_rebalance
2023-01-31,DE,BUY,405.474365234375,0.25621257051703733,103.88762939546326,23.0,1141.9886645592235,3042.822724468542,CLOSE_D,enter_or_rebalance
2023-01-31,FLR,BUY,36.75,2.8268742692643065,103.88762939546326,23.0,1015.1010351637602,3019.272385058879,CLOSE_D,enter_or_rebalance
2023-01-31,GNW,BUY,5.519999980926514,18.820222781599732,103.88762939546326,23.0,888.213405768297,2994.7458703653956,CLOSE_D,enter_or_rebalance
2023-01-31,HAL,BUY,38.50479507446289,2.6980439499693247,103.88762939546326,23.0,761.3257763728337,2968.7346375920783,CLOSE_D,enter_or_rebalance
2023-01-31,MUR,BUY,39.03953170776367,2.661088001083872,103.88762939546326,23.0,634.4381469773705,2943.516756622753,CLOSE_D,enter_or_rebalance
2023-01-31,PCG,BUY,15.717759132385254,6.609570010613705,103.88762939546326,23.0,507.55051758190723,2919.2780103318423,CLOSE_D,enter_or_rebalance
2023-01-31,ROST,BUY,114.39506530761719,0.9081478219021195,103.88762939546326,23.0,380.662888186444,2895.9513252036877,CLOSE_D,enter_or_rebalance
2023-01-31,SLB,BUY,52.85358428955078,1.9655739680081068,103.88762939546326,23.0,253.77525879098073,2873.6589103195915,CLOSE_D,enter_or_rebalance
2023-01-31,STLD,BUY,115.40917205810547,0.9001678769791243,103.88762939546326,23.0,126.88762939551746,2849.492038227828,CLOSE_D,enter_or_rebalance
2023-01-31,TPL,BUY,214.3135528564453,0.4847459622166351,103.88762939546326,23.0,5.420019988378044e-11,2825.1572731567635,CLOSE_D,enter_or_rebalance
2023-04-28,TPL,SELL,16.90648651123047,0.4847459622166351,8.195351071588975,8.195351071643175,0.0,2544.4455627146963,OPEN_D,exit
2023-04-28,COP,SELL,84.48475646972656,3.0419473966329367,256.9981849982524,23.0,233.99818499825238,2496.205466498814,OPEN_D,exit
2023-04-28,DE,SELL,344.04925537109375,0.25621257051703733,88.14974410310055,23.0,299.14792910135293,2469.7094957028676,OPEN_D,exit
2023-04-28,HAL,SELL,27.962553024291992,2.6980439499693247,75.44419701288746,23.0,351.5921261142404,2441.1548509941845,OPEN_D,exit
2023-04-28,STLD,SELL,95.34170532226562,0.9001678769791243,85.82354046751313,23.0,414.4156665817535,2413.7543217595207,OPEN_D,exit
2023-04-28,APA,SELL,28.700788497924805,2.625476472074326,75.35324493128302,23.0,466.7689115130365,2381.996041564231,OPEN_D,exit
2023-04-28,MUR,SELL,29.119441986083984,2.661088001083872,77.489397667426,23.0,521.2583091804626,2350.457890200157,OPEN_D,exit
2023-04-28,OXY,SELL,55.277278900146484,2.7447332406973577,151.72138485253072,23.0,649.9796940329933,2320.5043160986006,OPEN_D,exit
2023-04-28,UNM,SELL,35.42450714111328,5.36044375486347,189.89107807369706,23.0,816.8707721066903,2281.7863541482952,OPEN_D,exit
2023-04-28,VLO,SELL,96.6147689819336,1.6879574320627808,163.08161735008343,23.0,956.9523894567737,2244.1150766155233,OPEN_D,exit
2023-04-28,XOM,SELL,96.86537170410156,1.9436145980799324,188.26895049253062,23.0,1122.2213399493044,2202.9922554799095,OPEN_D,exit
2023-04-28,CAH,SELL,74.33043670654297,1.943768496190706,144.48116117827547,23.0,1243.7025011275798,2172.2666388005573,OPEN_D,exit
2023-04-28,FLR,SELL,28.780000686645508,2.8268742692643065,81.35744341048726,23.0,1302.0599445380672,2148.475117455938,OPEN_D,exit
2023-04-28,GNW,SELL,5.510000228881836,18.820222781599732,103.69943183422167,23.0,1382.759376372289,2124.722309262608,OPEN_D,exit
2023-04-28,PCG,SELL,16.583219528198242,6.609570010613705,109.60795047300266,23.0,1469.3673268452915,2099.928746325043,OPEN_D,exit
2023-04-28,ROST,SELL,99.36885833740234,0.9081478219021195,90.2416122640122,23.0,1536.6089391093037,2074.093812187676,OPEN_D,exit
2023-04-28,SLB,SELL,41.630462646484375,1.9655739680081068,81.82775365406357,23.0,1595.4366927633673,2045.0657615938876,OPEN_D,exit
2023-04-28,ATI,BUY,38.619998931884766,1.834521470243525,70.84921722132461,23.0,1501.5874755420427,2022.0657615938876,CLOSE_D,enter_or_rebalance
2023-04-28,BA,BUY,206.77999877929688,0.3426309006653217,70.84921722132461,23.0,1407.7382583207182,1998.5887890908075,CLOSE_D,enter_or_rebalance
2023-04-28,BLDR,BUY,94.7699966430664,0.7475912180113821,70.84921722132461,23.0,1313.8890410993936,1975.3352403421875,CLOSE_D,enter_or_rebalance
2023-04-28,BWA,BUY,40.77066421508789,1.737749889174129,70.84921722132461,23.0,1220.039823878069,1950.3391731589777,CLOSE_D,enter_or_rebalance
2023-04-28,COTY,BUY,11.869999885559082,5.968763092198428,70.84921722132461,23.0,1126.1906066567444,1926.6178727842178,CLOSE_D,enter_or_rebalance
2023-04-28,DECK,BUY,79.8901596069336,0.8868328411147106,70.84921722132461,23.0,1032.3413894354198,1902.8419328991613,CLOSE_D,enter_or_rebalance
2023-04-28,DHI,BUY,106.92475891113281,0.6626081549569706,70.84921722132461,23.0,938.4921722140953,1879.2521882479004,CLOSE_D,enter_or_rebalance
2023-04-28,EME,BUY,169.78598022460938,0.41728543857153805,70.84921722132461,23.0,844.6429549927707,1855.297378753491,CLOSE_D,enter_or_rebalance
2023-04-28,FICO,BUY,727.9500122070312,0.09732703624321785,70.84921722132461,23.0,750.7937377714461,1832.4796864420468,CLOSE_D,enter_or_rebalance
2023-04-28,GE,BUY,77.80743408203125,0.9105713105335064,70.84921722132461,23.0,656.9445205501215,1810.1346954950452,CLOSE_D,enter_or_rebalance
2023-04-28,GILD,BUY,74.68128967285156,0.9486876503028575,70.84921722132461,23.0,563.095303328797,1786.4832582516979,CLOSE_D,enter_or_rebalance
2023-04-28,JBL,BUY,77.62403869628906,0.912722636070618,70.84921722132461,23.0,469.24608610747237,1764.6380888842416,CLOSE_D,enter_or_rebalance
2023-04-28,LVS,BUY,60.96563720703125,1.1621172264751376,70.84921722132461,23.0,375.3968688861478,1741.3661076775793,CLOSE_D,enter_or_rebalance
2023-04-28,MKTX,BUY,306.8479309082031,0.23089357979904357,70.84921722132461,23.0,281.5476516648232,1716.5574324099905,CLOSE_D,enter_or_rebalance
2023-04-28,OI,BUY,22.469999313354492,3.153058272646102,70.84921722132461,23.0,187.6984344434986,1692.3980109530546,CLOSE_D,enter_or_rebalance
2023-04-28,PHM,BUY,65.75920867919922,1.0774037377328636,70.84921722132461,23.0,93.84921722217399,1669.965562404368,CLOSE_D,enter_or_rebalance
2023-04-28,WYNN,BUY,111.078857421875,0.6378281057775097,70.84921722132461,23.0,8.493827863276238e-10,1646.0370792867257,CLOSE_D,enter_or_rebalance
2023-07-31,MKTX,SELL,252.95433044433594,0.23089357979904357,58.40553088196292,23.0,35.4055308828123,1791.1899077939331,OPEN_D,exit
2023-07-31,COTY,SELL,12.0,5.968763092198428,71.62515710638112,23.0,84.03068798919342,1768.30928578806,OPEN_D,exit
2023-07-31,EME,SELL,210.08648681640625,0.41728543857153805,87.66603178913773,23.0,148.69671977833116,1745.1306265454928,OPEN_D,exit
2023-07-31,WYNN,SELL,103.44754028320312,0.6378281057775097,65.98174866617808,23.0,191.67846844450924,1720.3954413446436,OPEN_D,exit
2023-07-31,BA,SELL,238.99000549316406,0.3426309006653217,81.88536083213299,23.0,250.56382927664222,1697.4982316604694,OPEN_D,exit
2023-07-31,ACGL,SELL,69.85005950927734,1.6977788478505003,118.58995355594976,23.0,346.153782832592,1668.3745985826706,OPEN_D,exit
2023-07-31,AXON,SELL,183.14999389648438,0.5315576550231021,97.3547812731107,23.0,420.5085641057027,1645.6456900667986,OPEN_D,exit
2023-07-31,MPC,SELL,118.82621765136719,1.8858938829759901,224.09363700588702,23.0,621.6022011115897,1610.8809392289113,OPEN_D,exit
2023-07-31,BWA,SELL,43.133323669433594,1.737749889174129,74.95492842627006,23.0,673.5571295378597,1585.220135661919,OPEN_D,exit
2023-07-31,GILD,SELL,64.49761199951172,0.9486876503028575,61.18808797796216,23.0,711.7452175158219,1556.5303114162357,OPEN_D,exit
2023-07-31,LVS,SELL,53.990440368652344,1.1621172264751376,62.74322081738957,23.0,751.4884383332114,1530.5618507461354,OPEN_D,exit
2023-07-31,OI,SELL,23.25,3.153058272646102,73.30860483902187,23.0,801.7970431722333,1507.6249133549436,OPEN_D,exit
2023-07-31,AVGO,BUY,87.00051879882812,0.5036340112598229,43.816420264339435,23.0,734.9806229078939,1484.6249133549438,CLOSE_D,enter_or_rebalance
2023-07-31,CMG,BUY,39.24559783935547,1.1164671371218187,43.816420264339435,23.0,668.1642026435545,1461.6804939974372,CLOSE_D,enter_or_rebalance
2023-07-31,FIX,BUY,172.33578491210938,0.2542502724357895,43.816420264339435,23.0,601.3477823792151,1437.5693889213414,CLOSE_D,enter_or_rebalance
2023-07-31,HUBB,BUY,301.81390380859375,0.14517694417460372,43.816420264339435,23.0,534.5313621148757,1414.5215346563498,CLOSE_D,enter_or_rebalance
2023-07-31,LEN,BUY,117.91474151611328,0.37159408315670045,43.816420264339435,23.0,467.7149418505363,1391.2378530237966,CLOSE_D,enter_or_rebalance
2023-07-31,META,BUY,316.38995361328125,0.13848865858078285,43.816420264339435,23.0,400.8985215861969,1368.5660511823403,CLOSE_D,enter_or_rebalance
2023-07-31,ON,BUY,107.75,0.40664891196602726,43.816420264339435,23.0,334.0821013218575,1346.5122438362428,CLOSE_D,enter_or_rebalance
2023-07-31,ORCL,BUY,113.9538345336914,0.3845102750920132,43.816420264339435,23.0,267.2656810575181,1322.4305562412203,CLOSE_D,enter_or_rebalance
2023-07-31,PANW,BUY,124.9800033569336,0.35058744669099584,43.816420264339435,23.0,200.4492607931787,1298.967085710968,CLOSE_D,enter_or_rebalance
2023-07-31,RCL,BUY,107.22579956054688,0.40863691801708363,43.816420264339435,23.0,133.63284052883927,1275.7006385025472,CLOSE_D,enter_or_rebalance
2023-07-31,THC,BUY,74.7300033569336,0.5863296975253522,43.816420264339435,23.0,66.81642026449984,1252.4837839637707,CLOSE_D,enter_or_rebalance
2023-07-31,TKO,BUY,99.87049102783203,0.43873240046580547,43.816420264339435,23.0,1.6041212802520022e-10,1229.2668403652838,CLOSE_D,enter_or_rebalance
2023-10-31,PANW,SELL,60.627498626708984,0.35058744669099584,21.25523994279976,21.255239942960173,0.0,1062.577471880783,OPEN_D,exit
2023-10-31,FIX,SELL,177.35467529296875,0.2542502724357895,45.092474510998294,23.0,22.092474510998294,1039.4063293557856,OPEN_D,exit
2023-10-31,BLDR,SELL,108.33999633789062,0.7475912180113821,80.99402982159232,23.0,80.08650433259061,1017.2212010456573,OPEN_D,exit
2023-10-31,DHI,SELL,98.05216979980469,0.6626081549569706,64.97016732057618,23.0,122.05667165316679,993.0166597789788,OPEN_D,exit
2023-10-31,ON,SELL,64.18000030517578,0.40664891196602726,26.09872729407903,23.0,125.15539894724581,969.5449486543904,OPEN_D,exit
2023-10-31,TKO,SELL,80.76983642578125,0.43873240046580547,35.43634422031346,23.0,137.5917431675593,946.0590365879048,OPEN_D,exit
2023-10-31,DECK,SELL,16.305620193481445,0.8868328411147106,14.460359482322547,23.0,129.05210264988185,851.118059680804,OPEN_D,exit
2023-10-31,CMG,SELL,0.7632959485054016,1.1164671371218187,0.8521948424045088,23.0,106.90429749228636,786.3368395051341,OPEN_D,exit
2023-10-31,JBL,SELL,119.255126953125,0.912722636070618,108.84685383759246,23.0,192.75115132987884,762.8201532039118,OPEN_D,exit
2023-10-31,THC,SELL,52.56999969482422,0.5863296975253522,30.823352019974145,23.0,200.574503349853,739.421448830661,OPEN_D,exit
2023-10-31,LEN,SELL,91.28398895263672,0.37159408315670045,33.92059018174142,23.0,211.49509353159442,714.1129823928756,OPEN_D,exit
2023-10-31,HUBB,SELL,249.87313842773438,0.14517694417460372,36.27581866825622,23.0,224.77091219985064,687.4621198470779,OPEN_D,exit
2023-10-31,ATI,SELL,37.849998474121094,1.834521470243525,69.43663484945981,23.0,271.20754704931045,664.7923342715733,OPEN_D,exit
2023-10-31,ORCL,SELL,97.08998107910156,0.3845102750920132,37.3320953334037,23.0,285.53964238271413,640.9922324350382,OPEN_D,exit
2024-01-31,GE,SELL,83.02444458007812,0.9105713105335064,75.59967730759821,23.0,338.13931969031233,731.9618792814365,OPEN_D,exit
2024-04-30,FICO,SELL,1143.0,0.09732703624321785,111.244802425998,23.0,426.3841221163103,731.5523397881163,OPEN_D,exit
2024-04-30,META,SELL,425.9930114746094,0.13848865858078285,58.99520072390669,23.0,462.379322840217,707.9870543403882,OPEN_D,exit
2024-04-30,BLDR,BUY,182.82000732421875,0.02296676254370909,4.1987836964544885,23.0,435.18053914376253,684.9870543403882,CLOSE_D,enter_or_rebalance
2024-04-30,CMG,BUY,63.19200134277344,0.06644486022335257,4.1987836964544885,23.0,407.98175544730805,662.0936201045732,CLOSE_D,enter_or_rebalance
2024-04-30,DHI,BUY,139.94998168945312,0.03000203105257652,4.1987836964544885,23.0,380.78297175085356,639.1598921002844,CLOSE_D,enter_or_rebalance
2024-04-30,EME,BUY,355.8204650878906,0.011800287247158068,4.1987836964544885,23.0,353.5841880543991,616.262437647064,CLOSE_D,enter_or_rebalance
2024-04-30,ETN,BUY,311.3666687011719,0.013485013389420271,4.1987836964544885,23.0,326.3854043579446,593.3386144647685,CLOSE_D,enter_or_rebalance
2024-04-30,GE,BUY,160.13278198242188,0.026220637926064373,4.1987836964544885,23.0,299.1866206614901,570.4474559058463,CLOSE_D,enter_or_rebalance
2024-04-30,KKR,BUY,92.1263656616211,0.04557635228851385,4.1987836964544885,23.0,271.9878369650356,547.516734787388,CLOSE_D,enter_or_rebalance
2024-04-30,KLAC,BUY,678.9312744140625,0.00618440165402332,4.1987836964544885,23.0,244.78905326858114,524.6164372306589,CLOSE_D,enter_or_rebalance
2024-04-30,LLY,BUY,771.6397705078125,0.005441378032772065,4.1987836964544885,23.0,217.59026957212666,501.76653089226147,CLOSE_D,enter_or_rebalance
2024-04-30,LRCX,BUY,87.92566680908203,0.04775378849922793,4.1987836964544885,23.0,190.39148587567217,478.53054765277943,CLOSE_D,enter_or_rebalance
2024-04-30,MAC,BUY,12.84443187713623,0.32689524430648786,4.1987836964544885,23.0,163.1927021792177,455.6920376658905,CLOSE_D,enter_or_rebalance
2024-04-30,NRG,BUY,70.76266479492188,0.05933614440076605,4.1987836964544885,23.0,135.9939184827632,433.3786119526176,CLOSE_D,enter_or_rebalance
2024-04-30,PCAR,BUY,99.65789031982422,0.04213197452785387,4.1987836964544885,23.0,108.79513478630872,410.42902404447796,CLOSE_D,enter_or_rebalance
2024-04-30,SLM,BUY,20.514801025390625,0.20467094422498983,4.1987836964544885,23.0,81.59635108985424,387.72698677369846,CLOSE_D,enter_or_rebalance
2024-04-30,THC,BUY,112.29000091552734,0.037392320440117525,4.1987836964544885,23.0,54.397567393399754,364.81417242356923,CLOSE_D,enter_or_rebalance
2024-04-30,URI,BUY,657.7157592773438,0.006383887929138029,4.1987836964544885,23.0,27.198783696945267,341.32283735580853,CLOSE_D,enter_or_rebalance
2024-04-30,WDC,BUY,53.316349029541016,0.07875227341857309,4.1987836964544885,23.0,4.907789730168588e-10,318.603808301218,CLOSE_D,enter_or_rebalance
2024-07-31,AVGO,SELL,147.00653076171875,0.5036340112598229,74.03748876891495,23.0,51.03748876940573,331.1077855311133,OPEN_D,exit
2024-07-31,RCL,SELL,153.8263397216797,0.40863691801708363,62.85912137371608,23.0,90.89661014312182,307.94290537328976,OPEN_D,exit
2024-07-31,SLM,SELL,21.624862670898438,0.20467094422498983,4.4259810615885185,23.0,72.32259120471033,284.8272248003389,OPEN_D,exit
2024-07-31,URI,SELL,725.0740966796875,0.006383887929138029,4.628791773524117,23.0,53.95138297823445,261.81187564889893,OPEN_D,exit
2024-07-31,BLDR,SELL,169.64999389648438,0.02296676254370909,3.896311125362253,23.0,34.8476941035967,238.85826825691683,OPEN_D,exit
2024-07-31,DHI,SELL,175.69082641601562,0.03000203105257652,5.271081629786132,23.0,17.118775733382833,215.80106727153492,OPEN_D,exit
2024-07-31,PHM,SELL,131.1696319580078,1.0774037377328636,141.3226517486017,23.0,135.44142748198453,192.24326226632746,OPEN_D,exit
2024-07-31,CMG,SELL,53.5,0.06644486022335257,3.5548000219493625,23.0,115.9962275039339,169.30505600661257,OPEN_D,exit
2024-07-31,MAC,SELL,14.873282432556152,0.32689524430648786,4.862005294429838,23.0,97.85823279836373,146.00741740283303,OPEN_D,exit
2024-07-31,ETN,SELL,294.82525634765625,0.013485013389420271,3.9757225293874083,23.0,78.83395532775114,123.182269070891,OPEN_D,exit
2024-07-31,PCAR,SELL,86.84315490722656,0.04213197452785387,3.658873590469737,23.0,59.49282891822088,99.99005158035135,OPEN_D,exit
2024-10-31,KLAC,SELL,662.5313110351562,0.00618440165402332,4.097359735808059,23.0,40.590188654028935,79.7577691605267,OPEN_D,exit
2024-10-31,WDC,SELL,37.68540954589844,0.07875227341857309,2.967811676449498,23.0,20.558000330478432,55.75265325560004,OPEN_D,exit
2024-10-31,LRCX,SELL,74.26824188232422,0.04775378849922793,3.546589915058012,23.0,1.1045902455364427,32.692671739976696,OPEN_D,exit
2024-10-31,LLY,SELL,821.4462280273438,0.005441378032772065,4.469799460291461,5.574389705827904,0.0,27.021837062517633,OPEN_D,exit
2024-10-31,THC,SELL,156.8300018310547,0.037392320440117525,5.864237683091015,5.864237683091015,0.0,21.110858978876472,OPEN_D,exit
2025-01-31,EME,SELL,451.79510498046875,0.011800287247158068,5.331312015629466,5.331312015629466,0.0,19.049447517917407,OPEN_D,exit
2025-01-31,NRG,SELL,101.47537231445312,0.05933614440076605,6.021157344771888,6.021157344771888,0.0,12.92198742787431,OPEN_D,exit
2025-01-31,GE,SELL,203.5139617919922,0.026220637926064373,5.336265905046726,5.336265905046726,0.0,7.562352363272172,OPEN_D,exit
2025-04-30,KKR,SELL,109.29192352294922,0.04557635228851385,4.981127208771247,4.981127208771247,0.0,0.0,OPEN_D,exit
